ISO-10303-21;
HEADER;
FILE_DESCRIPTION (( 'STEP AP203' ),
    '1' );
FILE_NAME ('DIFFERENTIAL_STEP.STEP',
    '2026-09-02T14:00:25',
    ( '' ),
    ( '' ),
    'SwSTEP 2.0',
    'SolidWorks 2023',
    '' );
FILE_SCHEMA (( 'CONFIG_CONTROL_DESIGN' ));
ENDSEC;

DATA;
#1 = DIRECTION ( 'NONE',  ( -0.9184126158110055282, 0.2825884971726180250, 0.2768790501011365035 ) ) ;
#2 = CARTESIAN_POINT ( 'NONE',  ( -12.56324435689486663, -2.432117567786171275, -0.5917277491073874574 ) ) ;
#3 = ADVANCED_FACE ( 'NONE', ( #2004 ), #2846, .F. ) ;
#4 = CARTESIAN_POINT ( 'NONE',  ( 0.000000000000000000, 0.000000000000000000, -2.500000000000000000 ) ) ;
#5 = CARTESIAN_POINT ( 'NONE',  ( 19.13886132976260157, 0.7200443538324881043, -2.400803242296805529 ) ) ;
#6 = APPROVAL_DATE_TIME ( #2179, #2694 ) ;
#7 = CARTESIAN_POINT ( 'NONE',  ( 12.50000000000000000, -2.500000000000000000, 2.500000000000000000 ) ) ;
#8 = CARTESIAN_POINT ( 'NONE',  ( 1.787818409403268305, 4.590223788391567084, 5.006603331140932589 ) ) ;
#9 = CARTESIAN_POINT ( 'NONE',  ( -1.371320881497102739, 2.423747998561862182, 6.828726532690322593 ) ) ;
#10 = CARTESIAN_POINT ( 'NONE',  ( -1.763903802731490167, 5.091226707429203024, 3.894659043002625332 ) ) ;
#11 = CARTESIAN_POINT ( 'NONE',  ( -15.83196111628430636, -1.497694811084300692, -2.299999999999999822 ) ) ;
#12 = ORIENTED_EDGE ( 'NONE', *, *, #2584, .T. ) ;
#13 = ORIENTED_EDGE ( 'NONE', *, *, #3803, .T. ) ;
#14 = CARTESIAN_POINT ( 'NONE',  ( 12.68274252029294935, 2.450413295900266686, -0.4994485159979644151 ) ) ;
#15 = FACE_BOUND ( 'NONE', #2336, .T. ) ;
#16 = CARTESIAN_POINT ( 'NONE',  ( -12.67864366756350769, 2.404435234148915690, 0.9240454640143641596 ) ) ;
#17 = CARTESIAN_POINT ( 'NONE',  ( 6.023804989942298072, -3.252962502005867229, -2.250000000000000888 ) ) ;
#18 = VERTEX_POINT ( 'NONE', #3508 ) ;
#19 = EDGE_CURVE ( 'NONE', #4453, #4112, #1647, .T. ) ;
#20 = CARTESIAN_POINT ( 'NONE',  ( 13.82310207765999266, 2.242256164730517920, -1.116422992684436011 ) ) ;
#21 = ORIENTED_EDGE ( 'NONE', *, *, #491, .F. ) ;
#22 = EDGE_CURVE ( 'NONE', #3679, #330, #2820, .T. ) ;
#23 = DIRECTION ( 'NONE',  ( 1.000000000000000000, -0.000000000000000000, -0.000000000000000000 ) ) ;
#24 = CARTESIAN_POINT ( 'NONE',  ( -14.01569931280400105, -2.033630980675691813, -1.477436771399729842 ) ) ;
#25 = CARTESIAN_POINT ( 'NONE',  ( 15.49539881648034445, 1.327776441549369357, -2.500000000000000444 ) ) ;
#26 = AXIS2_PLACEMENT_3D ( 'NONE', #4659, #3224, #3246 ) ;
#27 = CARTESIAN_POINT ( 'NONE',  ( -8.019790094150197390, -2.942922079885914588, -2.500000000000000000 ) ) ;
#28 = TOROIDAL_SURFACE ( 'NONE', #2662, 1.800000000000000044, 0.1000000000000000056 ) ;
#29 = DATE_AND_TIME ( #3983, #3542 ) ;
#30 = LINE ( 'NONE', #3958, #4134 ) ;
#31 = CARTESIAN_POINT ( 'NONE',  ( 1.208636894065860057, 5.331856075915326620, 4.129446507247482856 ) ) ;
#32 = DIRECTION ( 'NONE',  ( -0.2940858488375239777, -0.9557790087219497632, 1.734723475976806306E-15 ) ) ;
#33 = AXIS2_PLACEMENT_3D ( 'NONE', #4191, #2778, #1343 ) ;
#34 = DIRECTION ( 'NONE',  ( -0.9557790087219508735, -0.2940858488375203694, -2.550788129655068322E-16 ) ) ;
#35 = DIRECTION ( 'NONE',  ( -0.9557790087219500963, 0.2940858488375230895, 0.000000000000000000 ) ) ;
#36 = VECTOR ( 'NONE', #241, 1000.000000000000000 ) ;
#37 = VERTEX_POINT ( 'NONE', #3830 ) ;
#38 = EDGE_CURVE ( 'NONE', #936, #1938, #111, .T. ) ;
#39 = ORIENTED_EDGE ( 'NONE', *, *, #1963, .F. ) ;
#40 = CARTESIAN_POINT ( 'NONE',  ( 12.26321597525719831, 2.499828564644785089, -0.1000160557558434915 ) ) ;
#41 = TOROIDAL_SURFACE ( 'NONE', #1477, 19.75000000000000000, 0.2500000000000000000 ) ;
#42 = CARTESIAN_POINT ( 'NONE',  ( 20.22984999193581501, 0.1365435918632263435, -2.499999999999252598 ) ) ;
#43 = CARTESIAN_POINT ( 'NONE',  ( -13.70277322150130317, 2.129915931845746790, -1.650722416015777405 ) ) ;
#44 = CARTESIAN_POINT ( 'NONE',  ( -1.474108204204152894, 5.429152482596087737, 3.776459310869967112 ) ) ;
#45 = ORIENTED_EDGE ( 'NONE', *, *, #1070, .F. ) ;
#46 = CARTESIAN_POINT ( 'NONE',  ( 13.47470268547232131, 2.311399678563223148, 0.9712216892265804757 ) ) ;
#47 = VERTEX_POINT ( 'NONE', #609 ) ;
#48 = CARTESIAN_POINT ( 'NONE',  ( 1.000210877792248043, 5.585840548541464834, 3.643541604635984310 ) ) ;
#49 = CARTESIAN_POINT ( 'NONE',  ( -19.04086666048551280, -0.5472056999572151303, 2.476336607108322152 ) ) ;
#50 = DIRECTION ( 'NONE',  ( -0.000000000000000000, 0.000000000000000000, 1.000000000000000000 ) ) ;
#51 = ADVANCED_FACE ( 'NONE', ( #1719 ), #1769, .T. ) ;
#52 = DIRECTION ( 'NONE',  ( 0.000000000000000000, 0.000000000000000000, 1.000000000000000000 ) ) ;
#53 = CARTESIAN_POINT ( 'NONE',  ( 19.10037600435634886, -0.6215655282619763078, 2.428052223465923642 ) ) ;
#54 = CARTESIAN_POINT ( 'NONE',  ( 1.382444990150510700, 2.784577636583093430, 6.649858679565286756 ) ) ;
#55 = CARTESIAN_POINT ( 'NONE',  ( 15.83196111628431346, -1.497694811084301580, 2.299999999999986056 ) ) ;
#56 = DIRECTION ( 'NONE',  ( -0.7354683051395386473, 0.6775591281468905658, 0.000000000000000000 ) ) ;
#57 = EDGE_CURVE ( 'NONE', #37, #2165, #3795, .T. ) ;
#58 = DIRECTION ( 'NONE',  ( 0.9184126158110060834, -0.2825884971726172479, 0.2768790501011355598 ) ) ;
#59 = ORIENTED_EDGE ( 'NONE', *, *, #379, .T. ) ;
#60 = ORIENTED_EDGE ( 'NONE', *, *, #2961, .F. ) ;
#61 = CARTESIAN_POINT ( 'NONE',  ( 12.37604217152422237, 2.474939559944530298, -0.3684621789922166712 ) ) ;
#62 = CARTESIAN_POINT ( 'NONE',  ( 0.000000000000000000, 0.000000000000000000, 3.433333333333333570 ) ) ;
#63 = ADVANCED_FACE ( 'NONE', ( #2096, #2481 ), #1048, .T. ) ;
#64 = DIRECTION ( 'NONE',  ( -0.4699767530242041635, 0.000000000000000000, -0.8826787930027696349 ) ) ;
#65 = CARTESIAN_POINT ( 'NONE',  ( -16.06452596313853221, 1.749635530559412455, 1.785714285714286031 ) ) ;
#66 = AXIS2_PLACEMENT_3D ( 'NONE', #408, #3334, #2202 ) ;
#67 = ORIENTED_EDGE ( 'NONE', *, *, #1649, .F. ) ;
#68 = AXIS2_PLACEMENT_3D ( 'NONE', #2047, #607, #3874 ) ;
#69 = DIRECTION ( 'NONE',  ( -0.2940858488375206470, -0.9557790087219508735, 0.000000000000000000 ) ) ;
#70 = LINE ( 'NONE', #3606, #449 ) ;
#71 = ORIENTED_EDGE ( 'NONE', *, *, #1003, .T. ) ;
#72 = AXIS2_PLACEMENT_3D ( 'NONE', #1407, #2841, #2956 ) ;
#73 = CARTESIAN_POINT ( 'NONE',  ( -11.03226985042036823, 2.474987477922806267, 2.250000000000000444 ) ) ;
#74 = CARTESIAN_POINT ( 'NONE',  ( -15.83196111628431346, -1.497694811084301580, 2.299999999999986056 ) ) ;
#75 = PLANE ( 'NONE',  #336 ) ;
#76 = DIRECTION ( 'NONE',  ( -0.6775591281468905658, -0.7354683051395386473, -0.000000000000000000 ) ) ;
#77 = DATE_TIME_ROLE ( 'classification_date' ) ;
#78 = DIRECTION ( 'NONE',  ( 0.9557790087219500963, 0.2940858488375230895, 0.000000000000000000 ) ) ;
#79 = CARTESIAN_POINT ( 'NONE',  ( 0.4156928005347269028, 2.123723109751701976, 7.108921268633512369 ) ) ;
#80 = ADVANCED_FACE ( 'NONE', ( #3193 ), #2513, .T. ) ;
#81 = CARTESIAN_POINT ( 'NONE',  ( -19.83342671261142343, -0.2737915602411706284, 2.500000000000000444 ) ) ;
#82 = ADVANCED_FACE ( 'NONE', ( #3876 ), #106, .T. ) ;
#83 = FACE_OUTER_BOUND ( 'NONE', #135, .T. ) ;
#84 = DIRECTION ( 'NONE',  ( 1.000000000000000000, 2.037751121147439272E-14, 0.000000000000000000 ) ) ;
#85 = EDGE_LOOP ( 'NONE', ( #2880, #1208, #119, #1123 ) ) ;
#86 = ORIENTED_EDGE ( 'NONE', *, *, #1083, .F. ) ;
#87 = CARTESIAN_POINT ( 'NONE',  ( 14.01569931280400283, 2.033630980675692257, 1.477436771399728732 ) ) ;
#88 = CARTESIAN_POINT ( 'NONE',  ( 16.06452596313853221, 1.749635530559412677, -1.785714285714285809 ) ) ;
#89 = B_SPLINE_CURVE_WITH_KNOTS ( 'NONE', 3,
 ( #132, #1598, #2278, #1881 ),
 .UNSPECIFIED., .F., .F.,
 ( 4, 4 ),
 ( -1.942333608765039950E-05, 0.004992762574236558892 ),
 .UNSPECIFIED. ) ;
#90 = CARTESIAN_POINT ( 'NONE',  ( 17.62445736398000662, -1.323161139713720402, -2.126119222640175721 ) ) ;
#91 = CARTESIAN_POINT ( 'NONE',  ( -1.602539273785563712, 5.276325020875494154, 3.579223706244951675 ) ) ;
#92 = VERTEX_POINT ( 'NONE', #4272 ) ;
#93 = ADVANCED_FACE ( 'NONE', ( #719 ), #1431, .T. ) ;
#94 = CYLINDRICAL_SURFACE ( 'NONE', #2707, 0.2499999999999999445 ) ;
#95 = CARTESIAN_POINT ( 'NONE',  ( 14.53320012073915635, 1.874399962850296975, -1.705069307578095827 ) ) ;
#96 = ORIENTED_EDGE ( 'NONE', *, *, #2338, .F. ) ;
#97 = ORIENTED_EDGE ( 'NONE', *, *, #3960, .T. ) ;
#98 = CARTESIAN_POINT ( 'NONE',  ( 1.029363350270934063, 5.552002536295533197, 3.716871794310410593 ) ) ;
#99 = CARTESIAN_POINT ( 'NONE',  ( 11.03226985042037178, 2.474987477922805823, -2.500000000000000000 ) ) ;
#100 = LINE ( 'NONE', #3361, #941 ) ;
#101 = CARTESIAN_POINT ( 'NONE',  ( 14.59298780803982609, 1.856003751372360844, 2.094109905508399816 ) ) ;
#102 = PERSON_AND_ORGANIZATION_ROLE ( 'design_supplier' ) ;
#103 = CARTESIAN_POINT ( 'NONE',  ( -17.62445736398000662, 1.323161139713720402, 2.126119222640175721 ) ) ;
#104 = CARTESIAN_POINT ( 'NONE',  ( 1.003216386062783849, 2.526428563418088746, 6.862814683263560589 ) ) ;
#105 = DIRECTION ( 'NONE',  ( -1.000000000000000000, 0.000000000000000000, 0.000000000000000000 ) ) ;
#106 =( BOUNDED_SURFACE ( )  B_SPLINE_SURFACE ( 3, 2, ( 
 ( #4650, #4630, #2528 ),
 ( #4253, #388, #4318 ),
 ( #299, #3959, #2136 ),
 ( #2816, #1408, #3934 ) ),
 .UNSPECIFIED., .F., .F., .F. ) 
 B_SPLINE_SURFACE_WITH_KNOTS ( ( 4, 4 ),
 ( 3, 3 ),
 ( 0.000000000000000000, 0.0008595265505674832022 ),
 ( 0.000000000000000000, 1.000000000000000000 ),
 .UNSPECIFIED. ) 
 GEOMETRIC_REPRESENTATION_ITEM ( )  RATIONAL_B_SPLINE_SURFACE ( (
 ( 1.000000000000000000, 0.7745966692414829602, 1.000000000000000000),
 ( 1.000000000000000000, 0.7546230641985379739, 1.000000000000000000),
 ( 1.000000000000000000, 0.7324038254739605458, 1.000000000000000000),
 ( 1.000000000000000000, 0.7071067811865462405, 1.000000000000000000) ) ) 
 REPRESENTATION_ITEM ( '' )  SURFACE ( )  );
#107 = AXIS2_PLACEMENT_3D ( 'NONE', #2240, #2284, #4115 ) ;
#108 = DIRECTION ( 'NONE',  ( 0.9557790087219509845, 0.2940858488375207025, -7.652364388965213842E-16 ) ) ;
#109 = CARTESIAN_POINT ( 'NONE',  ( 15.21863630992861260, -1.401929785063070533, 2.500000000000000444 ) ) ;
#110 = ORIENTED_EDGE ( 'NONE', *, *, #2560, .T. ) ;
#111 = CIRCLE ( 'NONE', #945, 0.2499999999999998335 ) ;
#112 = ORIENTED_EDGE ( 'NONE', *, *, #2500, .F. ) ;
#113 = CIRCLE ( 'NONE', #1547, 6.750000000000001776 ) ;
#114 = DIRECTION ( 'NONE',  ( 0.000000000000000000, 0.000000000000000000, -1.000000000000000000 ) ) ;
#115 = VECTOR ( 'NONE', #2784, 1000.000000000000000 ) ;
#116 = CARTESIAN_POINT ( 'NONE',  ( 24.75000000000000000, 3.061616997868383141E-16, -2.500000000000000000 ) ) ;
#117 = EDGE_CURVE ( 'NONE', #3489, #1773, #1996, .T. ) ;
#118 = CARTESIAN_POINT ( 'NONE',  ( -1.266375061119679790, 5.611105073641079244, 3.433333305053000384 ) ) ;
#119 = ORIENTED_EDGE ( 'NONE', *, *, #128, .T. ) ;
#120 = AXIS2_PLACEMENT_3D ( 'NONE', #2399, #4139, #965 ) ;
#121 = CARTESIAN_POINT ( 'NONE',  ( 19.89782527458106642, 0.3625192527929240183, 2.479939928840624752 ) ) ;
#122 = CARTESIAN_POINT ( 'NONE',  ( 13.47345587384020504, 2.311661680238948691, -0.9708453533794109136 ) ) ;
#123 = ORIENTED_EDGE ( 'NONE', *, *, #19, .T. ) ;
#124 = VERTEX_POINT ( 'NONE', #4482 ) ;
#125 = CARTESIAN_POINT ( 'NONE',  ( -5.148278135976766201, 4.742913897028242509, -2.250000000000000888 ) ) ;
#126 = CARTESIAN_POINT ( 'NONE',  ( -17.54097258951878757, -1.148555725093297175, 2.231929308942875334 ) ) ;
#127 = DIRECTION ( 'NONE',  ( 0.9881499919765303064, -0.1534913461950969393, 0.000000000000000000 ) ) ;
#128 = EDGE_CURVE ( 'NONE', #1241, #330, #1169, .T. ) ;
#129 = CARTESIAN_POINT ( 'NONE',  ( -8.019790094150197390, -2.942922079885914588, 2.250000000000000444 ) ) ;
#130 = CARTESIAN_POINT ( 'NONE',  ( -20.25528969799813694, 0.1843535236284793433, 2.499999999999999556 ) ) ;
#131 = CARTESIAN_POINT ( 'NONE',  ( -0.3332285770712786754, 2.116256839308652715, 7.042120834088397174 ) ) ;
#132 = CARTESIAN_POINT ( 'NONE',  ( 20.62500000000000000, 0.000000000000000000, 2.500000000000000000 ) ) ;
#133 = DIRECTION ( 'NONE',  ( 0.1534913461950954960, 0.9881499919765306394, 0.000000000000000000 ) ) ;
#134 = CARTESIAN_POINT ( 'NONE',  ( -8.000815763067205211, -17.04097486361366975, 2.500000000000000000 ) ) ;
#135 = EDGE_LOOP ( 'NONE', ( #1796, #4069, #257, #2405 ) ) ;
#136 = ORIENTED_EDGE ( 'NONE', *, *, #2996, .F. ) ;
#137 = CARTESIAN_POINT ( 'NONE',  ( 13.83364621736280853, 2.091016879236894166, 1.395461691488790068 ) ) ;
#138 = DIRECTION ( 'NONE',  ( 0.000000000000000000, 0.000000000000000000, 1.000000000000000000 ) ) ;
#139 = CARTESIAN_POINT ( 'NONE',  ( -12.87263647006937894, 2.357132931570420808, 0.8472557163325885599 ) ) ;
#140 = DIRECTION ( 'NONE',  ( 0.2940858488375230895, 0.9557790087219500963, 0.000000000000000000 ) ) ;
#141 = ORIENTED_EDGE ( 'NONE', *, *, #637, .F. ) ;
#142 = ADVANCED_FACE ( 'NONE', ( #953 ), #3271, .T. ) ;
#143 = CARTESIAN_POINT ( 'NONE',  ( 12.18335990356670884, -2.516841200118218325, -0.2181851520736612093 ) ) ;
#144 = CARTESIAN_POINT ( 'NONE',  ( 8.019790094150197390, -2.942922079885914588, -2.500000000000000000 ) ) ;
#145 = ORIENTED_EDGE ( 'NONE', *, *, #490, .T. ) ;
#146 = AXIS2_PLACEMENT_3D ( 'NONE', #1789, #2461, #3894 ) ;
#147 = CARTESIAN_POINT ( 'NONE',  ( -14.94466851414152408, 1.486227562788465129, -2.250000000000000444 ) ) ;
#148 = CARTESIAN_POINT ( 'NONE',  ( -15.01818997635090192, -1.725172314968952403, 2.250000000000000000 ) ) ;
#149 = LINE ( 'NONE', #3473, #974 ) ;
#150 = CIRCLE ( 'NONE', #2783, 1.000000000000000444 ) ;
#151 = CARTESIAN_POINT ( 'NONE',  ( 16.47222280646363402, -1.660031827966261586, 1.873507625881212890 ) ) ;
#152 = CARTESIAN_POINT ( 'NONE',  ( 0.1501191196112824644, 2.127972013619224168, 7.120460126230329756 ) ) ;
#153 = CARTESIAN_POINT ( 'NONE',  ( -13.88253273981766611, 2.074605310825333504, 2.500000000000000000 ) ) ;
#154 = VECTOR ( 'NONE', #1655, 1000.000000000000000 ) ;
#155 = DIRECTION ( 'NONE',  ( 1.000000000000000000, 0.000000000000000000, 0.000000000000000000 ) ) ;
#156 = EDGE_LOOP ( 'NONE', ( #112, #392, #1985, #4228 ) ) ;
#157 = EDGE_LOOP ( 'NONE', ( #280, #2561, #1990 ) ) ;
#158 = CARTESIAN_POINT ( 'NONE',  ( -1.731222852866221018, 5.404645192418830568, 3.636666666666666714 ) ) ;
#159 = LINE ( 'NONE', #3698, #565 ) ;
#160 = CARTESIAN_POINT ( 'NONE',  ( -13.83364621736275524, 2.091016879236719195, 1.395461691488766531 ) ) ;
#161 = ORIENTED_EDGE ( 'NONE', *, *, #500, .T. ) ;
#162 = CARTESIAN_POINT ( 'NONE',  ( 20.62499999999999645, 2.168404344971008868E-15, 2.500000000000000000 ) ) ;
#163 = DIRECTION ( 'NONE',  ( 1.000000000000000000, -0.000000000000000000, -0.000000000000000000 ) ) ;
#164 = EDGE_CURVE ( 'NONE', #818, #3123, #1665, .T. ) ;
#165 = ORIENTED_EDGE ( 'NONE', *, *, #4343, .F. ) ;
#166 = CARTESIAN_POINT ( 'NONE',  ( -16.22972041364914020, 1.387969527564777428, -2.345931927297936426 ) ) ;
#167 = CARTESIAN_POINT ( 'NONE',  ( -14.94466851414152408, 1.486227562788465129, -2.500000000000000444 ) ) ;
#168 = CARTESIAN_POINT ( 'NONE',  ( 14.01569931280398862, 2.033630980675696254, 1.477436771399722293 ) ) ;
#169 = CARTESIAN_POINT ( 'NONE',  ( 18.03864087796205595, 1.175739230187722528, 2.212472816268504339 ) ) ;
#170 = CARTESIAN_POINT ( 'NONE',  ( -1.960249592993563494, 3.314875619299458620, 5.993353574627874991 ) ) ;
#171 = CARTESIAN_POINT ( 'NONE',  ( -12.75958439183726867, -2.437783573334727283, 0.5570247446215154108 ) ) ;
#172 = CARTESIAN_POINT ( 'NONE',  ( 15.77381990457075389, 1.259746078159581062, 2.500000000000000000 ) ) ;
#173 = EDGE_CURVE ( 'NONE', #1032, #2964, #3753, .T. ) ;
#174 = VERTEX_POINT ( 'NONE', #1231 ) ;
#175 = ORIENTED_EDGE ( 'NONE', *, *, #1217, .F. ) ;
#176 = CARTESIAN_POINT ( 'NONE',  ( -12.42647853779062039, 2.261055247819512282, -2.250000000000000888 ) ) ;
#177 = CIRCLE ( 'NONE', #2813, 20.00000000000000000 ) ;
#178 = FACE_OUTER_BOUND ( 'NONE', #2324, .T. ) ;
#179 = CARTESIAN_POINT ( 'NONE',  ( -19.04144040587407005, 0.5405723256547573241, 2.473616974438980431 ) ) ;
#180 = EDGE_CURVE ( 'NONE', #18, #1395, #3571, .T. ) ;
#181 = AXIS2_PLACEMENT_3D ( 'NONE', #242, #2692, #4485 ) ;
#182 = CIRCLE ( 'NONE', #2515, 5.000000000000000000 ) ;
#183 = DIRECTION ( 'NONE',  ( 0.8518212536923538414, -0.2620988472899543065, 0.4535468509506643819 ) ) ;
#184 = ORIENTED_EDGE ( 'NONE', *, *, #2287, .T. ) ;
#185 = CIRCLE ( 'NONE', #2146, 0.9500000000000001776 ) ;
#186 = CARTESIAN_POINT ( 'NONE',  ( 12.79197739554754776, -2.377177665912286741, -0.7879528995984628192 ) ) ;
#187 = CARTESIAN_POINT ( 'NONE',  ( -1.914645427638271169, 3.198755854433722234, 6.102064551534108539 ) ) ;
#188 = CIRCLE ( 'NONE', #2518, 0.2500000000000001110 ) ;
#189 = ORIENTED_EDGE ( 'NONE', *, *, #427, .F. ) ;
#190 = CARTESIAN_POINT ( 'NONE',  ( -14.94466851414152053, 1.486227562788466683, 2.500000000000000000 ) ) ;
#191 = AXIS2_PLACEMENT_3D ( 'NONE', #1820, #2917, #3946 ) ;
#192 = CARTESIAN_POINT ( 'NONE',  ( -15.27182452474117902, 1.629058253561175063, -2.500000000000000888 ) ) ;
#193 = DIRECTION ( 'NONE',  ( 0.1534913461950969393, -0.9881499919765303064, 0.000000000000000000 ) ) ;
#194 = CARTESIAN_POINT ( 'NONE',  ( 19.10037523555342176, 0.6215644373849680271, 2.428052524610827323 ) ) ;
#195 = DIRECTION ( 'NONE',  ( 0.9557790087219500963, 0.2940858488375230895, 0.000000000000000000 ) ) ;
#196 = EDGE_CURVE ( 'NONE', #3655, #4547, #1975, .T. ) ;
#197 = EDGE_CURVE ( 'NONE', #824, #3826, #2019, .T. ) ;
#198 = CARTESIAN_POINT ( 'NONE',  ( 15.49759896204074749, 1.586220418531877785, 2.280466526442630926 ) ) ;
#199 = CARTESIAN_POINT ( 'NONE',  ( 16.56504028873301948, 1.237010219682822543, 2.500000000000000444 ) ) ;
#200 = ORIENTED_EDGE ( 'NONE', *, *, #173, .F. ) ;
#201 = CARTESIAN_POINT ( 'NONE',  ( -8.825619661674457106, 8.130709537762699668, 2.500000000000000000 ) ) ;
#202 = CARTESIAN_POINT ( 'NONE',  ( -13.88253273981766611, 2.074605310825333504, 1.751219825105331029 ) ) ;
#203 = FACE_OUTER_BOUND ( 'NONE', #2571, .T. ) ;
#204 = CARTESIAN_POINT ( 'NONE',  ( -13.88253273981766611, -2.074605310825333504, 1.751219825105331029 ) ) ;
#205 = DIRECTION ( 'NONE',  ( -1.000000000000000000, 0.000000000000000000, 0.000000000000000000 ) ) ;
#206 = ORIENTED_EDGE ( 'NONE', *, *, #1233, .F. ) ;
#207 = EDGE_CURVE ( 'NONE', #2999, #305, #3910, .T. ) ;
#208 = CARTESIAN_POINT ( 'NONE',  ( 12.75360587204100327, -2.438774963180721400, -0.5526651272993914343 ) ) ;
#209 = CARTESIAN_POINT ( 'NONE',  ( -0.9278010926657171975, 2.260108349352235368, 6.912643547478986683 ) ) ;
#210 = EDGE_LOOP ( 'NONE', ( #1693, #1075, #2060, #632, #1611, #4430 ) ) ;
#211 = CARTESIAN_POINT ( 'NONE',  ( 18.99290750004952599, -0.4990046203676097303, 2.500000000000000444 ) ) ;
#212 = DIRECTION ( 'NONE',  ( 0.000000000000000000, 0.000000000000000000, -1.000000000000000000 ) ) ;
#213 = CARTESIAN_POINT ( 'NONE',  ( 15.03468451701457020, 1.720097071687824997, 2.278187595230828588 ) ) ;
#214 = CIRCLE ( 'NONE', #1586, 0.2499999999999998335 ) ;
#215 = CARTESIAN_POINT ( 'NONE',  ( -2.077902346180411808, 3.748957370908541531, 5.749628186002554209 ) ) ;
#216 = CARTESIAN_POINT ( 'NONE',  ( 20.24551300483323502, -0.1589813346692340590, -2.499999999998263611 ) ) ;
#217 = VECTOR ( 'NONE', #801, 1000.000000000000000 ) ;
#218 = CARTESIAN_POINT ( 'NONE',  ( -14.53320012074073730, -1.874399962849554457, -1.705069307576361659 ) ) ;
#219 = ORIENTED_EDGE ( 'NONE', *, *, #1329, .F. ) ;
#220 = CARTESIAN_POINT ( 'NONE',  ( 17.39430661126356270, 0.8531771125566357528, 2.500000000000000444 ) ) ;
#221 = CARTESIAN_POINT ( 'NONE',  ( -20.25483595700107387, -0.1845797784857809709, 2.499999999999999556 ) ) ;
#222 = ORIENTED_EDGE ( 'NONE', *, *, #3664, .F. ) ;
#223 = EDGE_CURVE ( 'NONE', #2509, #2478, #3881, .T. ) ;
#224 = CARTESIAN_POINT ( 'NONE',  ( -17.39683465656412764, 0.8631730720754311470, 2.500000000000000000 ) ) ;
#225 = TOROIDAL_SURFACE ( 'NONE', #3397, 5.250000000000000000, 0.2500000000000000000 ) ;
#226 = CARTESIAN_POINT ( 'NONE',  ( -13.88253273981766611, 2.074605310825333504, -1.751219825105336136 ) ) ;
#227 = CARTESIAN_POINT ( 'NONE',  ( -20.62499999999999289, -2.245528489504056068E-15, -2.500000000000000000 ) ) ;
#228 = CARTESIAN_POINT ( 'NONE',  ( -15.77381990457075389, -1.259746078159580840, -2.500000000000000000 ) ) ;
#229 = CARTESIAN_POINT ( 'NONE',  ( -16.06452596313852865, 2.449489742783178325, 2.500000000000000444 ) ) ;
#230 = EDGE_CURVE ( 'NONE', #3629, #2614, #4046, .T. ) ;
#231 = ORIENTED_EDGE ( 'NONE', *, *, #4177, .F. ) ;
#232 = DIRECTION ( 'NONE',  ( 0.000000000000000000, 0.000000000000000000, -1.000000000000000000 ) ) ;
#233 = CARTESIAN_POINT ( 'NONE',  ( -17.39684433189884416, 0.8631707079708716979, -2.500000000000000000 ) ) ;
#234 = EDGE_LOOP ( 'NONE', ( #517, #1564 ) ) ;
#235 = PRODUCT_DEFINITION_SHAPE ( 'NONE', 'NONE',  #546 ) ;
#236 = MANIFOLD_SOLID_BREP ( 'Fillet5', #1783 ) ;
#237 = CARTESIAN_POINT ( 'NONE',  ( -16.47222280646365888, 1.660031827966278684, -1.873507625881196681 ) ) ;
#238 = CARTESIAN_POINT ( 'NONE',  ( -16.64316505035517579, 1.289219802920998470, 2.348839687304894674 ) ) ;
#239 = CARTESIAN_POINT ( 'NONE',  ( 13.88253273981765545, 2.074605310825337501, 1.751219825105324146 ) ) ;
#240 = CARTESIAN_POINT ( 'NONE',  ( -2.092381702976322533, 3.927768801032022417, 5.580735083230480065 ) ) ;
#241 = DIRECTION ( 'NONE',  ( -0.000000000000000000, -0.000000000000000000, 1.000000000000000000 ) ) ;
#242 = CARTESIAN_POINT ( 'NONE',  ( -8.825619661674457106, 8.130709537762699668, -2.250000000000000888 ) ) ;
#243 = ORIENTED_EDGE ( 'NONE', *, *, #964, .T. ) ;
#244 = CARTESIAN_POINT ( 'NONE',  ( -1.710262321574402833, 5.558352545116810539, 2.250000000000000444 ) ) ;
#245 = CARTESIAN_POINT ( 'NONE',  ( -12.50000000000000000, -2.500000000000000000, 2.500000000000000000 ) ) ;
#246 = ORIENTED_EDGE ( 'NONE', *, *, #4067, .T. ) ;
#247 = CARTESIAN_POINT ( 'NONE',  ( -13.88253273981766611, 2.074605310825333504, 2.250000000000000444 ) ) ;
#248 = CARTESIAN_POINT ( 'NONE',  ( -15.32666803614527318, -1.911802107920568927, -1.626824138566923761 ) ) ;
#249 = EDGE_CURVE ( 'NONE', #399, #1742, #1927, .T. ) ;
#250 = CARTESIAN_POINT ( 'NONE',  ( -16.22971788812904492, 1.387968074441435551, 2.345938784399081101 ) ) ;
#251 = VERTEX_POINT ( 'NONE', #710 ) ;
#252 = DIRECTION ( 'NONE',  ( -0.000000000000000000, -0.000000000000000000, 1.000000000000000000 ) ) ;
#253 = ORIENTED_EDGE ( 'NONE', *, *, #4198, .T. ) ;
#254 = CARTESIAN_POINT ( 'NONE',  ( -15.01818997635090014, 1.725172314968953291, 2.249999999999999112 ) ) ;
#255 = B_SPLINE_CURVE_WITH_KNOTS ( 'NONE', 3,
 ( #3842, #2760, #597, #190 ),
 .UNSPECIFIED., .F., .F.,
 ( 4, 4 ),
 ( 0.000000000000000000, 0.0008595265505674815759 ),
 .UNSPECIFIED. ) ;
#256 = DIRECTION ( 'NONE',  ( 0.9557790087219509845, -0.2940858488375207025, -2.295709316689628149E-15 ) ) ;
#257 = ORIENTED_EDGE ( 'NONE', *, *, #1530, .F. ) ;
#258 = AXIS2_PLACEMENT_3D ( 'NONE', #2580, #769, #3639 ) ;
#259 = CARTESIAN_POINT ( 'NONE',  ( 0.4917423448371300854, 2.232971463911851639, 6.982948966659416890 ) ) ;
#260 = ORIENTED_EDGE ( 'NONE', *, *, #3426, .F. ) ;
#261 = AXIS2_PLACEMENT_3D ( 'NONE', #4398, #2262, #3672 ) ;
#262 = CARTESIAN_POINT ( 'NONE',  ( 20.62499999999998934, -5.601473333152397903E-15, 2.500000000000000444 ) ) ;
#263 = CARTESIAN_POINT ( 'NONE',  ( -12.87956743551522187, 2.355391387108398238, -0.8522124626267707503 ) ) ;
#264 = AXIS2_PLACEMENT_3D ( 'NONE', #561, #1720, #2005 ) ;
#265 = CARTESIAN_POINT ( 'NONE',  ( 16.06452596313852865, -1.749635530559414009, -1.785714285714284699 ) ) ;
#266 = CARTESIAN_POINT ( 'NONE',  ( -1.812729034976458875, 5.034292424997274473, 3.999694206814750963 ) ) ;
#267 = CARTESIAN_POINT ( 'NONE',  ( 18.79254616729903304, -0.8737779896257279466, -2.348171783531851187 ) ) ;
#268 = TOROIDAL_SURFACE ( 'NONE', #1402, 5.250000000000000000, 0.2500000000000000000 ) ;
#269 = EDGE_CURVE ( 'NONE', #584, #4042, #2595, .T. ) ;
#270 = DIRECTION ( 'NONE',  ( -0.7354683051395386473, 0.6775591281468905658, 0.000000000000000000 ) ) ;
#271 = ORIENTED_EDGE ( 'NONE', *, *, #400, .T. ) ;
#272 = CARTESIAN_POINT ( 'NONE',  ( -15.21860572818765256, -1.401939189235810845, -2.500000000000000000 ) ) ;
#273 = CARTESIAN_POINT ( 'NONE',  ( -1.329286697334548073, 5.457864578405202671, 3.505269712699787821 ) ) ;
#274 = EDGE_LOOP ( 'NONE', ( #2495, #2721, #2970, #3541 ) ) ;
#275 = CARTESIAN_POINT ( 'NONE',  ( -14.17661858865517743, 2.164560228248062490, 1.250871303646660104 ) ) ;
#276 = CARTESIAN_POINT ( 'NONE',  ( -15.83196111628437386, -1.497694811084284261, 2.300000000000003819 ) ) ;
#277 = CARTESIAN_POINT ( 'NONE',  ( -18.79254616729903304, -0.8737779896257685808, -2.348171783531832979 ) ) ;
#278 = CARTESIAN_POINT ( 'NONE',  ( -24.75000000000000000, 0.000000000000000000, -1.250000000000000000 ) ) ;
#279 = CARTESIAN_POINT ( 'NONE',  ( -15.83196111628430636, 1.497694811084300470, 2.299999999999999822 ) ) ;
#280 = ORIENTED_EDGE ( 'NONE', *, *, #3220, .F. ) ;
#281 = CYLINDRICAL_SURFACE ( 'NONE', #1085, 1.899999999999999689 ) ;
#282 = CARTESIAN_POINT ( 'NONE',  ( 12.67864366756352013, -2.404435234148915246, -0.9240454640143178633 ) ) ;
#283 = LINE ( 'NONE', #1755, #1660 ) ;
#284 = ORIENTED_EDGE ( 'NONE', *, *, #1530, .T. ) ;
#285 = EDGE_CURVE ( 'NONE', #2847, #399, #1501, .T. ) ;
#286 =( BOUNDED_SURFACE ( )  B_SPLINE_SURFACE ( 3, 2, ( 
 ( #4370, #1195, #2625 ),
 ( #3012, #2605, #109 ),
 ( #4013, #4393, #4086 ),
 ( #3391, #3290, #515 ) ),
 .UNSPECIFIED., .F., .F., .F. ) 
 B_SPLINE_SURFACE_WITH_KNOTS ( ( 4, 4 ),
 ( 3, 3 ),
 ( 0.000000000000000000, 0.0008595265505675439175 ),
 ( 0.000000000000000000, 1.000000000000000000 ),
 .UNSPECIFIED. ) 
 GEOMETRIC_REPRESENTATION_ITEM ( )  RATIONAL_B_SPLINE_SURFACE ( (
 ( 1.000000000000000000, 0.7071067811865479058, 1.000000000000000000),
 ( 1.000000000000000000, 0.7324038254739606568, 1.000000000000000000),
 ( 1.000000000000000000, 0.7546230641985436360, 1.000000000000000000),
 ( 1.000000000000000000, 0.7745966692414879562, 1.000000000000000000) ) ) 
 REPRESENTATION_ITEM ( '' )  SURFACE ( )  );
#287 = CYLINDRICAL_SURFACE ( 'NONE', #650, 0.9500000000000001776 ) ;
#288 = CARTESIAN_POINT ( 'NONE',  ( -12.48064628180850377, 2.482629011280667264, 0.3033829905349380018 ) ) ;
#289 = B_SPLINE_CURVE_WITH_KNOTS ( 'NONE', 3,
 ( #3974, #20, #122, #4029, #1870, #4429, #1182, #804, #3653, #402, #2613, #477, #380, #3251, #2221, #1107, #2270, #46, #1567, #2594 ),
 .UNSPECIFIED., .F., .F.,
 ( 4, 2, 2, 2, 2, 2, 2, 2, 2, 4 ),
 ( 0.000000000000000000, 0.001152926857977034552, 0.001729390286965551936, 0.002017622001459812471, 0.002305853715954073006, 0.002449969573201203708, 0.002594085430448333542, 0.002882317144942594511, 0.003458780573931110811, 0.004611707431908145145 ),
 .UNSPECIFIED. ) ;
#290 = CARTESIAN_POINT ( 'NONE',  ( -15.54283603423700377, 1.540212579019091255, 2.500000000000000000 ) ) ;
#291 = ADVANCED_FACE ( 'NONE', ( #1492 ), #1894, .T. ) ;
#292 = CARTESIAN_POINT ( 'NONE',  ( -12.18214323516277631, -2.517097924562847311, -0.2129946580306350257 ) ) ;
#293 = CARTESIAN_POINT ( 'NONE',  ( -12.52728253342746001, -2.440224954443634076, -0.7737311775438140415 ) ) ;
#294 = FACE_OUTER_BOUND ( 'NONE', #2520, .T. ) ;
#295 = EDGE_LOOP ( 'NONE', ( #753, #3791, #4654, #3221 ) ) ;
#296 = CARTESIAN_POINT ( 'NONE',  ( 14.94466851414152408, 1.486227562788465129, -2.500000000000000000 ) ) ;
#297 = AXIS2_PLACEMENT_3D ( 'NONE', #4604, #2812, #1025 ) ;
#298 = DIRECTION ( 'NONE',  ( -0.2940858488375230895, 0.9557790087219500963, 0.000000000000000000 ) ) ;
#299 = CARTESIAN_POINT ( 'NONE',  ( 15.28617478323479517, 1.642715451312370512, 2.267892428691849371 ) ) ;
#300 = CARTESIAN_POINT ( 'NONE',  ( -15.27185534967080649, -1.629046572555174155, 2.500000000000359268 ) ) ;
#301 = AXIS2_PLACEMENT_3D ( 'NONE', #2036, #163, #1610 ) ;
#302 = DIRECTION ( 'NONE',  ( 0.9881499919765304174, 0.1534913461950969393, 0.000000000000000000 ) ) ;
#303 = CARTESIAN_POINT ( 'NONE',  ( -15.54287237220271578, -1.540201892787030902, -2.500000000000000444 ) ) ;
#304 = CIRCLE ( 'NONE', #3309, 1.250000000000000000 ) ;
#305 = VERTEX_POINT ( 'NONE', #125 ) ;
#306 = ORIENTED_EDGE ( 'NONE', *, *, #520, .F. ) ;
#307 = DIRECTION ( 'NONE',  ( -0.000000000000000000, -0.000000000000000000, -1.000000000000000000 ) ) ;
#308 = CIRCLE ( 'NONE', #3466, 0.2499999999999999445 ) ;
#309 = CARTESIAN_POINT ( 'NONE',  ( 13.70048671262723339, 2.130619473037775879, -1.649444103846299026 ) ) ;
#310 = DIRECTION ( 'NONE',  ( 1.000000000000000000, 0.000000000000000000, 0.000000000000000000 ) ) ;
#311 = ORIENTED_EDGE ( 'NONE', *, *, #4027, .T. ) ;
#312 = CARTESIAN_POINT ( 'NONE',  ( 15.32666803614528028, -1.911802107920567373, 1.626824138566925315 ) ) ;
#313 = ADVANCED_FACE ( 'NONE', ( #1569 ), #3001, .T. ) ;
#314 =( BOUNDED_SURFACE ( )  B_SPLINE_SURFACE ( 3, 2, ( 
 ( #3658, #2952, #1925 ),
 ( #2927, #2978, #1873 ),
 ( #4454, #4079, #832 ),
 ( #430, #508, #3381 ) ),
 .UNSPECIFIED., .F., .F., .F. ) 
 B_SPLINE_SURFACE_WITH_KNOTS ( ( 4, 4 ),
 ( 3, 3 ),
 ( 0.5240012602887416104, 0.7956029534845421303 ),
 ( 0.000000000000000000, 1.000000000000000000 ),
 .UNSPECIFIED. ) 
 GEOMETRIC_REPRESENTATION_ITEM ( )  RATIONAL_B_SPLINE_SURFACE ( (
 ( 1.000000000000000000, 0.9559122584498943587, 1.000000000000000000),
 ( 1.000000000000000000, 0.9445902474892675649, 1.000000000000000000),
 ( 1.000000000000000000, 0.9304003179300889270, 1.000000000000000000),
 ( 1.000000000000000000, 0.9134839804860035439, 1.000000000000000000) ) ) 
 REPRESENTATION_ITEM ( '' )  SURFACE ( )  );
#315 = CARTESIAN_POINT ( 'NONE',  ( -12.99302610662997104, -2.326679248964574676, -1.188512048868078930 ) ) ;
#316 = CARTESIAN_POINT ( 'NONE',  ( -12.36835710614174388, -2.499877159467077448, 0.08349941192642712506 ) ) ;
#317 = ORIENTED_EDGE ( 'NONE', *, *, #1296, .T. ) ;
#318 = CARTESIAN_POINT ( 'NONE',  ( -15.77044011430106174, -1.493710734061211687, 2.500000000000016431 ) ) ;
#319 = DIRECTION ( 'NONE',  ( -1.000000000000000000, 0.000000000000000000, 0.000000000000000000 ) ) ;
#320 = CARTESIAN_POINT ( 'NONE',  ( 15.77381990457075034, -1.259746078159581284, -2.500000000000000444 ) ) ;
#321 = CARTESIAN_POINT ( 'NONE',  ( -2.201888321474480215, 4.405037171541789753, 5.008426727449288407 ) ) ;
#322 = DIRECTION ( 'NONE',  ( 0.000000000000000000, 0.000000000000000000, -1.000000000000000000 ) ) ;
#323 = EDGE_CURVE ( 'NONE', #3230, #2259, #339, .T. ) ;
#324 = CARTESIAN_POINT ( 'NONE',  ( -15.01818997635090014, -1.725172314968953291, -2.250000000000000000 ) ) ;
#325 = ORIENTED_EDGE ( 'NONE', *, *, #3382, .T. ) ;
#326 = ORIENTED_EDGE ( 'NONE', *, *, #1560, .T. ) ;
#327 = CARTESIAN_POINT ( 'NONE',  ( 12.18335990356679588, 2.516841200118199673, 0.2181851520736550754 ) ) ;
#328 = CARTESIAN_POINT ( 'NONE',  ( 1.715349267166280889, 4.295022424739210365, 5.181856335317111650 ) ) ;
#329 = EDGE_CURVE ( 'NONE', #3130, #1690, #2302, .T. ) ;
#330 = VERTEX_POINT ( 'NONE', #3281 ) ;
#331 = DIRECTION ( 'NONE',  ( 0.000000000000000000, 0.000000000000000000, -1.000000000000000000 ) ) ;
#332 = ORIENTED_EDGE ( 'NONE', *, *, #4349, .T. ) ;
#333 = AXIS2_PLACEMENT_3D ( 'NONE', #2024, #3076, #4507 ) ;
#334 = CARTESIAN_POINT ( 'NONE',  ( -15.01818997635090014, 1.725172314968953735, 2.250000000000000000 ) ) ;
#335 = AXIS2_PLACEMENT_3D ( 'NONE', #1073, #2121, #2505 ) ;
#336 = AXIS2_PLACEMENT_3D ( 'NONE', #3708, #4002, #127 ) ;
#337 = CARTESIAN_POINT ( 'NONE',  ( -13.88253273981766611, -2.074605310825333504, -1.751219825105330807 ) ) ;
#338 = CARTESIAN_POINT ( 'NONE',  ( -12.87263647006937894, -2.357132931570395495, -0.8472557163326627228 ) ) ;
#339 = CIRCLE ( 'NONE', #2740, 5.250000000000000000 ) ;
#340 = CARTESIAN_POINT ( 'NONE',  ( -20.62499999999998934, 5.601473333152397903E-15, -2.500000000000000444 ) ) ;
#341 = CARTESIAN_POINT ( 'NONE',  ( 19.88449767545909808, 0.3691230182084115907, -2.479126514951912164 ) ) ;
#342 = CARTESIAN_POINT ( 'NONE',  ( 0.000000000000000000, 0.000000000000000000, 2.500000000000000000 ) ) ;
#343 = AXIS2_PLACEMENT_3D ( 'NONE', #1253, #622, #2383 ) ;
#344 = CARTESIAN_POINT ( 'NONE',  ( 1.409619443802831995, 5.071166792190773265, 4.498765326539514220 ) ) ;
#345 = ADVANCED_FACE ( 'NONE', ( #920 ), #1017, .T. ) ;
#346 = CARTESIAN_POINT ( 'NONE',  ( 0.4123721680601353246, 2.122722485486200128, 7.109523397440877801 ) ) ;
#347 = CARTESIAN_POINT ( 'NONE',  ( -11.07064268696914411, -2.722024975916939038, 2.500000000000000000 ) ) ;
#348 = CARTESIAN_POINT ( 'NONE',  ( -15.01818997635090014, -1.725172314968953735, -2.500000000000000444 ) ) ;
#349 = ORIENTED_EDGE ( 'NONE', *, *, #1003, .F. ) ;
#350 = ORIENTED_EDGE ( 'NONE', *, *, #1481, .F. ) ;
#351 = CARTESIAN_POINT ( 'NONE',  ( 12.39589087160293168, 2.495717275576327054, -0.1632803636894633870 ) ) ;
#352 = ADVANCED_FACE ( 'NONE', ( #454 ), #2572, .T. ) ;
#353 = CARTESIAN_POINT ( 'NONE',  ( 12.99963962741989398, 2.324972455801468829, -1.193394268085386400 ) ) ;
#354 = CARTESIAN_POINT ( 'NONE',  ( 1.715349267166197844, 4.014086380133838006, 5.473280934458533586 ) ) ;
#355 = VERTEX_POINT ( 'NONE', #3302 ) ;
#356 = EDGE_CURVE ( 'NONE', #872, #2544, #3295, .T. ) ;
#357 = CARTESIAN_POINT ( 'NONE',  ( -20.62500000000000000, 0.000000000000000000, 2.500000000000000000 ) ) ;
#358 = ORIENTED_EDGE ( 'NONE', *, *, #1162, .T. ) ;
#359 = CARTESIAN_POINT ( 'NONE',  ( 13.88253273981766611, -2.074605310825333504, 1.751219825105331029 ) ) ;
#360 = CARTESIAN_POINT ( 'NONE',  ( -12.67864366756401573, -2.404435234148796674, -0.9240454640134951880 ) ) ;
#361 = CARTESIAN_POINT ( 'NONE',  ( -15.49539755805287911, -1.327776751808100952, 2.500000000000000000 ) ) ;
#362 = ORIENTED_EDGE ( 'NONE', *, *, #1770, .T. ) ;
#363 = CARTESIAN_POINT ( 'NONE',  ( -14.69179196195495862, -2.051335311039647724, 1.446800454728412566 ) ) ;
#364 = PERSON_AND_ORGANIZATION ( #1181, #910 ) ;
#365 = CARTESIAN_POINT ( 'NONE',  ( 15.03468451701409769, -1.720097071687969548, 2.278187595230268592 ) ) ;
#366 = CARTESIAN_POINT ( 'NONE',  ( 17.39430162819764547, -0.8531784095976703286, -2.500000000000000444 ) ) ;
#367 = CARTESIAN_POINT ( 'NONE',  ( 1.790837591239428317, 3.602784446315898226, 5.986803662499506018 ) ) ;
#368 = CARTESIAN_POINT ( 'NONE',  ( 5.148278135976766201, -4.742913897028242509, 2.500000000000000000 ) ) ;
#369 = DIRECTION ( 'NONE',  ( -0.000000000000000000, -0.000000000000000000, -1.000000000000000000 ) ) ;
#370 = ORIENTED_EDGE ( 'NONE', *, *, #3356, .F. ) ;
#371 = ORIENTED_EDGE ( 'NONE', *, *, #3995, .T. ) ;
#372 = AXIS2_PLACEMENT_3D ( 'NONE', #4554, #3428, #973 ) ;
#373 = CARTESIAN_POINT ( 'NONE',  ( 12.75777363031744471, 2.385254082727753300, 0.9941807502187459678 ) ) ;
#374 = CARTESIAN_POINT ( 'NONE',  ( -14.17661858865518809, -2.164560228248057161, 1.250871303646670096 ) ) ;
#375 = CARTESIAN_POINT ( 'NONE',  ( -12.75360587204099438, 2.438774963180728061, 0.5526651272993631236 ) ) ;
#376 = CARTESIAN_POINT ( 'NONE',  ( -14.17661858865518987, 2.164560228248059826, 1.250871303646665211 ) ) ;
#377 = VERTEX_POINT ( 'NONE', #404 ) ;
#378 = LOCAL_TIME ( 19, 30, 25.00000000000000000, #2576 ) ;
#379 = EDGE_CURVE ( 'NONE', #824, #47, #3502, .T. ) ;
#380 = CARTESIAN_POINT ( 'NONE',  ( 12.43845853607195728, 2.489155308073022432, 0.2359479429224105029 ) ) ;
#381 = ORIENTED_EDGE ( 'NONE', *, *, #3022, .T. ) ;
#382 = CARTESIAN_POINT ( 'NONE',  ( 15.21864665415459861, 1.401926596630595823, 2.500000000000000000 ) ) ;
#383 = CARTESIAN_POINT ( 'NONE',  ( -13.65213643973998714, -2.145346156840184371, -1.307903226119881968 ) ) ;
#384 = CARTESIAN_POINT ( 'NONE',  ( 17.39682752338321237, -0.8631748150213855997, 2.500000000000000000 ) ) ;
#385 = CARTESIAN_POINT ( 'NONE',  ( -15.17233545036513220, -1.677742938349905399, 1.907072287094177421 ) ) ;
#386 = PERSON_AND_ORGANIZATION_ROLE ( 'creator' ) ;
#387 = DIRECTION ( 'NONE',  ( -1.000000000000000000, 0.000000000000000000, 0.000000000000000000 ) ) ;
#388 = CARTESIAN_POINT ( 'NONE',  ( 15.54283603423700377, 1.540212579019091255, 2.500000000000000000 ) ) ;
#389 = CARTESIAN_POINT ( 'NONE',  ( -1.273568666706851760, 2.357766630869114532, 6.881346453452765743 ) ) ;
#390 = CARTESIAN_POINT ( 'NONE',  ( 8.058162930698971493, -3.189959577880047359, -2.250000000000000888 ) ) ;
#391 = DIRECTION ( 'NONE',  ( 0.000000000000000000, -0.000000000000000000, -1.000000000000000000 ) ) ;
#392 = ORIENTED_EDGE ( 'NONE', *, *, #689, .T. ) ;
#393 = ORIENTED_EDGE ( 'NONE', *, *, #3349, .T. ) ;
#394 = CARTESIAN_POINT ( 'NONE',  ( 12.56324435689514196, 2.432117567786172163, 0.5917277491073680284 ) ) ;
#395 = ADVANCED_FACE ( 'NONE', ( #4569 ), #2754, .T. ) ;
#396 = CARTESIAN_POINT ( 'NONE',  ( 18.71584004920477184, 0.7654929993389485432, -2.386671735392282834 ) ) ;
#397 = CARTESIAN_POINT ( 'NONE',  ( -12.79875464787520301, 2.375507141372867004, -0.7931293339652504271 ) ) ;
#398 = CARTESIAN_POINT ( 'NONE',  ( 15.77381990457081962, 1.259746078159565297, -2.500000000000000000 ) ) ;
#399 = VERTEX_POINT ( 'NONE', #1033 ) ;
#400 = EDGE_CURVE ( 'NONE', #3453, #3597, #967, .T. ) ;
#401 = ORIENTED_EDGE ( 'NONE', *, *, #878, .F. ) ;
#402 = CARTESIAN_POINT ( 'NONE',  ( 12.36837296760979754, 2.499874750632455456, 0.05459553665012534251 ) ) ;
#403 = EDGE_LOOP ( 'NONE', ( #1388, #526, #4140, #175, #3972 ) ) ;
#404 = CARTESIAN_POINT ( 'NONE',  ( -0.9500000000000001776, 4.000000000000001776, 3.500000000000000000 ) ) ;
#405 = CARTESIAN_POINT ( 'NONE',  ( 8.019790094150197390, 2.942922079885916364, 2.250000000000000444 ) ) ;
#406 = CARTESIAN_POINT ( 'NONE',  ( -4.964411059691882677, 4.573524114991520229, 2.500000000000000000 ) ) ;
#407 = TOROIDAL_SURFACE ( 'NONE', #181, 5.250000000000000000, 0.2500000000000000000 ) ;
#408 = CARTESIAN_POINT ( 'NONE',  ( 24.75000000000000000, 0.000000000000000000, 0.000000000000000000 ) ) ;
#409 = AXIS2_PLACEMENT_3D ( 'NONE', #2678, #821, #892 ) ;
#410 = COORDINATED_UNIVERSAL_TIME_OFFSET ( 5, 30, .AHEAD. ) ;
#411 = CARTESIAN_POINT ( 'NONE',  ( 17.65350046962013764, -1.313458538391857999, 2.132283457325161891 ) ) ;
#412 = CARTESIAN_POINT ( 'NONE',  ( -1.197837185907328905, 2.402942052821311236, 6.792262305443906634 ) ) ;
#413 = CARTESIAN_POINT ( 'NONE',  ( 1.788929206110143610, 4.585867465315479841, 5.011573248682622328 ) ) ;
#414 = DIRECTION ( 'NONE',  ( -1.000000000000000000, 0.000000000000000000, 0.000000000000000000 ) ) ;
#415 = DIRECTION ( 'NONE',  ( -0.9881499919765304174, -0.1534913461950969393, 0.000000000000000000 ) ) ;
#416 = AXIS2_PLACEMENT_3D ( 'NONE', #3065, #183, #1631 ) ;
#417 = ORIENTED_EDGE ( 'NONE', *, *, #22, .T. ) ;
#418 = ORIENTED_EDGE ( 'NONE', *, *, #1143, .F. ) ;
#419 = CARTESIAN_POINT ( 'NONE',  ( 13.00276482072950657, 2.396296160261109254, -0.7143211682517550676 ) ) ;
#420 = CIRCLE ( 'NONE', #191, 0.2499999999999999445 ) ;
#421 = CARTESIAN_POINT ( 'NONE',  ( 0.000000000000000000, 0.000000000000000000, 2.250000000000000444 ) ) ;
#422 = CARTESIAN_POINT ( 'NONE',  ( -12.75958439183747295, 2.437783573334794784, -0.5570247446212485132 ) ) ;
#423 = SPHERICAL_SURFACE ( 'NONE', #3158, 6.100000000000001421 ) ;
#424 = ORIENTED_EDGE ( 'NONE', *, *, #57, .F. ) ;
#425 = CARTESIAN_POINT ( 'NONE',  ( 13.00276482072940532, -2.396296160261111474, 0.7143211682517492944 ) ) ;
#426 = CARTESIAN_POINT ( 'NONE',  ( 15.88831121229690524, 1.457442703908644832, -2.072003618432634475 ) ) ;
#427 = EDGE_CURVE ( 'NONE', #1038, #2732, #4171, .T. ) ;
#428 = ORIENTED_EDGE ( 'NONE', *, *, #2246, .F. ) ;
#429 = CARTESIAN_POINT ( 'NONE',  ( 15.77381990457075389, -1.259746078159580840, -2.500000000000000000 ) ) ;
#430 = CARTESIAN_POINT ( 'NONE',  ( -16.06452596313858905, 1.749635530559400909, -1.785714285714298244 ) ) ;
#431 = CARTESIAN_POINT ( 'NONE',  ( -14.59298780803982964, 1.856003751372360178, -2.094109905508400260 ) ) ;
#432 = DIRECTION ( 'NONE',  ( -0.2940858488375206470, -0.9557790087219508735, 0.000000000000000000 ) ) ;
#433 = APPROVAL_ROLE ( '' ) ;
#434 = EDGE_CURVE ( 'NONE', #4014, #575, #825, .T. ) ;
#435 = CARTESIAN_POINT ( 'NONE',  ( 18.79254616729903304, -0.8737779896259693091, 2.348171783531742385 ) ) ;
#436 = CARTESIAN_POINT ( 'NONE',  ( 1.724911725749392888, 3.925399003466996106, 5.748204283326427522 ) ) ;
#437 = DIRECTION ( 'NONE',  ( -1.224646799147353207E-16, 1.000000000000000000, 0.000000000000000000 ) ) ;
#438 =( BOUNDED_SURFACE ( )  B_SPLINE_SURFACE ( 3, 2, ( 
 ( #2033, #3644, #3558 ),
 ( #3944, #4279, #1056 ),
 ( #4327, #2143, #1416 ),
 ( #4636, #1508, #748 ),
 ( #4301, #1776, #2892 ),
 ( #419, #3621, #4657 ),
 ( #684, #2869, #1077 ),
 ( #2562, #3223, #3579 ),
 ( #14, #2848, #2489 ),
 ( #1840, #1437, #3269 ),
 ( #1101, #61, #2535 ),
 ( #351, #3992, #702 ),
 ( #2125, #40, #726 ),
 ( #3902, #3967, #2916 ),
 ( #3920, #1484, #327 ),
 ( #2941, #3600, #4348 ),
 ( #2468, #1864, #2190 ),
 ( #3245, #394, #772 ),
 ( #2212, #3204, #3293 ),
 ( #1125, #4374, #1797 ),
 ( #2511, #2166, #373 ),
 ( #1818, #1457, #1958 ),
 ( #4018, #1889, #1582 ),
 ( #3761, #2676, #3740 ),
 ( #1558, #137, #1940 ),
 ( #3371, #87, #3344 ) ),
 .UNSPECIFIED., .F., .F., .F. ) 
 B_SPLINE_SURFACE_WITH_KNOTS ( ( 4, 2, 2, 2, 2, 2, 2, 2, 2, 2, 2, 2, 4 ),
 ( 3, 3 ),
 ( -3.348016308635237692E-16, 0.0006600301734026652002, 0.001320060346805665202, 0.001650075433507165040, 0.001980090520208665095, 0.002310105606910165151, 0.002640120693611665206, 0.002970135780313165261, 0.003300150867014664882, 0.003630165953716164937, 0.003960181040417664992, 0.004620211213820665103, 0.005280241387223665213 ),
 ( 0.000000000000000000, 1.000000000000000000 ),
 .UNSPECIFIED. ) 
 GEOMETRIC_REPRESENTATION_ITEM ( )  RATIONAL_B_SPLINE_SURFACE ( (
 ( 1.000000000000000000, 0.9559122584499015751, 1.000000000000000000),
 ( 1.000000000000000000, 0.9606857467796435790, 1.000000000000000000),
 ( 1.000000000000000000, 0.9651581687277503985, 1.000000000000000000),
 ( 1.000000000000000000, 0.9734798300929117243, 1.000000000000000000),
 ( 1.000000000000000000, 0.9773324532566486367, 1.000000000000000000),
 ( 1.000000000000000000, 0.9825833295383432642, 1.000000000000000000),
 ( 1.000000000000000000, 0.9842451473058362321, 1.000000000000000000),
 ( 1.000000000000000000, 0.9873587237459997556, 1.000000000000000000),
 ( 1.000000000000000000, 0.9888124952854636662, 1.000000000000000000),
 ( 1.000000000000000000, 0.9913515808468459367, 1.000000000000000000),
 ( 1.000000000000000000, 0.9924536467042689436, 1.000000000000000000),
 ( 1.000000000000000000, 0.9940274091549626823, 1.000000000000000000),
 ( 1.000000000000000000, 0.9945062617384137216, 1.000000000000000000),
 ( 1.000000000000000000, 0.9945338904719154272, 1.000000000000000000),
 ( 1.000000000000000000, 0.9940872525635954249, 1.000000000000000000),
 ( 1.000000000000000000, 0.9925208107429662752, 1.000000000000000000),
 ( 1.000000000000000000, 0.9914391759742816612, 1.000000000000000000),
 ( 1.000000000000000000, 0.9889202376553322127, 1.000000000000000000),
 ( 1.000000000000000000, 0.9874728392083425010, 1.000000000000000000),
 ( 1.000000000000000000, 0.9843831489281416047, 1.000000000000000000),
 ( 1.000000000000000000, 0.9827272827566100322, 1.000000000000000000),
 ( 1.000000000000000000, 0.9774783996013539644, 1.000000000000000000),
 ( 1.000000000000000000, 0.9736062005106974615, 1.000000000000000000),
 ( 1.000000000000000000, 0.9652079732506103626, 1.000000000000000000),
 ( 1.000000000000000000, 0.9607054044307212770, 1.000000000000000000),
 ( 1.000000000000000000, 0.9559122584498944697, 1.000000000000000000) ) ) 
 REPRESENTATION_ITEM ( '' )  SURFACE ( )  );
#439 = DIRECTION ( 'NONE',  ( -0.8800419335983120650, 0.000000000000000000, 0.4748959834622147325 ) ) ;
#440 = CARTESIAN_POINT ( 'NONE',  ( 4.964411059691882677, 4.573524114991520229, -2.500000000000000000 ) ) ;
#441 = ORIENTED_EDGE ( 'NONE', *, *, #4642, .F. ) ;
#442 = ORIENTED_EDGE ( 'NONE', *, *, #2942, .T. ) ;
#443 = CARTESIAN_POINT ( 'NONE',  ( -0.1846507328338020670, 4.014086380134340715, 3.600000000000000089 ) ) ;
#444 = CARTESIAN_POINT ( 'NONE',  ( -17.44378967286843363, -1.044580086513148487, -2.403807454327670623 ) ) ;
#445 = DIRECTION ( 'NONE',  ( -0.9557790087219500963, 0.2940858488375230895, 0.000000000000000000 ) ) ;
#446 = CARTESIAN_POINT ( 'NONE',  ( 16.85091355726473594, 1.560701279336792480, 1.958404929325157529 ) ) ;
#447 = CIRCLE ( 'NONE', #66, 2.500000000000000000 ) ;
#448 = ORIENTED_EDGE ( 'NONE', *, *, #1566, .F. ) ;
#449 = VECTOR ( 'NONE', #3952, 1000.000000000000000 ) ;
#450 = CARTESIAN_POINT ( 'NONE',  ( 12.43558860389542531, -2.461571357272527738, 0.4491860457785277760 ) ) ;
#451 = CARTESIAN_POINT ( 'NONE',  ( -20.25483595700107387, 0.1845797784857809709, -2.499999999999999556 ) ) ;
#452 = ORIENTED_EDGE ( 'NONE', *, *, #4153, .T. ) ;
#453 = AXIS2_PLACEMENT_3D ( 'NONE', #2883, #1116, #3527 ) ;
#454 = FACE_OUTER_BOUND ( 'NONE', #3930, .T. ) ;
#455 = CARTESIAN_POINT ( 'NONE',  ( -20.62499999999999645, -2.168404344971008868E-15, 2.500000000000000000 ) ) ;
#456 = CYLINDRICAL_SURFACE ( 'NONE', #4172, 1.899999999999999689 ) ;
#457 = LINE ( 'NONE', #27, #3535 ) ;
#458 = PERSON_AND_ORGANIZATION ( #1181, #910 ) ;
#459 = DIRECTION ( 'NONE',  ( -0.000000000000000000, -0.000000000000000000, -1.000000000000000000 ) ) ;
#460 = CARTESIAN_POINT ( 'NONE',  ( 1.055745490934530961, 2.467843938497457312, 6.879167317617270960 ) ) ;
#461 = CARTESIAN_POINT ( 'NONE',  ( -18.99290750004948336, -0.4990046203675316261, 2.500000000000000444 ) ) ;
#462 = EDGE_CURVE ( 'NONE', #2876, #377, #185, .T. ) ;
#463 = FACE_OUTER_BOUND ( 'NONE', #1287, .T. ) ;
#464 = CARTESIAN_POINT ( 'NONE',  ( 19.81778083773642152, 0.2150132872554924579, 2.500000000000000444 ) ) ;
#465 = ORIENTED_EDGE ( 'NONE', *, *, #636, .F. ) ;
#466 = ORIENTED_EDGE ( 'NONE', *, *, #4335, .F. ) ;
#467 =( BOUNDED_SURFACE ( )  B_SPLINE_SURFACE ( 3, 2, ( 
 ( #2257, #2301, #3368 ),
 ( #3694, #1579, #464 ),
 ( #1910, #2988, #3434 ),
 ( #3121, #3504, #220 ),
 ( #3848, #199, #1645 ),
 ( #582, #957, #4560 ) ),
 .UNSPECIFIED., .F., .F., .F. ) 
 B_SPLINE_SURFACE_WITH_KNOTS ( ( 4, 2, 4 ),
 ( 3, 3 ),
 ( -1.942333608765485489E-05, 0.002486669619074451804, 0.004992762574236558892 ),
 ( 0.000000000000000000, 1.000000000000000000 ),
 .UNSPECIFIED. ) 
 GEOMETRIC_REPRESENTATION_ITEM ( )  RATIONAL_B_SPLINE_SURFACE ( (
 ( 1.000000000000000000, 1.000000000000000000, 1.000000000000000000),
 ( 1.000000000000000000, 1.000316946224584447, 1.000000000000000000),
 ( 1.000000000000000000, 0.9769270819281691276, 1.000000000000000000),
 ( 1.000000000000000000, 0.8954943458806837731, 1.000000000000000000),
 ( 1.000000000000000000, 0.8377271275361903857, 1.000000000000000000),
 ( 1.000000000000000000, 0.7745966692414834043, 1.000000000000000000) ) ) 
 REPRESENTATION_ITEM ( '' )  SURFACE ( )  );
#468 = DIRECTION ( 'NONE',  ( -0.9881499919765304174, 0.1534913461950969393, 0.000000000000000000 ) ) ;
#469 = EDGE_CURVE ( 'NONE', #1467, #936, #1679, .T. ) ;
#470 = B_SPLINE_CURVE_WITH_KNOTS ( 'NONE', 3,
 ( #1051, #2464, #2485, #3917 ),
 .UNSPECIFIED., .F., .F.,
 ( 4, 4 ),
 ( 6.111054354846120875E-17, 0.0008466150462554097650 ),
 .UNSPECIFIED. ) ;
#471 = CARTESIAN_POINT ( 'NONE',  ( -16.22971788812907334, -1.387968074441528588, -2.345938784399091759 ) ) ;
#472 = CARTESIAN_POINT ( 'NONE',  ( -15.82196239302755636, 1.494400202766044128, 2.329803393086471441 ) ) ;
#473 = LINE ( 'NONE', #2968, #217 ) ;
#474 = ORIENTED_EDGE ( 'NONE', *, *, #4039, .F. ) ;
#475 = ADVANCED_FACE ( 'NONE', ( #4518 ), #281, .F. ) ;
#476 = CARTESIAN_POINT ( 'NONE',  ( 12.36677646821612520, -2.500117177489518117, -0.07597409452628228754 ) ) ;
#477 = CARTESIAN_POINT ( 'NONE',  ( 12.41401049884464491, 2.492911107228667156, 0.1934226507022682173 ) ) ;
#478 = ORIENTED_EDGE ( 'NONE', *, *, #2729, .T. ) ;
#479 = VERTEX_POINT ( 'NONE', #616 ) ;
#480 = CARTESIAN_POINT ( 'NONE',  ( 0.9694479921828370594, 5.541557747369767917, 3.776459310869970665 ) ) ;
#481 = CARTESIAN_POINT ( 'NONE',  ( -19.10037600435635241, -0.6215655282618368638, 2.428052223465918313 ) ) ;
#482 = CARTESIAN_POINT ( 'NONE',  ( 15.55792326606323961, 1.567904115814756416, -2.284533551341855873 ) ) ;
#483 = CARTESIAN_POINT ( 'NONE',  ( 15.01818997635090192, -1.725172314968952403, 2.250000000000000000 ) ) ;
#484 = CARTESIAN_POINT ( 'NONE',  ( -2.084650732833801978, 4.014086380134340715, 7.500000000000000000 ) ) ;
#485 = CARTESIAN_POINT ( 'NONE',  ( 0.1637136738202155661, 2.062174214696594898, 7.144154489914471107 ) ) ;
#486 = CARTESIAN_POINT ( 'NONE',  ( -17.44652893141610761, -1.054648810832748529, 2.400126207577291115 ) ) ;
#487 = CIRCLE ( 'NONE', #1159, 1.000000000000000000 ) ;
#488 = CARTESIAN_POINT ( 'NONE',  ( 19.83296401112548679, 0.2739499633921282928, 2.499999999999999556 ) ) ;
#489 = ORIENTED_EDGE ( 'NONE', *, *, #3285, .T. ) ;
#490 = EDGE_CURVE ( 'NONE', #1707, #2427, #2823, .T. ) ;
#491 = EDGE_CURVE ( 'NONE', #2210, #1531, #3427, .T. ) ;
#492 = VECTOR ( 'NONE', #3516, 1000.000000000000000 ) ;
#493 = EDGE_LOOP ( 'NONE', ( #1918, #4157, #1152 ) ) ;
#494 = CIRCLE ( 'NONE', #2368, 0.2499999999999998335 ) ;
#495 = CARTESIAN_POINT ( 'NONE',  ( -11.03226985042036823, -2.474987477922806267, 2.250000000000000444 ) ) ;
#496 = CARTESIAN_POINT ( 'NONE',  ( -17.65350046962013764, -1.313458538391812702, -2.132283457325193421 ) ) ;
#497 = CIRCLE ( 'NONE', #2979, 0.2499999999999998335 ) ;
#498 = DIRECTION ( 'NONE',  ( -1.000000000000000000, 0.000000000000000000, 0.000000000000000000 ) ) ;
#499 = DIRECTION ( 'NONE',  ( -0.000000000000000000, 0.000000000000000000, 1.000000000000000000 ) ) ;
#500 = EDGE_CURVE ( 'NONE', #2210, #540, #3583, .T. ) ;
#501 = ORIENTED_EDGE ( 'NONE', *, *, #1750, .F. ) ;
#502 = AXIS2_PLACEMENT_3D ( 'NONE', #2422, #1292, #1341 ) ;
#503 = AXIS2_PLACEMENT_3D ( 'NONE', #4291, #3911, #2114 ) ;
#504 = CARTESIAN_POINT ( 'NONE',  ( 12.39248711081529919, -2.496237148862063382, -0.1558465374634458167 ) ) ;
#505 = DIRECTION ( 'NONE',  ( -1.000000000000000000, -0.000000000000000000, -0.000000000000000000 ) ) ;
#506 = EDGE_CURVE ( 'NONE', #824, #771, #4021, .T. ) ;
#507 = ORIENTED_EDGE ( 'NONE', *, *, #3425, .F. ) ;
#508 = CARTESIAN_POINT ( 'NONE',  ( -15.88831121229690524, 1.457442703908644832, -2.072003618432634475 ) ) ;
#509 = CARTESIAN_POINT ( 'NONE',  ( -20.62499999999999645, -6.289817210831196335E-16, 2.500000000000000444 ) ) ;
#510 = FACE_BOUND ( 'NONE', #3152, .T. ) ;
#511 = CARTESIAN_POINT ( 'NONE',  ( 16.74166552203751834, -1.358342089302174038, 2.116997319942119038 ) ) ;
#512 = CARTESIAN_POINT ( 'NONE',  ( 1.702921117320811195, 3.326210626035900564, 6.223117603750681681 ) ) ;
#513 = CARTESIAN_POINT ( 'NONE',  ( 12.43845853607196972, -2.489155308073017547, -0.2359479429224596025 ) ) ;
#514 = CARTESIAN_POINT ( 'NONE',  ( 0.000000000000000000, 0.000000000000000000, 3.400000000000000355 ) ) ;
#515 = CARTESIAN_POINT ( 'NONE',  ( 15.77381990457081962, -1.259746078159565075, 2.500000000000000444 ) ) ;
#516 = ORIENTED_EDGE ( 'NONE', *, *, #921, .T. ) ;
#517 = ORIENTED_EDGE ( 'NONE', *, *, #3402, .T. ) ;
#518 = CARTESIAN_POINT ( 'NONE',  ( -8.058162930698971493, 3.189959577880047359, 2.500000000000000000 ) ) ;
#519 = B_SPLINE_CURVE_WITH_KNOTS ( 'NONE', 3,
 ( #3378, #3468, #2709, #3768, #1682, #4521, #4144, #2335, #3746, #2731, #3816, #3726, #1945, #4120, #4452, #4168, #1966, #3110, #1274, #3021 ),
 .UNSPECIFIED., .F., .F.,
 ( 4, 2, 2, 2, 2, 2, 2, 2, 2, 4 ),
 ( 0.000000000000000000, 0.001152926857977073800, 0.001729390286965608314, 0.002017622001459875788, 0.002305853715954142829, 0.002449969573201276566, 0.002594085430448410303, 0.002882317144942674308, 0.003458780573931203185, 0.004611707431908256168 ),
 .UNSPECIFIED. ) ;
#520 = EDGE_CURVE ( 'NONE', #2747, #2990, #708, .T. ) ;
#521 = CARTESIAN_POINT ( 'NONE',  ( -14.17661858865518987, 3.030384319547283933, 1.751219825105331029 ) ) ;
#522 = ORIENTED_EDGE ( 'NONE', *, *, #2831, .T. ) ;
#523 = CARTESIAN_POINT ( 'NONE',  ( 13.52533076633812215, -2.181725096763487137, 1.545226512738906877 ) ) ;
#524 = EDGE_CURVE ( 'NONE', #2697, #1241, #2393, .T. ) ;
#525 = FACE_OUTER_BOUND ( 'NONE', #3379, .T. ) ;
#526 = ORIENTED_EDGE ( 'NONE', *, *, #2500, .T. ) ;
#527 = AXIS2_PLACEMENT_3D ( 'NONE', #1090, #2094, #3526 ) ;
#528 = CARTESIAN_POINT ( 'NONE',  ( -17.84717124469165839, 0.9227136938205799943, -2.423713209598601814 ) ) ;
#529 = ADVANCED_FACE ( 'NONE', ( #3442 ), #438, .F. ) ;
#530 = FACE_OUTER_BOUND ( 'NONE', #4235, .T. ) ;
#531 = CIRCLE ( 'NONE', #3462, 1.000000000000000000 ) ;
#532 = CARTESIAN_POINT ( 'NONE',  ( 15.82196239302755281, 1.494400202766044350, 2.329803393086470109 ) ) ;
#533 = DIRECTION ( 'NONE',  ( 0.2940858488375206470, -0.9557790087219508735, 0.000000000000000000 ) ) ;
#534 = CARTESIAN_POINT ( 'NONE',  ( -12.64348997591873847, -2.413196442523868779, 0.6656949861714731576 ) ) ;
#535 = VECTOR ( 'NONE', #78, 1000.000000000000000 ) ;
#536 = EDGE_CURVE ( 'NONE', #2614, #2378, #4309, .T. ) ;
#537 = CARTESIAN_POINT ( 'NONE',  ( 15.17718499613229888, 1.676250770420831815, 2.260615553530103128 ) ) ;
#538 = CARTESIAN_POINT ( 'NONE',  ( 8.825619661674457106, 8.130709537762699668, 2.500000000000000000 ) ) ;
#539 = EDGE_LOOP ( 'NONE', ( #1146, #4213, #3758, #3101 ) ) ;
#540 = VERTEX_POINT ( 'NONE', #3395 ) ;
#541 = DIRECTION ( 'NONE',  ( -0.1534913461950991320, -0.9881499919765299733, 0.000000000000000000 ) ) ;
#542 = CARTESIAN_POINT ( 'NONE',  ( 17.38978178385483631, 0.9870815932422338790, -2.500000000000000444 ) ) ;
#543 = DIRECTION ( 'NONE',  ( 1.000000000000000000, 0.000000000000000000, 0.000000000000000000 ) ) ;
#544 = CARTESIAN_POINT ( 'NONE',  ( -17.44531805577652506, 1.055017192353571387, -2.400057332312766967 ) ) ;
#545 = VERTEX_POINT ( 'NONE', #2283 ) ;
#546 = PRODUCT_DEFINITION ( 'UNKNOWN', '', #906, #2484 ) ;
#547 = EDGE_CURVE ( 'NONE', #2732, #2286, #845, .T. ) ;
#548 = DIRECTION ( 'NONE',  ( -1.000000000000000000, 0.000000000000000000, 0.000000000000000000 ) ) ;
#549 = ORIENTED_EDGE ( 'NONE', *, *, #2996, .T. ) ;
#550 = EDGE_CURVE ( 'NONE', #1715, #2614, #819, .T. ) ;
#551 = CARTESIAN_POINT ( 'NONE',  ( -19.04144185414407531, 0.5405743159629962102, -2.473615854737455599 ) ) ;
#552 = DIRECTION ( 'NONE',  ( -1.000000000000000000, 0.000000000000000000, 0.000000000000000000 ) ) ;
#553 = CARTESIAN_POINT ( 'NONE',  ( -15.55899789406614531, -1.567628793066963011, -2.284594201836910976 ) ) ;
#554 = CARTESIAN_POINT ( 'NONE',  ( 19.16224559184434639, 0.7093541216002438032, 2.403817586563574693 ) ) ;
#555 = CARTESIAN_POINT ( 'NONE',  ( -2.086536955410117411, 4.155987094321690556, 5.134486372787091746 ) ) ;
#556 = CARTESIAN_POINT ( 'NONE',  ( 17.93777057993065682, -1.028669704029459675, -2.288844333386264474 ) ) ;
#557 = CARTESIAN_POINT ( 'NONE',  ( -8.000815763067205211, 17.04097486361366975, 2.250000000000000444 ) ) ;
#558 = CARTESIAN_POINT ( 'NONE',  ( 15.83196111628430636, -1.497694811084300470, -2.299999999999999822 ) ) ;
#559 = ORIENTED_EDGE ( 'NONE', *, *, #3907, .F. ) ;
#560 = ORIENTED_EDGE ( 'NONE', *, *, #400, .F. ) ;
#561 = CARTESIAN_POINT ( 'NONE',  ( -8.000815763067205211, 17.04097486361366975, -2.500000000000000000 ) ) ;
#562 = AXIS2_PLACEMENT_3D ( 'NONE', #1216, #842, #1554 ) ;
#563 = CARTESIAN_POINT ( 'NONE',  ( 8.019790094150197390, 2.942922079885916808, 2.500000000000000000 ) ) ;
#564 = LINE ( 'NONE', #278, #861 ) ;
#565 = VECTOR ( 'NONE', #2653, 1000.000000000000000 ) ;
#566 = CIRCLE ( 'NONE', #3198, 5.000000000000000000 ) ;
#567 = CARTESIAN_POINT ( 'NONE',  ( -8.825619661674457106, -8.130709537762699668, 2.250000000000000444 ) ) ;
#568 = EDGE_LOOP ( 'NONE', ( #1031, #1896, #3456, #3369 ) ) ;
#569 = B_SPLINE_CURVE_WITH_KNOTS ( 'NONE', 3,
 ( #1524, #4437, #3336, #103, #1549, #4416, #2621, #4062, #130, #837 ),
 .UNSPECIFIED., .F., .F.,
 ( 4, 2, 2, 2, 4 ),
 ( 0.000000000000000000, 0.001239372065399672309, 0.002478744130799344619, 0.003718116196199016711, 0.004957488261598689237 ),
 .UNSPECIFIED. ) ;
#570 = DIRECTION ( 'NONE',  ( -0.7354683051395386473, -0.6775591281468905658, 0.000000000000000000 ) ) ;
#571 = TOROIDAL_SURFACE ( 'NONE', #2295, 1.800000000000000044, 0.1000000000000000056 ) ;
#572 = CARTESIAN_POINT ( 'NONE',  ( 13.65213643974056978, -2.145346156840184815, -1.307903226119541573 ) ) ;
#573 = CARTESIAN_POINT ( 'NONE',  ( -1.484841165178251599, 2.622609802188660133, 6.606852470103268260 ) ) ;
#574 = CIRCLE ( 'NONE', #3275, 0.2499999999999999445 ) ;
#575 = VERTEX_POINT ( 'NONE', #158 ) ;
#576 = CARTESIAN_POINT ( 'NONE',  ( 20.62499999999998934, -5.344902608133099197E-15, 2.500000000000000444 ) ) ;
#577 = CARTESIAN_POINT ( 'NONE',  ( -15.01818997635090547, 1.725172314968953513, -2.500000000000000444 ) ) ;
#578 = ADVANCED_FACE ( 'NONE', ( #1604 ), #1220, .F. ) ;
#579 = CARTESIAN_POINT ( 'NONE',  ( -1.626932579483896690, 5.250946547988246671, 3.600000000000000089 ) ) ;
#580 = DIRECTION ( 'NONE',  ( -0.000000000000000000, -0.000000000000000000, 1.000000000000000000 ) ) ;
#581 = CARTESIAN_POINT ( 'NONE',  ( -12.91951591070166572, -2.410733740817009529, 0.6644005925853185834 ) ) ;
#582 = CARTESIAN_POINT ( 'NONE',  ( 15.83196111628430636, 1.497694811084300692, 2.300000000000000266 ) ) ;
#583 = CARTESIAN_POINT ( 'NONE',  ( -15.01818997635090014, 1.725172314968953291, 2.249999999999999112 ) ) ;
#584 = VERTEX_POINT ( 'NONE', #2238 ) ;
#585 = DIRECTION ( 'NONE',  ( 0.9881499919765299733, -0.1534913461950988545, -0.000000000000000000 ) ) ;
#586 = CARTESIAN_POINT ( 'NONE',  ( -12.66952785658204661, 2.406624598092079736, 0.9156318624681260010 ) ) ;
#587 = LINE ( 'NONE', #1339, #3058 ) ;
#588 = ADVANCED_FACE ( 'NONE', ( #4423 ), #571, .F. ) ;
#589 = CARTESIAN_POINT ( 'NONE',  ( -19.01056280285255085, -0.4300262167329021445, -2.500000000000000000 ) ) ;
#590 = CARTESIAN_POINT ( 'NONE',  ( 8.825619661674457106, -8.130709537762699668, 2.500000000000000000 ) ) ;
#591 = ORIENTED_EDGE ( 'NONE', *, *, #269, .F. ) ;
#592 = CARTESIAN_POINT ( 'NONE',  ( 0.000000000000000000, 0.000000000000000000, -2.250000000000000888 ) ) ;
#593 =( BOUNDED_SURFACE ( )  B_SPLINE_SURFACE ( 3, 2, ( 
 ( #1976, #3141, #2065 ),
 ( #4152, #932, #4179 ),
 ( #2764, #1303, #4129 ),
 ( #3052, #3451, #3117 ),
 ( #4528, #556, #1258 ),
 ( #267, #3431, #1642 ),
 ( #1688, #4556, #2738 ),
 ( #1331, #1666, #4224 ),
 ( #2044, #216, #3074 ),
 ( #1713, #1619, #4483 ) ),
 .UNSPECIFIED., .F., .F., .F. ) 
 B_SPLINE_SURFACE_WITH_KNOTS ( ( 4, 2, 2, 2, 4 ),
 ( 3, 3 ),
 ( 0.006071148258653430441, 0.007398017313136694313, 0.008724886367619958186, 0.01005175542210322293, 0.01137862447658648593 ),
 ( 0.000000000000000000, 0.7846917598839828756 ),
 .UNSPECIFIED. ) 
 GEOMETRIC_REPRESENTATION_ITEM ( )  RATIONAL_B_SPLINE_SURFACE ( (
 ( 1.000000000000000000, 0.9321115923894062183, 0.9707661328661685296),
 ( 1.000000000000000000, 0.9436014858005330463, 0.9757138703251091449),
 ( 1.000000000000000000, 0.9534519681637390054, 0.9799556503689406117),
 ( 1.000000000000000000, 0.9703282500822777434, 0.9872228554881052887),
 ( 1.000000000000000000, 0.9773663177380778055, 0.9902535634096807371),
 ( 1.000000000000000000, 0.9886247232243798866, 0.9951016183532173098),
 ( 1.000000000000000000, 0.9928670848174019348, 0.9969284491702761208),
 ( 1.000000000000000000, 0.9985686370295430159, 0.9993836315157272887),
 ( 1.000000000000000000, 0.9999999299076062220, 0.9999999698170600748),
 ( 1.000000000000000000, 1.000000000000000000, 1.000000000000000000) ) ) 
 REPRESENTATION_ITEM ( '' )  SURFACE ( )  );
#594 = CARTESIAN_POINT ( 'NONE',  ( 0.7466643743189890214, 5.703584360268711073, 3.433333333333743020 ) ) ;
#595 = DIRECTION ( 'NONE',  ( 0.2010382166358767320, -0.9795833989262304753, 0.000000000000000000 ) ) ;
#596 = ORIENTED_EDGE ( 'NONE', *, *, #3278, .F. ) ;
#597 = CARTESIAN_POINT ( 'NONE',  ( -15.21864665415459861, 1.401926596630595823, 2.500000000000000000 ) ) ;
#598 = CARTESIAN_POINT ( 'NONE',  ( 0.000000000000000000, 0.000000000000000000, -2.500000000000000000 ) ) ;
#599 = CARTESIAN_POINT ( 'NONE',  ( 14.53320012073744039, 1.874399962849875534, 1.705069307580233451 ) ) ;
#600 = CARTESIAN_POINT ( 'NONE',  ( -1.573552611858270556, 2.697701954536803282, 6.646613250207265899 ) ) ;
#601 = CARTESIAN_POINT ( 'NONE',  ( -13.17813461945265097, -2.278130427454162721, 1.319546343284194734 ) ) ;
#602 = B_SPLINE_CURVE_WITH_KNOTS ( 'NONE', 3,
 ( #1747, #2028, #1338, #633 ),
 .UNSPECIFIED., .F., .F.,
 ( 4, 4 ),
 ( 0.000000000000000000, 0.005012088390337722695 ),
 .UNSPECIFIED. ) ;
#603 = AXIS2_PLACEMENT_3D ( 'NONE', #245, #140, #959 ) ;
#604 = FACE_OUTER_BOUND ( 'NONE', #865, .T. ) ;
#605 = ORIENTED_EDGE ( 'NONE', *, *, #2193, .F. ) ;
#606 = LINE ( 'NONE', #3827, #4545 ) ;
#607 = DIRECTION ( 'NONE',  ( 0.9939031688643759077, -0.1102564779110597332, -1.077591974922985347E-15 ) ) ;
#608 = VERTEX_POINT ( 'NONE', #797 ) ;
#609 = CARTESIAN_POINT ( 'NONE',  ( -11.03226985042036823, 2.474987477922806711, 2.500000000000000000 ) ) ;
#610 = AXIS2_PLACEMENT_3D ( 'NONE', #3592, #1790, #4628 ) ;
#611 = CARTESIAN_POINT ( 'NONE',  ( -15.77381990457081962, -1.259746078159565075, 2.500000000000000444 ) ) ;
#612 = CARTESIAN_POINT ( 'NONE',  ( 16.64317442014623794, 1.289217394934560668, -2.348840251431552950 ) ) ;
#613 = CARTESIAN_POINT ( 'NONE',  ( -15.82227091433204791, -1.458036688930181013, -2.500000000000000444 ) ) ;
#614 = DIRECTION ( 'NONE',  ( 1.000000000000000000, -0.000000000000000000, -0.000000000000000000 ) ) ;
#615 = EDGE_LOOP ( 'NONE', ( #3769, #2596, #3669, #3398 ) ) ;
#616 = CARTESIAN_POINT ( 'NONE',  ( -11.07064268696914411, -2.722024975916939038, 2.250000000000000444 ) ) ;
#617 = CARTESIAN_POINT ( 'NONE',  ( 12.75777363031752465, -2.385254082727728431, -0.9941807502187546275 ) ) ;
#618 = CARTESIAN_POINT ( 'NONE',  ( -15.28738770794583779, 1.642342243708973859, -2.267973411581427623 ) ) ;
#619 = VERTEX_POINT ( 'NONE', #2583 ) ;
#620 = EDGE_CURVE ( 'NONE', #1405, #2614, #2448, .T. ) ;
#621 =( BOUNDED_SURFACE ( )  B_SPLINE_SURFACE ( 3, 2, ( 
 ( #2691, #954, #1997 ),
 ( #976, #4578, #1284 ),
 ( #2366, #2412, #3823 ),
 ( #601, #2717, #3096 ),
 ( #3846, #3475, #626 ),
 ( #3501, #1354, #909 ),
 ( #2789, #3799, #581 ),
 ( #998, #534, #171 ),
 ( #1377, #2903, #3233 ),
 ( #734, #4311, #2458 ),
 ( #3871, #2132, #2092 ),
 ( #3524, #4267, #1041 ),
 ( #3955, #4624, #316 ),
 ( #1423, #2810, #4247 ),
 ( #2155, #1110, #3563 ),
 ( #1760, #3254, #3927 ),
 ( #3548, #3165, #653 ),
 ( #2837, #2, #691 ),
 ( #293, #3589, #2475 ),
 ( #360, #1446, #1738 ),
 ( #4334, #338, #2878 ),
 ( #1787, #4600, #1829 ),
 ( #1022, #1088, #711 ),
 ( #2858, #383, #1804 ),
 ( #2523, #3892, #3213 ),
 ( #3187, #24, #2176 ) ),
 .UNSPECIFIED., .F., .F., .F. ) 
 B_SPLINE_SURFACE_WITH_KNOTS ( ( 4, 2, 2, 2, 2, 2, 2, 2, 2, 2, 2, 2, 4 ),
 ( 3, 3 ),
 ( -2.602085213965210642E-18, 0.0006600301734030055312, 0.001320060346806013665, 0.001650075433507517840, 0.001980090520209022015, 0.002310105606910525973, 0.002640120693612029931, 0.002970135780313533889, 0.003300150867015037848, 0.003630165953716541806, 0.003960181040418045764, 0.004620211213821053681, 0.005280241387224062465 ),
 ( 0.000000000000000000, 1.000000000000000000 ),
 .UNSPECIFIED. ) 
 GEOMETRIC_REPRESENTATION_ITEM ( )  RATIONAL_B_SPLINE_SURFACE ( (
 ( 1.000000000000000000, 0.9559122584498942476, 1.000000000000000000),
 ( 1.000000000000000000, 0.9606857467796587891, 1.000000000000000000),
 ( 1.000000000000000000, 0.9651581687277380750, 1.000000000000000000),
 ( 1.000000000000000000, 0.9734798300929240478, 1.000000000000000000),
 ( 1.000000000000000000, 0.9773324532566487477, 1.000000000000000000),
 ( 1.000000000000000000, 0.9825833295383433752, 1.000000000000000000),
 ( 1.000000000000000000, 0.9842451473058426714, 1.000000000000000000),
 ( 1.000000000000000000, 0.9873587237459939825, 1.000000000000000000),
 ( 1.000000000000000000, 0.9888124952854638883, 1.000000000000000000),
 ( 1.000000000000000000, 0.9913515808468461588, 1.000000000000000000),
 ( 1.000000000000000000, 0.9924536467042690546, 1.000000000000000000),
 ( 1.000000000000000000, 0.9940274091549627933, 1.000000000000000000),
 ( 1.000000000000000000, 0.9945062617384136106, 1.000000000000000000),
 ( 1.000000000000000000, 0.9945338904719153161, 1.000000000000000000),
 ( 1.000000000000000000, 0.9940872525635953139, 1.000000000000000000),
 ( 1.000000000000000000, 0.9925208107429661641, 1.000000000000000000),
 ( 1.000000000000000000, 0.9914391759742815502, 1.000000000000000000),
 ( 1.000000000000000000, 0.9889202376553321017, 1.000000000000000000),
 ( 1.000000000000000000, 0.9874728392083239603, 1.000000000000000000),
 ( 1.000000000000000000, 0.9843831489281599234, 1.000000000000000000),
 ( 1.000000000000000000, 0.9827272827566037039, 1.000000000000000000),
 ( 1.000000000000000000, 0.9774783996013659548, 1.000000000000000000),
 ( 1.000000000000000000, 0.9736062005106973505, 1.000000000000000000),
 ( 1.000000000000000000, 0.9652079732506102516, 1.000000000000000000),
 ( 1.000000000000000000, 0.9607054044307211660, 1.000000000000000000),
 ( 1.000000000000000000, 0.9559122584498943587, 1.000000000000000000) ) ) 
 REPRESENTATION_ITEM ( '' )  SURFACE ( )  );
#622 = DIRECTION ( 'NONE',  ( 0.9714216343455922553, -0.2373605028755598478, 8.235096732157889210E-16 ) ) ;
#623 = CARTESIAN_POINT ( 'NONE',  ( -12.68529209423004289, 2.402836663973566989, -0.9301608303360869856 ) ) ;
#624 = CARTESIAN_POINT ( 'NONE',  ( -20.62499999999999645, 7.276853601411253864E-16, -2.500000000000000444 ) ) ;
#625 = CARTESIAN_POINT ( 'NONE',  ( 15.77044011430101023, -1.493710734061228118, -2.250000000000000888 ) ) ;
#626 = CARTESIAN_POINT ( 'NONE',  ( -13.25855617608095827, -2.350676630417890767, 0.8569010768962449509 ) ) ;
#627 = CARTESIAN_POINT ( 'NONE',  ( -20.62500000000000000, 0.000000000000000000, 2.500000000000000000 ) ) ;
#628 = ORIENTED_EDGE ( 'NONE', *, *, #2684, .T. ) ;
#629 = CARTESIAN_POINT ( 'NONE',  ( -14.94466851414152053, -1.486227562788466239, -2.500000000000000000 ) ) ;
#630 = DIRECTION ( 'NONE',  ( -0.000000000000000000, -0.000000000000000000, 1.000000000000000000 ) ) ;
#631 = VERTEX_POINT ( 'NONE', #1174 ) ;
#632 = ORIENTED_EDGE ( 'NONE', *, *, #2758, .F. ) ;
#633 = CARTESIAN_POINT ( 'NONE',  ( 20.62500000000000000, 0.000000000000000000, -2.500000000000000000 ) ) ;
#634 = CARTESIAN_POINT ( 'NONE',  ( -18.64503363653430767, -0.6709567711838464454, -2.458589866111514421 ) ) ;
#635 = FACE_OUTER_BOUND ( 'NONE', #2282, .T. ) ;
#636 = EDGE_CURVE ( 'NONE', #2423, #1957, #1852, .T. ) ;
#637 = EDGE_CURVE ( 'NONE', #2003, #4427, #1156, .T. ) ;
#638 = CARTESIAN_POINT ( 'NONE',  ( 16.47222280646355941, 1.660031827966056861, -1.873507625881413619 ) ) ;
#639 = ORIENTED_EDGE ( 'NONE', *, *, #1709, .T. ) ;
#640 = APPLICATION_CONTEXT ( 'configuration controlled 3d designs of mechanical parts and assemblies' ) ;
#641 = CARTESIAN_POINT ( 'NONE',  ( -1.578966344687257495, 5.503080032800411914, 3.506217478527011266 ) ) ;
#642 = CARTESIAN_POINT ( 'NONE',  ( 20.62500000000000000, 0.000000000000000000, 2.500000000000000000 ) ) ;
#643 = AXIS2_PLACEMENT_3D ( 'NONE', #62, #114, #1959 ) ;
#644 = AXIS2_PLACEMENT_3D ( 'NONE', #1955, #3736, #1861 ) ;
#645 = CARTESIAN_POINT ( 'NONE',  ( 11.07064268696914411, -2.722024975916939038, 2.250000000000000444 ) ) ;
#646 = ORIENTED_EDGE ( 'NONE', *, *, #3939, .T. ) ;
#647 = AXIS2_PLACEMENT_3D ( 'NONE', #3787, #4261, #570 ) ;
#648 = CARTESIAN_POINT ( 'NONE',  ( 18.76478540632441749, -0.8857044216658488400, 2.343709057253289263 ) ) ;
#649 = CARTESIAN_POINT ( 'NONE',  ( -12.68274252029294935, 2.450413295900266686, -0.4994485159979644151 ) ) ;
#650 = AXIS2_PLACEMENT_3D ( 'NONE', #669, #2106, #1018 ) ;
#651 = CARTESIAN_POINT ( 'NONE',  ( -17.39430162819764547, -0.8531784095977156257, -2.500000000000000444 ) ) ;
#652 = CARTESIAN_POINT ( 'NONE',  ( -5.148278135976766201, 4.742913897028242509, 2.500000000000000000 ) ) ;
#653 = CARTESIAN_POINT ( 'NONE',  ( -12.54078786519617772, -2.473232492241662861, -0.3702967483103528079 ) ) ;
#654 = CARTESIAN_POINT ( 'NONE',  ( 24.75000000000000000, 0.000000000000000000, 2.500000000000000000 ) ) ;
#655 = CARTESIAN_POINT ( 'NONE',  ( 19.83296401112548679, -0.2739499633921284039, -2.500000000000000000 ) ) ;
#656 = CARTESIAN_POINT ( 'NONE',  ( -1.528966497864150842, 5.524472617386688711, 3.487014585633051666 ) ) ;
#657 = CARTESIAN_POINT ( 'NONE',  ( 1.853222439985826808, 4.071824036890127729, 5.554490542115907203 ) ) ;
#658 = CARTESIAN_POINT ( 'NONE',  ( -15.54283603423703042, -1.540212579018691574, 2.500000000000000888 ) ) ;
#659 = CARTESIAN_POINT ( 'NONE',  ( -1.997762505937452637, 4.592847367580075613, 4.605768332041566993 ) ) ;
#660 = CARTESIAN_POINT ( 'NONE',  ( 13.88253273981766611, 2.074605310825333504, 2.250000000000000444 ) ) ;
#661 = EDGE_LOOP ( 'NONE', ( #2101, #2839, #3098 ) ) ;
#662 = ORIENTED_EDGE ( 'NONE', *, *, #4412, .T. ) ;
#663 = CARTESIAN_POINT ( 'NONE',  ( 0.6237048256052466488, 5.622365364374386942, 3.500000000000000000 ) ) ;
#664 = ADVANCED_FACE ( 'NONE', ( #2630 ), #2325, .T. ) ;
#665 = EDGE_CURVE ( 'NONE', #479, #4112, #3205, .T. ) ;
#666 = CARTESIAN_POINT ( 'NONE',  ( 12.16031458184322567, 2.521708236481192245, -0.1137825343127752131 ) ) ;
#667 = DIRECTION ( 'NONE',  ( -0.1534913461950991320, 0.9881499919765299733, 0.000000000000000000 ) ) ;
#668 = EDGE_LOOP ( 'NONE', ( #4325, #3327, #4530, #2832, #4333, #2852, #3291, #1100 ) ) ;
#669 = CARTESIAN_POINT ( 'NONE',  ( 0.000000000000000000, 4.000000000000001776, 3.500000000000000000 ) ) ;
#670 = DIRECTION ( 'NONE',  ( -0.1534913461950991320, 0.9881499919765299733, 0.000000000000000000 ) ) ;
#671 = CARTESIAN_POINT ( 'NONE',  ( 12.16031458184321679, -2.521708236481194021, 0.1137825343127550348 ) ) ;
#672 = CARTESIAN_POINT ( 'NONE',  ( -15.82196492935749887, -1.494400926266589158, 2.329795718455685449 ) ) ;
#673 = CARTESIAN_POINT ( 'NONE',  ( 19.01056280285255085, -0.4300262167329021445, -2.500000000000000000 ) ) ;
#674 = CARTESIAN_POINT ( 'NONE',  ( 4.964411059691882677, -4.573524114991520229, 2.250000000000000444 ) ) ;
#675 = AXIS2_PLACEMENT_3D ( 'NONE', #2906, #2930, #1211 ) ;
#676 = CARTESIAN_POINT ( 'NONE',  ( -14.17661858865518987, 2.164560228248059826, 1.250871303646665211 ) ) ;
#677 = DIRECTION ( 'NONE',  ( -1.000000000000000000, 1.224646799147353207E-16, 0.000000000000000000 ) ) ;
#678 = CARTESIAN_POINT ( 'NONE',  ( -2.065225393193919068, 4.877550446250591420, 4.436160805954144415 ) ) ;
#679 = ADVANCED_FACE ( 'NONE', ( #1981 ), #3412, .T. ) ;
#680 = CARTESIAN_POINT ( 'NONE',  ( -2.084650732833802422, 4.014086380134340715, 5.287725775868034717 ) ) ;
#681 = AXIS2_PLACEMENT_3D ( 'NONE', #1092, #2135, #717 ) ;
#682 = ORIENTED_EDGE ( 'NONE', *, *, #3797, .F. ) ;
#683 = ORIENTED_EDGE ( 'NONE', *, *, #1304, .T. ) ;
#684 = CARTESIAN_POINT ( 'NONE',  ( 12.91951591070148275, 2.410733740816936699, -0.6644005925856066863 ) ) ;
#685 = CARTESIAN_POINT ( 'NONE',  ( 12.32322468175128982, 2.486470498879996605, -0.5162149148252592745 ) ) ;
#686 = CARTESIAN_POINT ( 'NONE',  ( -15.83196111628431346, 1.497694811084301802, -2.299999999999986056 ) ) ;
#687 = EDGE_LOOP ( 'NONE', ( #3142, #141, #4043, #1261 ) ) ;
#688 = CARTESIAN_POINT ( 'NONE',  ( -15.49540779720809702, 1.327774247187155643, 2.500000000000000444 ) ) ;
#689 = EDGE_CURVE ( 'NONE', #1250, #4547, #4641, .T. ) ;
#690 = CARTESIAN_POINT ( 'NONE',  ( 12.44644559143877416, -2.458785366965602570, -0.6833662969318894387 ) ) ;
#691 = CARTESIAN_POINT ( 'NONE',  ( -12.67700190186672948, -2.451349310867403375, -0.4948587663152335114 ) ) ;
#692 = B_SPLINE_CURVE_WITH_KNOTS ( 'NONE', 3,
 ( #4647, #2498, #3928, #4603, #3590, #627 ),
 .UNSPECIFIED., .F., .F.,
 ( 4, 2, 4 ),
 ( 0.000000000000000000, 0.002514224739041510080, 0.005028449478083020160 ),
 .UNSPECIFIED. ) ;
#693 = CARTESIAN_POINT ( 'NONE',  ( -14.94466851414152586, -1.486227562788464462, 2.500000000000000000 ) ) ;
#694 = CARTESIAN_POINT ( 'NONE',  ( 8.000815763067205211, 17.04097486361366975, -2.250000000000000888 ) ) ;
#695 = CARTESIAN_POINT ( 'NONE',  ( -1.443763982166547777, 5.391648170158656939, 3.523735488700597607 ) ) ;
#696 = CARTESIAN_POINT ( 'NONE',  ( 1.090062083565858764, 5.446956579435861201, 3.944602879925353189 ) ) ;
#697 = CARTESIAN_POINT ( 'NONE',  ( 1.436652459650679337, 5.314241789471500610, 4.039860046247524039 ) ) ;
#698 = SPHERICAL_SURFACE ( 'NONE', #3277, 6.100000000000001421 ) ;
#699 = CARTESIAN_POINT ( 'NONE',  ( 20.62500000000000000, 0.000000000000000000, -2.500000000000000000 ) ) ;
#700 = VERTEX_POINT ( 'NONE', #3877 ) ;
#701 = ORIENTED_EDGE ( 'NONE', *, *, #665, .T. ) ;
#702 = CARTESIAN_POINT ( 'NONE',  ( 12.18660158051986464, 2.516148034411754164, -0.2285925086428527986 ) ) ;
#703 = CARTESIAN_POINT ( 'NONE',  ( 12.31887629857217092, 2.487430776189661241, 0.5094359207857955818 ) ) ;
#704 = CARTESIAN_POINT ( 'NONE',  ( -8.000815763067205211, -17.04097486361366975, -2.250000000000000888 ) ) ;
#705 = VERTEX_POINT ( 'NONE', #3103 ) ;
#706 = AXIS2_PLACEMENT_3D ( 'NONE', #1333, #1716, #1286 ) ;
#707 = CARTESIAN_POINT ( 'NONE',  ( -0.1846507328338020670, 4.014086380134340715, 7.500000000000000000 ) ) ;
#708 = CIRCLE ( 'NONE', #647, 0.2499999999999998335 ) ;
#709 = VERTEX_POINT ( 'NONE', #4159 ) ;
#710 = CARTESIAN_POINT ( 'NONE',  ( -1.137243890087030085, 5.541360512948036998, 3.500000000000000000 ) ) ;
#711 = CARTESIAN_POINT ( 'NONE',  ( -13.43132697264407227, -2.318302032987817451, -0.9399201392972307278 ) ) ;
#712 = ADVANCED_FACE ( 'NONE', ( #2349 ), #1404, .T. ) ;
#713 = CIRCLE ( 'NONE', #3581, 1.000000000000000444 ) ;
#714 = CARTESIAN_POINT ( 'NONE',  ( -8.825619661674457106, -8.130709537762699668, 2.250000000000000444 ) ) ;
#715 = ORIENTED_EDGE ( 'NONE', *, *, #2947, .T. ) ;
#716 = CARTESIAN_POINT ( 'NONE',  ( -5.148278135976766201, -4.742913897028242509, 2.250000000000000444 ) ) ;
#717 = DIRECTION ( 'NONE',  ( 0.000000000000000000, 0.000000000000000000, -1.000000000000000000 ) ) ;
#718 = AXIS2_PLACEMENT_3D ( 'NONE', #988, #252, #3085 ) ;
#719 = FACE_OUTER_BOUND ( 'NONE', #2382, .T. ) ;
#720 = CARTESIAN_POINT ( 'NONE',  ( -0.3495731327687340850, 2.050209690445637722, 7.135898145966542927 ) ) ;
#721 = ADVANCED_FACE ( 'NONE', ( #1289 ), #2373, .T. ) ;
#722 = CARTESIAN_POINT ( 'NONE',  ( -12.50000000000000000, -2.500000000000000000, 2.250000000000000444 ) ) ;
#723 = FACE_OUTER_BOUND ( 'NONE', #3829, .T. ) ;
#724 = ORIENTED_EDGE ( 'NONE', *, *, #4642, .T. ) ;
#725 = ORIENTED_EDGE ( 'NONE', *, *, #1193, .F. ) ;
#726 = CARTESIAN_POINT ( 'NONE',  ( 12.16037894695294774, 2.521694553196504263, -0.1168991766981478803 ) ) ;
#727 = EDGE_CURVE ( 'NONE', #4087, #2847, #602, .T. ) ;
#728 = CARTESIAN_POINT ( 'NONE',  ( 12.99302610662996749, 2.326679248964576452, 1.188512048868073601 ) ) ;
#729 = CARTESIAN_POINT ( 'NONE',  ( -1.626932579483896912, 5.250946547988246671, 3.600000000000000089 ) ) ;
#730 = VERTEX_POINT ( 'NONE', #1673 ) ;
#731 = LINE ( 'NONE', #1517, #3686 ) ;
#732 = ORIENTED_EDGE ( 'NONE', *, *, #1179, .F. ) ;
#733 = CARTESIAN_POINT ( 'NONE',  ( -12.74863044616683894, -2.387491447952319490, -0.9862505538982236919 ) ) ;
#734 = CARTESIAN_POINT ( 'NONE',  ( -12.32918547731713943, -2.485153695065178248, 0.5254361024074668540 ) ) ;
#735 = CARTESIAN_POINT ( 'NONE',  ( 0.000000000000000000, 0.000000000000000000, 3.500000000000000000 ) ) ;
#736 = EDGE_LOOP ( 'NONE', ( #1130, #1718, #3717, #1455 ) ) ;
#737 = CARTESIAN_POINT ( 'NONE',  ( 16.46011973711240373, 1.662691843971748185, -1.870901353112781607 ) ) ;
#738 = CYLINDRICAL_SURFACE ( 'NONE', #1512, 7.000000000000001776 ) ;
#739 = B_SPLINE_CURVE_WITH_KNOTS ( 'NONE', 3,
 ( #3188, #673, #2860, #3565 ),
 .UNSPECIFIED., .F., .F.,
 ( 4, 4 ),
 ( -1.942333608483724045E-05, 0.004992758832940770962 ),
 .UNSPECIFIED. ) ;
#740 = CARTESIAN_POINT ( 'NONE',  ( 1.678806768925529269, 4.904488220845667712, 4.625157330256906008 ) ) ;
#741 = CARTESIAN_POINT ( 'NONE',  ( -19.04086555967100480, -0.5472060642728323598, -2.476336563498847010 ) ) ;
#742 = DIRECTION ( 'NONE',  ( 1.000000000000000000, 0.000000000000000000, 0.000000000000000000 ) ) ;
#743 = LINE ( 'NONE', #3880, #1696 ) ;
#744 = ORIENTED_EDGE ( 'NONE', *, *, #1383, .T. ) ;
#745 = EDGE_CURVE ( 'NONE', #2174, #3323, #497, .T. ) ;
#746 = ORIENTED_EDGE ( 'NONE', *, *, #4520, .F. ) ;
#747 = VECTOR ( 'NONE', #4226, 1000.000000000000000 ) ;
#748 = CARTESIAN_POINT ( 'NONE',  ( 13.17813461945284459, 2.278130427454108986, -1.319546343284266676 ) ) ;
#749 = CARTESIAN_POINT ( 'NONE',  ( 18.03864087796205595, 1.175739230187762274, -2.212472816268486575 ) ) ;
#750 = CARTESIAN_POINT ( 'NONE',  ( -12.54078786519587574, 2.473232492241650426, 0.3702967483104220303 ) ) ;
#751 = AXIS2_PLACEMENT_3D ( 'NONE', #3861, #4571, #3208 ) ;
#752 = CARTESIAN_POINT ( 'NONE',  ( 19.13889244685700675, 0.7200303368510558855, 2.400807611626978755 ) ) ;
#753 = ORIENTED_EDGE ( 'NONE', *, *, #2193, .T. ) ;
#754 = VECTOR ( 'NONE', #4082, 1000.000000000000000 ) ;
#755 = DIRECTION ( 'NONE',  ( 0.9557790087219500963, -0.2940858488375230895, -0.000000000000000000 ) ) ;
#756 = EDGE_CURVE ( 'NONE', #3123, #355, #3651, .T. ) ;
#757 = ORIENTED_EDGE ( 'NONE', *, *, #1515, .F. ) ;
#758 = CARTESIAN_POINT ( 'NONE',  ( -24.75000000000000000, 0.000000000000000000, 0.000000000000000000 ) ) ;
#759 = DIRECTION ( 'NONE',  ( 0.2940858488375204804, -0.9557790087219509845, 0.000000000000000000 ) ) ;
#760 = FACE_OUTER_BOUND ( 'NONE', #1060, .T. ) ;
#761 = VERTEX_POINT ( 'NONE', #2051 ) ;
#762 = CARTESIAN_POINT ( 'NONE',  ( 15.01818997635090014, 1.725172314968953291, 2.249999999999999112 ) ) ;
#763 = APPLICATION_PROTOCOL_DEFINITION ( 'international standard', 'config_control_design', 1994, #1111 ) ;
#764 = CARTESIAN_POINT ( 'NONE',  ( 19.04144185415539425, -0.5405743159785635354, 2.473615854728702157 ) ) ;
#765 = CARTESIAN_POINT ( 'NONE',  ( -0.9210761796778971222, 2.258383387492154171, 6.993062075180827009 ) ) ;
#766 = FACE_OUTER_BOUND ( 'NONE', #3607, .T. ) ;
#767 =( BOUNDED_CURVE ( )  B_SPLINE_CURVE ( 3, ( #583, #2025, #1670, #3100 ),
 .UNSPECIFIED., .F., .F. ) 
 B_SPLINE_CURVE_WITH_KNOTS ( ( 4, 4 ),
 ( 5.584962833817026961, 5.759184046890844400 ),
 .UNSPECIFIED. ) 
 CURVE ( )  GEOMETRIC_REPRESENTATION_ITEM ( )  RATIONAL_B_SPLINE_CURVE ( ( 1.000000000000000000, 0.9974721798288450625, 0.9974721798288450625, 1.000000000000000000 ) ) 
 REPRESENTATION_ITEM ( '' )  );
#768 = CARTESIAN_POINT ( 'NONE',  ( 15.82227091433204791, -1.458036688930181013, -2.500000000000000444 ) ) ;
#769 = DIRECTION ( 'NONE',  ( 0.9881499919765299733, -0.1534913461950988545, -0.000000000000000000 ) ) ;
#770 = ORIENTED_EDGE ( 'NONE', *, *, #434, .F. ) ;
#771 = VERTEX_POINT ( 'NONE', #247 ) ;
#772 = CARTESIAN_POINT ( 'NONE',  ( 12.45432637161554723, 2.456990758681806497, 0.6928022735087879802 ) ) ;
#773 = DIRECTION ( 'NONE',  ( -1.000000000000000000, 0.000000000000000000, 0.000000000000000000 ) ) ;
#774 = EDGE_CURVE ( 'NONE', #3079, #1395, #4252, .T. ) ;
#775 = CARTESIAN_POINT ( 'NONE',  ( -13.65410046537876632, 2.144750100541337634, -1.308819247265616825 ) ) ;
#776 = CARTESIAN_POINT ( 'NONE',  ( 16.46012385473530060, 1.662690938999683787, 1.870902239800696254 ) ) ;
#777 = ORIENTED_EDGE ( 'NONE', *, *, #4003, .T. ) ;
#778 = CARTESIAN_POINT ( 'NONE',  ( 15.77044011430106529, 1.493710734061210799, -2.500000000000017319 ) ) ;
#779 = EDGE_LOOP ( 'NONE', ( #3999, #724, #919, #4277 ) ) ;
#780 = CARTESIAN_POINT ( 'NONE',  ( 1.018009447243067189, 5.539162748945322789, 3.755901765959249516 ) ) ;
#781 = CARTESIAN_POINT ( 'NONE',  ( -20.62499999999999645, -2.168404344971008868E-15, 2.500000000000000000 ) ) ;
#782 = DIRECTION ( 'NONE',  ( 0.000000000000000000, 0.000000000000000000, 1.000000000000000000 ) ) ;
#783 = VECTOR ( 'NONE', #138, 1000.000000000000000 ) ;
#784 = VERTEX_POINT ( 'NONE', #962 ) ;
#785 = DIRECTION ( 'NONE',  ( 0.000000000000000000, -0.000000000000000000, -1.000000000000000000 ) ) ;
#786 = AXIS2_PLACEMENT_3D ( 'NONE', #598, #1992, #2040 ) ;
#787 = CARTESIAN_POINT ( 'NONE',  ( 20.26117717742592106, -0.1814194387012143805, 2.500000000000000000 ) ) ;
#788 = CARTESIAN_POINT ( 'NONE',  ( 1.845056390396006218, 3.885844704617994250, 5.732410835468618515 ) ) ;
#789 = DIRECTION ( 'NONE',  ( -0.000000000000000000, -0.000000000000000000, -1.000000000000000000 ) ) ;
#790 = AXIS2_PLACEMENT_3D ( 'NONE', #592, #1726, #4612 ) ;
#791 = CARTESIAN_POINT ( 'NONE',  ( 16.64229904359726575, 1.289442362248261364, 2.348787546751574418 ) ) ;
#792 = LINE ( 'NONE', #4420, #1846 ) ;
#793 = AXIS2_PLACEMENT_3D ( 'NONE', #3282, #4411, #1493 ) ;
#794 = ORIENTED_EDGE ( 'NONE', *, *, #4495, .F. ) ;
#795 = ORIENTED_EDGE ( 'NONE', *, *, #490, .F. ) ;
#796 =( BOUNDED_SURFACE ( )  B_SPLINE_SURFACE ( 3, 2, ( 
 ( #2564, #1486, #4351 ),
 ( #43, #1327, #2919 ),
 ( #1127, #775, #2062 ),
 ( #4221, #2214, #2089 ),
 ( #3948, #1374, #3624 ),
 ( #3647, #263, #1822 ),
 ( #623, #397, #3160 ),
 ( #1710, #1842, #422 ),
 ( #972, #3113, #649 ),
 ( #4552, #2514, #2895 ),
 ( #3272, #2761, #4329 ),
 ( #2785, #4196, #3495 ),
 ( #2408, #4575, #3522 ),
 ( #3843, #3137, #1349 ),
 ( #995, #2429, #2538 ),
 ( #2169, #3865, #288 ),
 ( #3970, #1732, #750 ),
 ( #3602, #4597, #3247 ),
 ( #2807, #1079, #375 ),
 ( #16, #1459, #1104 ),
 ( #2192, #139, #2308 ),
 ( #1915, #4092, #1511 ),
 ( #2329, #2993, #2655 ),
 ( #1866, #1200, #1222 ),
 ( #1244, #160, #3039 ),
 ( #870, #3742, #2632 ) ),
 .UNSPECIFIED., .F., .F., .F. ) 
 B_SPLINE_SURFACE_WITH_KNOTS ( ( 4, 2, 2, 2, 2, 2, 2, 2, 2, 2, 2, 2, 4 ),
 ( 3, 3 ),
 ( -3.348016308635237692E-16, 0.0006600301734026652002, 0.001320060346805665202, 0.001650075433507165040, 0.001980090520208665095, 0.002310105606910165151, 0.002640120693611665206, 0.002970135780313165261, 0.003300150867014664882, 0.003630165953716164937, 0.003960181040417664992, 0.004620211213820665103, 0.005280241387223665213 ),
 ( 0.000000000000000000, 1.000000000000000000 ),
 .UNSPECIFIED. ) 
 GEOMETRIC_REPRESENTATION_ITEM ( )  RATIONAL_B_SPLINE_SURFACE ( (
 ( 1.000000000000000000, 0.9559122584499015751, 1.000000000000000000),
 ( 1.000000000000000000, 0.9606857467796435790, 1.000000000000000000),
 ( 1.000000000000000000, 0.9651581687277503985, 1.000000000000000000),
 ( 1.000000000000000000, 0.9734798300929117243, 1.000000000000000000),
 ( 1.000000000000000000, 0.9773324532566486367, 1.000000000000000000),
 ( 1.000000000000000000, 0.9825833295383432642, 1.000000000000000000),
 ( 1.000000000000000000, 0.9842451473058362321, 1.000000000000000000),
 ( 1.000000000000000000, 0.9873587237459997556, 1.000000000000000000),
 ( 1.000000000000000000, 0.9888124952854636662, 1.000000000000000000),
 ( 1.000000000000000000, 0.9913515808468459367, 1.000000000000000000),
 ( 1.000000000000000000, 0.9924536467042689436, 1.000000000000000000),
 ( 1.000000000000000000, 0.9940274091549626823, 1.000000000000000000),
 ( 1.000000000000000000, 0.9945062617384137216, 1.000000000000000000),
 ( 1.000000000000000000, 0.9945338904719154272, 1.000000000000000000),
 ( 1.000000000000000000, 0.9940872525635954249, 1.000000000000000000),
 ( 1.000000000000000000, 0.9925208107429662752, 1.000000000000000000),
 ( 1.000000000000000000, 0.9914391759742816612, 1.000000000000000000),
 ( 1.000000000000000000, 0.9889202376553322127, 1.000000000000000000),
 ( 1.000000000000000000, 0.9874728392083425010, 1.000000000000000000),
 ( 1.000000000000000000, 0.9843831489281416047, 1.000000000000000000),
 ( 1.000000000000000000, 0.9827272827566100322, 1.000000000000000000),
 ( 1.000000000000000000, 0.9774783996013539644, 1.000000000000000000),
 ( 1.000000000000000000, 0.9736062005106974615, 1.000000000000000000),
 ( 1.000000000000000000, 0.9652079732506103626, 1.000000000000000000),
 ( 1.000000000000000000, 0.9607054044307212770, 1.000000000000000000),
 ( 1.000000000000000000, 0.9559122584498944697, 1.000000000000000000) ) ) 
 REPRESENTATION_ITEM ( '' )  SURFACE ( )  );
#797 = CARTESIAN_POINT ( 'NONE',  ( -2.084650732833802422, 4.014086380134340715, 3.600000000000000089 ) ) ;
#798 = CIRCLE ( 'NONE', #4469, 1.899999999999999689 ) ;
#799 = DIRECTION ( 'NONE',  ( 1.000000000000000000, -0.000000000000000000, -0.000000000000000000 ) ) ;
#800 = LINE ( 'NONE', #116, #2292 ) ;
#801 = DIRECTION ( 'NONE',  ( -0.000000000000000000, -0.000000000000000000, -1.000000000000000000 ) ) ;
#802 = ORIENTED_EDGE ( 'NONE', *, *, #3118, .T. ) ;
#803 = ADVANCED_FACE ( 'NONE', ( #2395 ), #3935, .T. ) ;
#804 = CARTESIAN_POINT ( 'NONE',  ( 12.40498044579143944, 2.494345417923962582, -0.1861742190735719005 ) ) ;
#805 = ORIENTED_EDGE ( 'NONE', *, *, #4258, .T. ) ;
#806 = EDGE_CURVE ( 'NONE', #3943, #575, #2963, .T. ) ;
#807 = CARTESIAN_POINT ( 'NONE',  ( 1.157912876076601094, 5.586307536067875112, 3.559449701281904410 ) ) ;
#808 = CARTESIAN_POINT ( 'NONE',  ( 16.56503628381675952, -1.237011411424996821, 2.500000000000000000 ) ) ;
#809 = DIRECTION ( 'NONE',  ( -0.000000000000000000, -0.000000000000000000, 1.000000000000000000 ) ) ;
#810 = DIRECTION ( 'NONE',  ( -1.000000000000000000, 0.000000000000000000, 0.000000000000000000 ) ) ;
#811 = DATE_TIME_ROLE ( 'creation_date' ) ;
#812 = CARTESIAN_POINT ( 'NONE',  ( 0.3792017209146734680, 2.185166894343343991, 7.015332395912271757 ) ) ;
#813 = CARTESIAN_POINT ( 'NONE',  ( -19.82585497908229755, -0.2443264612894572585, 2.500000000000362377 ) ) ;
#814 = CARTESIAN_POINT ( 'NONE',  ( 15.55796683517996470, -1.567892953279846235, -2.284536010337828493 ) ) ;
#815 = FACE_OUTER_BOUND ( 'NONE', #2305, .T. ) ;
#816 = ORIENTED_EDGE ( 'NONE', *, *, #4456, .T. ) ;
#817 = EDGE_CURVE ( 'NONE', #3077, #3189, #2504, .T. ) ;
#818 = VERTEX_POINT ( 'NONE', #3261 ) ;
#819 = LINE ( 'NONE', #3037, #4320 ) ;
#820 = CARTESIAN_POINT ( 'NONE',  ( -16.06452596313853221, -1.749635530559412455, -1.785714285714286031 ) ) ;
#821 = DIRECTION ( 'NONE',  ( -0.000000000000000000, -0.000000000000000000, -1.000000000000000000 ) ) ;
#822 = FACE_OUTER_BOUND ( 'NONE', #4260, .T. ) ;
#823 = CIRCLE ( 'NONE', #3459, 0.2500000000000002776 ) ;
#824 = VERTEX_POINT ( 'NONE', #2817 ) ;
#825 = B_SPLINE_CURVE_WITH_KNOTS ( 'NONE', 3,
 ( #2401, #2424, #3859, #1368, #641, #2728, #3465, #1654 ),
 .UNSPECIFIED., .F., .F.,
 ( 4, 2, 2, 4 ),
 ( 0.000000000000000000, 0.0003393332299735679516, 0.0005089998449603528761, 0.0006786664599471377464 ),
 .UNSPECIFIED. ) ;
#826 = CIRCLE ( 'NONE', #2261, 0.9500000000000001776 ) ;
#827 = CARTESIAN_POINT ( 'NONE',  ( 12.26321597525721607, -2.499828564644761109, 0.1000160557558336522 ) ) ;
#828 = CARTESIAN_POINT ( 'NONE',  ( 15.32877851923512225, 1.911338265482700693, -1.627278609484456462 ) ) ;
#829 = ORIENTED_EDGE ( 'NONE', *, *, #3530, .T. ) ;
#830 = CC_DESIGN_SECURITY_CLASSIFICATION ( #3692, ( #906 ) ) ;
#831 = CARTESIAN_POINT ( 'NONE',  ( 0.7466312169641795560, 5.703588043673128993, 3.433333318812209267 ) ) ;
#832 = CARTESIAN_POINT ( 'NONE',  ( -15.03468451701441744, 1.720097071687871848, -2.278187595231210061 ) ) ;
#833 = DIRECTION ( 'NONE',  ( -0.2940858488375206470, 0.9557790087219508735, 0.000000000000000000 ) ) ;
#834 = EDGE_CURVE ( 'NONE', #3534, #3243, #713, .T. ) ;
#835 = DIRECTION ( 'NONE',  ( -0.9881499919765300843, 0.1534913461950988822, 5.325300832078431966E-16 ) ) ;
#836 = APPROVAL_ROLE ( '' ) ;
#837 = CARTESIAN_POINT ( 'NONE',  ( -20.62500000000000000, 0.000000000000000000, 2.500000000000000000 ) ) ;
#838 = CARTESIAN_POINT ( 'NONE',  ( 0.1437458141610875872, 2.127653998061010743, 7.049988023758091416 ) ) ;
#839 = CARTESIAN_POINT ( 'NONE',  ( 12.40498044579143055, -2.494345417923966135, 0.1861742190735287406 ) ) ;
#840 = CARTESIAN_POINT ( 'NONE',  ( 15.49544310571194750, -1.327765619782586670, -2.500000000000000444 ) ) ;
#841 = EDGE_CURVE ( 'NONE', #2509, #2037, #1470, .T. ) ;
#842 = DIRECTION ( 'NONE',  ( -0.000000000000000000, -0.000000000000000000, 1.000000000000000000 ) ) ;
#843 = VERTEX_POINT ( 'NONE', #1384 ) ;
#844 = ORIENTED_EDGE ( 'NONE', *, *, #1193, .T. ) ;
#845 = LINE ( 'NONE', #2965, #1699 ) ;
#846 = CARTESIAN_POINT ( 'NONE',  ( -16.74166385171236726, -1.358339540086429764, -2.116999314844755453 ) ) ;
#847 = ADVANCED_FACE ( 'NONE', ( #766 ), #2568, .T. ) ;
#848 = CARTESIAN_POINT ( 'NONE',  ( 16.06452596313853221, -1.749635530559412455, -1.785714285714286031 ) ) ;
#849 = LINE ( 'NONE', #2744, #4660 ) ;
#850 = VERTEX_POINT ( 'NONE', #55 ) ;
#851 = CARTESIAN_POINT ( 'NONE',  ( 12.79875464787491168, -2.375507141372847908, 0.7931293339653281427 ) ) ;
#852 = FACE_OUTER_BOUND ( 'NONE', #668, .T. ) ;
#853 = VERTEX_POINT ( 'NONE', #2255 ) ;
#854 = CARTESIAN_POINT ( 'NONE',  ( -19.04144185415539781, -0.5405743159784616170, 2.473615854728717700 ) ) ;
#855 = CARTESIAN_POINT ( 'NONE',  ( -19.82585237460512673, 0.2443254463256757936, 2.500000000000544009 ) ) ;
#856 = DIRECTION ( 'NONE',  ( 1.000000000000000000, 0.000000000000000000, 0.000000000000000000 ) ) ;
#857 = CARTESIAN_POINT ( 'NONE',  ( 5.148278135976766201, 4.742913897028242509, 2.500000000000000000 ) ) ;
#858 = CARTESIAN_POINT ( 'NONE',  ( 0.3941300912166731396, 2.189342861894942871, 7.085511034712713041 ) ) ;
#859 = DIRECTION ( 'NONE',  ( 1.000000000000000000, 1.652117596168387756E-15, 0.000000000000000000 ) ) ;
#860 = EDGE_CURVE ( 'NONE', #4562, #3130, #89, .T. ) ;
#861 = VECTOR ( 'NONE', #4161, 1000.000000000000000 ) ;
#862 = CARTESIAN_POINT ( 'NONE',  ( 4.964411059691881789, -4.573524114991519340, -2.250000000000000888 ) ) ;
#863 = DIRECTION ( 'NONE',  ( -0.000000000000000000, -0.000000000000000000, -1.000000000000000000 ) ) ;
#864 = VERTEX_POINT ( 'NONE', #3313 ) ;
#865 = EDGE_LOOP ( 'NONE', ( #3134, #478, #311, #1806 ) ) ;
#866 = CARTESIAN_POINT ( 'NONE',  ( -14.17661858865518987, -3.030384319547283489, 1.751219825105331473 ) ) ;
#867 = EDGE_CURVE ( 'NONE', #4184, #2037, #4525, .T. ) ;
#868 = DIRECTION ( 'NONE',  ( 0.000000000000000000, 0.000000000000000000, -1.000000000000000000 ) ) ;
#869 = CIRCLE ( 'NONE', #2007, 0.9999999999999997780 ) ;
#870 = CARTESIAN_POINT ( 'NONE',  ( -13.88253273981766611, 2.074605310825333060, 1.751219825105331696 ) ) ;
#871 = CARTESIAN_POINT ( 'NONE',  ( 14.21347605840616701, -1.972776597413486988, -1.927428506607880676 ) ) ;
#872 = VERTEX_POINT ( 'NONE', #2603 ) ;
#873 = ADVANCED_FACE ( 'NONE', ( #3387 ), #3875, .T. ) ;
#874 = AXIS2_PLACEMENT_3D ( 'NONE', #2555, #2279, #439 ) ;
#875 = CARTESIAN_POINT ( 'NONE',  ( -13.88253273981766611, 2.074605310825333504, -1.751219825105336136 ) ) ;
#876 = CARTESIAN_POINT ( 'NONE',  ( -1.137243890087030085, 5.541360512948036998, 3.400000000000000355 ) ) ;
#877 = ORIENTED_EDGE ( 'NONE', *, *, #4520, .T. ) ;
#878 = EDGE_CURVE ( 'NONE', #2999, #2055, #3941, .T. ) ;
#879 = CARTESIAN_POINT ( 'NONE',  ( 17.38978842560184290, -0.9870795721736252970, 2.500000000000000444 ) ) ;
#880 = DIRECTION ( 'NONE',  ( -0.000000000000000000, -0.000000000000000000, 1.000000000000000000 ) ) ;
#881 = CARTESIAN_POINT ( 'NONE',  ( -12.58482360899755292, 2.466247703118738865, -0.4142508848852337611 ) ) ;
#882 = CARTESIAN_POINT ( 'NONE',  ( 15.92901501664386288, 1.524936257035093723, 2.005873711997745890 ) ) ;
#883 = CARTESIAN_POINT ( 'NONE',  ( -2.201832163440903489, 4.405452402942499290, 5.007968891749634999 ) ) ;
#884 = CARTESIAN_POINT ( 'NONE',  ( -17.39430785048798711, -0.8531767877273940259, 2.500000000000000444 ) ) ;
#885 = DIRECTION ( 'NONE',  ( 0.000000000000000000, 0.000000000000000000, -1.000000000000000000 ) ) ;
#886 = DIRECTION ( 'NONE',  ( -1.000000000000000000, 0.000000000000000000, 0.000000000000000000 ) ) ;
#887 = EDGE_LOOP ( 'NONE', ( #805, #3274, #1607 ) ) ;
#888 = VERTEX_POINT ( 'NONE', #3338 ) ;
#889 = CARTESIAN_POINT ( 'NONE',  ( 15.21864665415463591, -1.401926596630585387, 2.500000000000000000 ) ) ;
#890 = CARTESIAN_POINT ( 'NONE',  ( -18.71583909195765827, -0.7654916480061358941, -2.386672215848974599 ) ) ;
#891 = B_SPLINE_CURVE_WITH_KNOTS ( 'NONE', 3,
 ( #2548, #1903, #3709, #2982, #3982, #2251, #483 ),
 .UNSPECIFIED., .F., .F.,
 ( 4, 3, 4 ),
 ( 5.765346360742922045E-17, 0.0005000371949411090960, 0.0008464960801013778633 ),
 .UNSPECIFIED. ) ;
#892 = DIRECTION ( 'NONE',  ( -1.000000000000000000, 0.000000000000000000, 0.000000000000000000 ) ) ;
#893 = EDGE_CURVE ( 'NONE', #1531, #3781, #2226, .T. ) ;
#894 = CARTESIAN_POINT ( 'NONE',  ( -20.62500000000000000, 0.000000000000000000, -2.500000000000000000 ) ) ;
#895 = ORIENTED_EDGE ( 'NONE', *, *, #4306, .F. ) ;
#896 = CARTESIAN_POINT ( 'NONE',  ( 12.76457677030403559, -2.383586551795284336, 1.000049635058077424 ) ) ;
#897 = CIRCLE ( 'NONE', #3755, 19.75000000000000000 ) ;
#898 = DIRECTION ( 'NONE',  ( -0.000000000000000000, -0.000000000000000000, -1.000000000000000000 ) ) ;
#899 = ORIENTED_EDGE ( 'NONE', *, *, #2450, .T. ) ;
#900 = ORIENTED_EDGE ( 'NONE', *, *, #164, .F. ) ;
#901 = TOROIDAL_SURFACE ( 'NONE', #979, 5.250000000000000000, 0.2500000000000000000 ) ;
#902 = CARTESIAN_POINT ( 'NONE',  ( -14.17661858865518631, 3.030384319547281269, -1.751219825105335914 ) ) ;
#903 = CARTESIAN_POINT ( 'NONE',  ( -17.38978707387373390, 0.9870799838538284465, 2.500000000000000444 ) ) ;
#904 = EDGE_CURVE ( 'NONE', #1938, #1774, #1555, .T. ) ;
#905 = CARTESIAN_POINT ( 'NONE',  ( -12.36837296760979754, 2.499874750632455456, 0.05459553665012534251 ) ) ;
#906 = PRODUCT_DEFINITION_FORMATION_WITH_SPECIFIED_SOURCE ( 'ANY', '', #4601, .NOT_KNOWN. ) ;
#907 = FACE_OUTER_BOUND ( 'NONE', #1635, .T. ) ;
#908 = CARTESIAN_POINT ( 'NONE',  ( -1.988826706404780209, 3.387906224067334104, 6.073934463646845749 ) ) ;
#909 = CARTESIAN_POINT ( 'NONE',  ( -13.00276482072930762, -2.396296160261115471, 0.7143211682517343064 ) ) ;
#910 = ORGANIZATION ( 'UNSPECIFIED', 'UNSPECIFIED', '' ) ;
#911 = DIRECTION ( 'NONE',  ( -0.9557790087219509845, 0.2940858488375207025, 0.000000000000000000 ) ) ;
#912 = CARTESIAN_POINT ( 'NONE',  ( 15.01818997635090014, -1.725172314968953291, -2.249999999999999112 ) ) ;
#913 = ORIENTED_EDGE ( 'NONE', *, *, #128, .F. ) ;
#914 = CARTESIAN_POINT ( 'NONE',  ( -15.88831121229686616, 1.457442703908656823, 2.072003618432624705 ) ) ;
#915 = CARTESIAN_POINT ( 'NONE',  ( -12.44644559143875995, 2.458785366965605679, 0.6833662969318762270 ) ) ;
#916 = CARTESIAN_POINT ( 'NONE',  ( 19.81778172019707185, 0.2150151070912001972, -2.500000000000000444 ) ) ;
#917 = CARTESIAN_POINT ( 'NONE',  ( -20.62500000000000000, 0.000000000000000000, 2.500000000000000000 ) ) ;
#918 = DIRECTION ( 'NONE',  ( 0.9557790087219509845, -0.2940858488375207025, 2.550788129655075718E-16 ) ) ;
#919 = ORIENTED_EDGE ( 'NONE', *, *, #3040, .T. ) ;
#920 = FACE_OUTER_BOUND ( 'NONE', #2271, .T. ) ;
#921 = EDGE_CURVE ( 'NONE', #1250, #771, #1953, .T. ) ;
#922 = ADVANCED_FACE ( 'NONE', ( #2432 ), #593, .F. ) ;
#923 = CARTESIAN_POINT ( 'NONE',  ( 12.63768248246655546, -2.414578695066337044, -0.6605110387702105568 ) ) ;
#924 = DIRECTION ( 'NONE',  ( 0.000000000000000000, 0.000000000000000000, 1.000000000000000000 ) ) ;
#925 = EDGE_LOOP ( 'NONE', ( #2582, #393, #2770, #829 ) ) ;
#926 = CARTESIAN_POINT ( 'NONE',  ( -19.86543090924818600, 0.3181060143906149218, -2.484748938533849927 ) ) ;
#927 = ADVANCED_FACE ( 'NONE', ( #3407 ), #1933, .T. ) ;
#928 = CARTESIAN_POINT ( 'NONE',  ( -1.984650732833802111, 4.014086380134340715, 3.600000000000000089 ) ) ;
#929 = CARTESIAN_POINT ( 'NONE',  ( 15.88831121229686616, 1.457442703908656823, 2.072003618432624705 ) ) ;
#930 = DIRECTION ( 'NONE',  ( -0.9881499919765303064, 0.1534913461950969393, 0.000000000000000000 ) ) ;
#931 = DIRECTION ( 'NONE',  ( -0.9557790087219500963, -0.2940858488375230895, -0.000000000000000000 ) ) ;
#932 = CARTESIAN_POINT ( 'NONE',  ( 16.33555379251601991, -1.448862634626228774, -2.058579929979800216 ) ) ;
#933 = ADVANCED_FACE ( 'NONE', ( #4201 ), #621, .F. ) ;
#934 = CARTESIAN_POINT ( 'NONE',  ( -15.03468451701379038, -1.720097071688063917, -2.278187595229619777 ) ) ;
#935 = FACE_OUTER_BOUND ( 'NONE', #989, .T. ) ;
#936 = VERTEX_POINT ( 'NONE', #1065 ) ;
#937 = CARTESIAN_POINT ( 'NONE',  ( 20.62499999999999645, 4.401734909832767346E-16, -2.500000000000000444 ) ) ;
#938 = CARTESIAN_POINT ( 'NONE',  ( -15.55793212042680551, -1.567901847302116236, 2.284534051067497629 ) ) ;
#939 = LINE ( 'NONE', #2376, #4470 ) ;
#940 = CIRCLE ( 'NONE', #335, 1.000000000000000000 ) ;
#941 = VECTOR ( 'NONE', #782, 1000.000000000000000 ) ;
#942 = CYLINDRICAL_SURFACE ( 'NONE', #4015, 5.000000000000000000 ) ;
#943 = VERTEX_POINT ( 'NONE', #3610 ) ;
#944 = DIRECTION ( 'NONE',  ( -0.000000000000000000, -0.000000000000000000, -1.000000000000000000 ) ) ;
#945 = AXIS2_PLACEMENT_3D ( 'NONE', #1288, #585, #2722 ) ;
#946 = CARTESIAN_POINT ( 'NONE',  ( 0.8562198040587479797, 5.684378556516896275, 3.443854603057556751 ) ) ;
#947 = DIRECTION ( 'NONE',  ( 1.000000000000000000, 0.000000000000000000, 0.000000000000000000 ) ) ;
#948 = AXIS2_PLACEMENT_3D ( 'NONE', #3463, #2704, #1317 ) ;
#949 = EDGE_LOOP ( 'NONE', ( #2800, #683, #549, #899 ) ) ;
#950 = CARTESIAN_POINT ( 'NONE',  ( -20.62499999999998934, 2.113687755829748993E-15, -2.500000000000000000 ) ) ;
#951 = CARTESIAN_POINT ( 'NONE',  ( -19.04167709252947915, 0.5469307407452239644, 2.476364350175795259 ) ) ;
#952 = CARTESIAN_POINT ( 'NONE',  ( 8.019790094150197390, 2.942922079885916364, -2.500000000000000000 ) ) ;
#953 = FACE_OUTER_BOUND ( 'NONE', #1483, .T. ) ;
#954 = CARTESIAN_POINT ( 'NONE',  ( -14.01569931280399572, -2.033630980675689592, 1.477436771399732951 ) ) ;
#955 = CARTESIAN_POINT ( 'NONE',  ( -14.01569931280401171, -2.033630980675688704, -1.477436771399734949 ) ) ;
#956 = ORIENTED_EDGE ( 'NONE', *, *, #3225, .F. ) ;
#957 = CARTESIAN_POINT ( 'NONE',  ( 15.82227091433204791, 1.458036688930181013, 2.500000000000000444 ) ) ;
#958 = ADVANCED_FACE ( 'NONE', ( #1401 ), #2243, .F. ) ;
#959 = DIRECTION ( 'NONE',  ( 0.9557790087219500963, -0.2940858488375230895, 0.000000000000000000 ) ) ;
#960 = ORIENTED_EDGE ( 'NONE', *, *, #2287, .F. ) ;
#961 = DIRECTION ( 'NONE',  ( -0.9881499919765303064, 0.1534913461950969393, 0.000000000000000000 ) ) ;
#962 = CARTESIAN_POINT ( 'NONE',  ( 8.058162930698971493, 3.189959577880047359, 2.250000000000000444 ) ) ;
#963 = CARTESIAN_POINT ( 'NONE',  ( -20.22984960544756206, -0.1365430382070688953, -2.499999999999252154 ) ) ;
#964 = EDGE_CURVE ( 'NONE', #3515, #3323, #4433, .T. ) ;
#965 = DIRECTION ( 'NONE',  ( -0.7354683051395386473, -0.6775591281468905658, 0.000000000000000000 ) ) ;
#966 = ORIENTED_EDGE ( 'NONE', *, *, #2775, .T. ) ;
#967 = LINE ( 'NONE', #4591, #4472 ) ;
#968 = CARTESIAN_POINT ( 'NONE',  ( -15.12834852586488310, -1.691277376656866727, 2.257354909485684402 ) ) ;
#969 = CARTESIAN_POINT ( 'NONE',  ( 1.172639431637283902, 2.678524458634413463, 6.660484980109394826 ) ) ;
#970 = ORIENTED_EDGE ( 'NONE', *, *, #3833, .T. ) ;
#971 = CARTESIAN_POINT ( 'NONE',  ( 20.62500000000000000, 0.000000000000000000, 2.500000000000000000 ) ) ;
#972 = CARTESIAN_POINT ( 'NONE',  ( -12.45979362724643558, 2.455742739102161565, -0.6992279231534578310 ) ) ;
#973 = DIRECTION ( 'NONE',  ( 0.1534913461950991320, 0.9881499919765299733, 0.000000000000000000 ) ) ;
#974 = VECTOR ( 'NONE', #3114, 1000.000000000000114 ) ;
#975 = CARTESIAN_POINT ( 'NONE',  ( -1.225370873591912879, 2.419989594412343514, 6.865694649573671704 ) ) ;
#976 = CARTESIAN_POINT ( 'NONE',  ( -13.70277322150074539, -2.129915931845920873, 1.650722416016012106 ) ) ;
#977 = EDGE_CURVE ( 'NONE', #3679, #3243, #4077, .T. ) ;
#978 = ADVANCED_FACE ( 'NONE', ( #1520 ), #314, .F. ) ;
#979 = AXIS2_PLACEMENT_3D ( 'NONE', #1847, #1206, #4357 ) ;
#980 = CARTESIAN_POINT ( 'NONE',  ( 15.83196111628430636, 1.497694811084300470, 2.299999999999999822 ) ) ;
#981 = ORIENTED_EDGE ( 'NONE', *, *, #2344, .F. ) ;
#982 = CARTESIAN_POINT ( 'NONE',  ( 13.88253273981766611, 2.074605310825333504, 2.500000000000000000 ) ) ;
#983 = CARTESIAN_POINT ( 'NONE',  ( -1.365060036302839341, 5.546965222433621001, 3.543733528788858944 ) ) ;
#984 = EDGE_LOOP ( 'NONE', ( #206, #2446, #1844, #802 ) ) ;
#985 = CARTESIAN_POINT ( 'NONE',  ( 19.04167756442132031, -0.5469306280626737848, -2.476364396979141347 ) ) ;
#986 = CARTESIAN_POINT ( 'NONE',  ( -20.62499999999999289, -2.526607749037151346E-15, -2.500000000000000000 ) ) ;
#987 = CARTESIAN_POINT ( 'NONE',  ( -16.47222280646363402, 1.660031827966261586, 1.873507625881212890 ) ) ;
#988 = CARTESIAN_POINT ( 'NONE',  ( -0.1846507328338020670, 4.014086380134340715, 3.500000000000000000 ) ) ;
#989 = EDGE_LOOP ( 'NONE', ( #4634, #2071, #3375, #145 ) ) ;
#990 = DIRECTION ( 'NONE',  ( -1.000000000000000000, 0.000000000000000000, 0.000000000000000000 ) ) ;
#991 = FACE_OUTER_BOUND ( 'NONE', #2845, .T. ) ;
#992 = CARTESIAN_POINT ( 'NONE',  ( 8.019790094150197390, -2.942922079885916364, -2.250000000000000888 ) ) ;
#993 = ORIENTED_EDGE ( 'NONE', *, *, #2059, .T. ) ;
#994 = CARTESIAN_POINT ( 'NONE',  ( 16.85090542378425482, -1.560703405955327749, 1.958403104631924352 ) ) ;
#995 = CARTESIAN_POINT ( 'NONE',  ( -12.18335990356679588, 2.516841200118199673, 0.2181851520736550754 ) ) ;
#996 = CARTESIAN_POINT ( 'NONE',  ( -13.88253273981766611, -2.074605310825333504, -1.751219825105330807 ) ) ;
#997 = CARTESIAN_POINT ( 'NONE',  ( -13.16523814817275451, -2.281614088821653397, -1.310772239002488959 ) ) ;
#998 = CARTESIAN_POINT ( 'NONE',  ( -12.53297636181327945, -2.438903101217959613, 0.7798346417538931652 ) ) ;
#999 = CARTESIAN_POINT ( 'NONE',  ( -17.38978178385370654, 0.9870815932416912020, -2.500000000000000000 ) ) ;
#1000 = ORIENTED_EDGE ( 'NONE', *, *, #3305, .T. ) ;
#1001 = CARTESIAN_POINT ( 'NONE',  ( 16.85090542378425482, 1.560703405955327749, -1.958403104631924352 ) ) ;
#1002 = CARTESIAN_POINT ( 'NONE',  ( -1.137243890086478970, 5.541360512947153261, 3.499999999999999556 ) ) ;
#1003 = EDGE_CURVE ( 'NONE', #705, #2964, #188, .T. ) ;
#1004 = CARTESIAN_POINT ( 'NONE',  ( 1.331350486345852069, 5.168829464251594175, 3.992542658702040725 ) ) ;
#1005 = CARTESIAN_POINT ( 'NONE',  ( -15.01818997635090547, -1.725172314968952181, 2.250000000000000000 ) ) ;
#1006 = CARTESIAN_POINT ( 'NONE',  ( -0.9500000000000001776, 4.000000000000001776, 3.500000000000000000 ) ) ;
#1007 = CARTESIAN_POINT ( 'NONE',  ( 11.07064268696914766, -2.722024975916938594, -2.250000000000000888 ) ) ;
#1008 = ORIENTED_EDGE ( 'NONE', *, *, #520, .T. ) ;
#1009 = ORIENTED_EDGE ( 'NONE', *, *, #3771, .T. ) ;
#1010 = CARTESIAN_POINT ( 'NONE',  ( -15.49759896204074749, 1.586220418531877785, 2.280466526442630926 ) ) ;
#1011 = CARTESIAN_POINT ( 'NONE',  ( 13.69974774111354066, 2.130846848888137579, 1.649030970091303505 ) ) ;
#1012 = VECTOR ( 'NONE', #1722, 1000.000000000000000 ) ;
#1013 = CIRCLE ( 'NONE', #409, 5.000000000000000000 ) ;
#1014 = DIRECTION ( 'NONE',  ( 0.1534913461950991320, -0.9881499919765299733, 0.000000000000000000 ) ) ;
#1015 = EDGE_CURVE ( 'NONE', #784, #1518, #2299, .T. ) ;
#1016 = ORIENTED_EDGE ( 'NONE', *, *, #2196, .F. ) ;
#1017 = TOROIDAL_SURFACE ( 'NONE', #3646, 19.75000000000000000, 0.2500000000000000000 ) ;
#1018 = DIRECTION ( 'NONE',  ( -1.000000000000000000, 0.000000000000000000, 0.000000000000000000 ) ) ;
#1019 = AXIS2_PLACEMENT_3D ( 'NONE', #2097, #4136, #4186 ) ;
#1020 = CARTESIAN_POINT ( 'NONE',  ( -19.82585218724529241, -0.2443255036076850961, -2.499999999996378897 ) ) ;
#1021 = CARTESIAN_POINT ( 'NONE',  ( 13.17073545383451183, -2.280126861473298128, 1.314503760664025522 ) ) ;
#1022 = CARTESIAN_POINT ( 'NONE',  ( -13.17273120067045689, -2.279594382428770771, -1.315888194516848131 ) ) ;
#1023 = TOROIDAL_SURFACE ( 'NONE', #3266, 5.250000000000000000, 0.2500000000000000000 ) ;
#1024 = CARTESIAN_POINT ( 'NONE',  ( -4.964411059691881789, 4.573524114991519340, 2.250000000000000444 ) ) ;
#1025 = DIRECTION ( 'NONE',  ( 0.7354683051395386473, 0.6775591281468905658, 0.000000000000000000 ) ) ;
#1026 = DIRECTION ( 'NONE',  ( -0.000000000000000000, -0.000000000000000000, -1.000000000000000000 ) ) ;
#1027 = CARTESIAN_POINT ( 'NONE',  ( 1.491192937549267628, 4.921411723827453955, 4.378971210850234996 ) ) ;
#1028 = DIRECTION ( 'NONE',  ( 0.2940858488375230895, 0.9557790087219502073, 0.000000000000000000 ) ) ;
#1029 = CC_DESIGN_DATE_AND_TIME_ASSIGNMENT ( #29, #811, ( #546 ) ) ;
#1030 = CARTESIAN_POINT ( 'NONE',  ( -8.058162930698971493, 3.189959577880047359, -2.250000000000000888 ) ) ;
#1031 = ORIENTED_EDGE ( 'NONE', *, *, #462, .F. ) ;
#1032 = VERTEX_POINT ( 'NONE', #1544 ) ;
#1033 = CARTESIAN_POINT ( 'NONE',  ( 15.83196111628431346, 1.497694811084301802, -2.299999999999986056 ) ) ;
#1034 = EDGE_CURVE ( 'NONE', #761, #1482, #2828, .T. ) ;
#1035 = CARTESIAN_POINT ( 'NONE',  ( 13.51906626267704148, 2.183556699472869234, 1.541525243972979187 ) ) ;
#1036 = ADVANCED_FACE ( 'NONE', ( #4361 ), #3977, .T. ) ;
#1037 = CARTESIAN_POINT ( 'NONE',  ( 0.6353032616888941719, 4.089969425003308068, 2.250000000000000444 ) ) ;
#1038 = VERTEX_POINT ( 'NONE', #3770 ) ;
#1039 = CARTESIAN_POINT ( 'NONE',  ( -19.01058200479111449, -0.4301053102299524089, -2.500000000000000444 ) ) ;
#1040 = CARTESIAN_POINT ( 'NONE',  ( -13.70048671262722806, -2.130619473037773659, 1.649444103846300358 ) ) ;
#1041 = CARTESIAN_POINT ( 'NONE',  ( -12.39589087160264391, -2.495717275576320837, 0.1632803636895301391 ) ) ;
#1042 = EDGE_CURVE ( 'NONE', #330, #631, #255, .T. ) ;
#1043 = CARTESIAN_POINT ( 'NONE',  ( -13.88253273981767677, -2.074605310825330395, -1.751219825105337913 ) ) ;
#1044 = ORIENTED_EDGE ( 'NONE', *, *, #3078, .T. ) ;
#1045 = DIRECTION ( 'NONE',  ( -0.6775591281468905658, -0.7354683051395386473, 0.000000000000000000 ) ) ;
#1046 = AXIS2_PLACEMENT_3D ( 'NONE', #2041, #3820, #3384 ) ;
#1047 = CARTESIAN_POINT ( 'NONE',  ( 14.53320012073865719, -1.874399962849623513, 1.705069307578905624 ) ) ;
#1048 = PLANE ( 'NONE',  #1466 ) ;
#1049 = CARTESIAN_POINT ( 'NONE',  ( -1.782862318524788936, 2.803290457264792757, 6.522192967387026918 ) ) ;
#1050 = CIRCLE ( 'NONE', #2856, 0.2499999999999998335 ) ;
#1051 = CARTESIAN_POINT ( 'NONE',  ( 15.83196111628431346, 1.497694811084301802, -2.299999999999986056 ) ) ;
#1052 = DIRECTION ( 'NONE',  ( -1.000000000000000000, 0.000000000000000000, 0.000000000000000000 ) ) ;
#1053 = AXIS2_PLACEMENT_3D ( 'NONE', #342, #4271, #3568 ) ;
#1054 = ORIENTED_EDGE ( 'NONE', *, *, #806, .T. ) ;
#1055 = ORIENTED_EDGE ( 'NONE', *, *, #1949, .T. ) ;
#1056 = CARTESIAN_POINT ( 'NONE',  ( 13.70277322150130317, 2.129915931845746790, -1.650722416015777405 ) ) ;
#1057 = CARTESIAN_POINT ( 'NONE',  ( 20.62499999999999289, 2.526607749037151346E-15, -2.500000000000000000 ) ) ;
#1058 = EDGE_LOOP ( 'NONE', ( #4404, #2940, #628 ) ) ;
#1059 = CARTESIAN_POINT ( 'NONE',  ( 0.000000000000000000, 4.000000000000001776, 3.500000000000000000 ) ) ;
#1060 = EDGE_LOOP ( 'NONE', ( #3441, #715, #1899, #4133 ) ) ;
#1061 = EDGE_CURVE ( 'NONE', #3728, #3130, #1398, .T. ) ;
#1062 = CARTESIAN_POINT ( 'NONE',  ( 15.32877851923505119, -1.911338265483983445, -1.627278609483196581 ) ) ;
#1063 = ORIENTED_EDGE ( 'NONE', *, *, #3573, .F. ) ;
#1064 = CARTESIAN_POINT ( 'NONE',  ( 12.15893386379308794, -2.522001759552651823, -0.1038704611634015396 ) ) ;
#1065 = CARTESIAN_POINT ( 'NONE',  ( -8.058162930698971493, -3.189959577880047359, -2.250000000000000888 ) ) ;
#1066 = CARTESIAN_POINT ( 'NONE',  ( 24.75000000000000000, 3.061616997868383141E-16, -2.500000000000000000 ) ) ;
#1067 =( BOUNDED_CURVE ( )  B_SPLINE_CURVE ( 3, ( #3809, #3510, #248, #4536 ),
 .UNSPECIFIED., .F., .F. ) 
 B_SPLINE_CURVE_WITH_KNOTS ( ( 4, 4 ),
 ( 0.5240012602887417215, 0.7956029534845354689 ),
 .UNSPECIFIED. ) 
 CURVE ( )  GEOMETRIC_REPRESENTATION_ITEM ( )  RATIONAL_B_SPLINE_CURVE ( ( 1.000000000000000000, 0.9938621515090062530, 0.9938621515090062530, 1.000000000000000000 ) ) 
 REPRESENTATION_ITEM ( '' )  );
#1068 = CARTESIAN_POINT ( 'NONE',  ( -20.62500000000000000, 0.000000000000000000, -2.500000000000000000 ) ) ;
#1069 = CARTESIAN_POINT ( 'NONE',  ( 14.17661858865518454, -2.164560228248060714, 1.250871303646663879 ) ) ;
#1070 = EDGE_CURVE ( 'NONE', #4068, #3202, #2898, .T. ) ;
#1071 = CARTESIAN_POINT ( 'NONE',  ( 15.83196111628430636, -1.497694811084300470, -2.300000000000000266 ) ) ;
#1072 = CARTESIAN_POINT ( 'NONE',  ( 1.052726168576904264, 2.465523503334198896, 6.880790567276929615 ) ) ;
#1073 = CARTESIAN_POINT ( 'NONE',  ( 14.17661858865518987, 3.030384319547283933, 1.751219825105331029 ) ) ;
#1074 = DIRECTION ( 'NONE',  ( 0.9881499919765303064, -0.1534913461950969393, -0.000000000000000000 ) ) ;
#1075 = ORIENTED_EDGE ( 'NONE', *, *, #230, .F. ) ;
#1076 = VERTEX_POINT ( 'NONE', #1636 ) ;
#1077 = CARTESIAN_POINT ( 'NONE',  ( 12.68529209423004289, 2.402836663973566989, -0.9301608303360869856 ) ) ;
#1078 = CARTESIAN_POINT ( 'NONE',  ( 1.137987532081301989, 5.378134773770858246, 3.599999999999999645 ) ) ;
#1079 = CARTESIAN_POINT ( 'NONE',  ( -12.63768248246664072, 2.414578695066218028, 0.6605110387701630392 ) ) ;
#1080 = ORIENTED_EDGE ( 'NONE', *, *, #2129, .F. ) ;
#1081 = CIRCLE ( 'NONE', #1617, 1.000000000000000444 ) ;
#1082 = CC_DESIGN_DATE_AND_TIME_ASSIGNMENT ( #2907, #77, ( #3692 ) ) ;
#1083 = EDGE_CURVE ( 'NONE', #4547, #619, #869, .T. ) ;
#1084 = CARTESIAN_POINT ( 'NONE',  ( 14.69179196195547021, -2.051335311039989673, -1.446800454727819929 ) ) ;
#1085 = AXIS2_PLACEMENT_3D ( 'NONE', #3108, #944, #1294 ) ;
#1086 = ORIENTED_EDGE ( 'NONE', *, *, #1821, .T. ) ;
#1087 = CARTESIAN_POINT ( 'NONE',  ( 19.83303426576928885, 0.2739273282892703554, -2.500000000000000000 ) ) ;
#1088 = CARTESIAN_POINT ( 'NONE',  ( -13.29574036034528639, -2.246684444989559548, -1.118144448302037075 ) ) ;
#1089 = CARTESIAN_POINT ( 'NONE',  ( -13.88253273981766611, -2.074605310825333504, 2.500000000000000000 ) ) ;
#1090 = CARTESIAN_POINT ( 'NONE',  ( 8.000815763067205211, -17.04097486361366975, -2.250000000000000888 ) ) ;
#1091 = CALENDAR_DATE ( 2026, 2, 9 ) ;
#1092 = CARTESIAN_POINT ( 'NONE',  ( -24.75000000000000000, 0.000000000000000000, 0.000000000000000000 ) ) ;
#1093 = VECTOR ( 'NONE', #614, 1000.000000000000000 ) ;
#1094 = CARTESIAN_POINT ( 'NONE',  ( 1.722467123414874512, 4.005523500971116313, 5.486384139484007605 ) ) ;
#1095 = CARTESIAN_POINT ( 'NONE',  ( 1.379908528678738255, 2.781513418822541439, 6.652147573047347606 ) ) ;
#1096 =( BOUNDED_SURFACE ( )  B_SPLINE_SURFACE ( 3, 2, ( 
 ( #2966, #3993, #2943 ),
 ( #471, #2263, #1914 ),
 ( #4375, #846, #4399 ),
 ( #444, #1175, #496 ),
 ( #3438, #2677, #4114 ),
 ( #634, #890, #277 ),
 ( #4565, #2052, #4160 ),
 ( #4513, #3460, #1674 ),
 ( #963, #2374, #2076 ),
 ( #227, #3063, #986 ) ),
 .UNSPECIFIED., .F., .F., .F. ) 
 B_SPLINE_SURFACE_WITH_KNOTS ( ( 4, 2, 2, 2, 4 ),
 ( 3, 3 ),
 ( 0.006071148258653430441, 0.007398017313136694313, 0.008724886367619958186, 0.01005175542210322293, 0.01137862447658648593 ),
 ( 0.2153082401160159032, 1.000000000000000000 ),
 .UNSPECIFIED. ) 
 GEOMETRIC_REPRESENTATION_ITEM ( )  RATIONAL_B_SPLINE_SURFACE ( (
 ( 0.9707661328661685296, 0.9321115923894061073, 1.000000000000000000),
 ( 0.9757138703251089229, 0.9436014858005324912, 1.000000000000000000),
 ( 0.9799556503689406117, 0.9534519681637388944, 1.000000000000000000),
 ( 0.9872228554881052887, 0.9703282500822776324, 1.000000000000000000),
 ( 0.9902535634096807371, 0.9773663177380776945, 1.000000000000000000),
 ( 0.9951016183532173098, 0.9886247232243798866, 1.000000000000000000),
 ( 0.9969284491702760098, 0.9928670848174018237, 1.000000000000000000),
 ( 0.9993836315157271777, 0.9985686370295429048, 1.000000000000000000),
 ( 0.9999999698170602969, 0.9999999299076065551, 1.000000000000000000),
 ( 1.000000000000000000, 1.000000000000000000, 1.000000000000000000) ) ) 
 REPRESENTATION_ITEM ( '' )  SURFACE ( )  );
#1097 = CARTESIAN_POINT ( 'NONE',  ( -2.084650732833744247, 4.136121850436564884, 5.155092173963882196 ) ) ;
#1098 = DIRECTION ( 'NONE',  ( 0.000000000000000000, 0.000000000000000000, 1.000000000000000000 ) ) ;
#1099 = ORIENTED_EDGE ( 'NONE', *, *, #2219, .T. ) ;
#1100 = ORIENTED_EDGE ( 'NONE', *, *, #2542, .T. ) ;
#1101 = CARTESIAN_POINT ( 'NONE',  ( 12.48438747654353698, 2.482045534029047040, -0.3077582879195147614 ) ) ;
#1102 = CARTESIAN_POINT ( 'NONE',  ( 13.52105817015299394, 2.182967636486403240, -1.542674731480493389 ) ) ;
#1103 = EDGE_CURVE ( 'NONE', #2606, #700, #4629, .T. ) ;
#1104 = CARTESIAN_POINT ( 'NONE',  ( -12.91253506269331730, 2.411932668521715062, 0.6600324738129970115 ) ) ;
#1105 = CARTESIAN_POINT ( 'NONE',  ( 19.88453640840451797, 0.3691041613723933801, 2.479129482719582445 ) ) ;
#1106 = ORIENTED_EDGE ( 'NONE', *, *, #2684, .F. ) ;
#1107 = CARTESIAN_POINT ( 'NONE',  ( 12.81326757888682799, 2.429093534259385123, 0.6042548253451004436 ) ) ;
#1108 = ORIENTED_EDGE ( 'NONE', *, *, #1821, .F. ) ;
#1109 = CARTESIAN_POINT ( 'NONE',  ( 1.025895446909986575, 5.560708738637841542, 3.696237545303384664 ) ) ;
#1110 = CARTESIAN_POINT ( 'NONE',  ( -12.28671157032836625, -2.494740686554059117, -0.1867371269386456367 ) ) ;
#1111 = APPLICATION_CONTEXT ( 'configuration controlled 3d designs of mechanical parts and assemblies' ) ;
#1112 = CARTESIAN_POINT ( 'NONE',  ( -15.32666803614528028, -1.911802107920567373, 1.626824138566925315 ) ) ;
#1113 = ORIENTED_EDGE ( 'NONE', *, *, #3034, .T. ) ;
#1114 = PLANE ( 'NONE',  #1202 ) ;
#1115 = PERSON_AND_ORGANIZATION ( #1181, #910 ) ;
#1116 = DIRECTION ( 'NONE',  ( 0.9714216343455922553, 0.2373605028755598478, -8.235096732157889210E-16 ) ) ;
#1117 = CARTESIAN_POINT ( 'NONE',  ( -0.5960001827811840514, 2.085091950810495476, 7.102919721172483492 ) ) ;
#1118 = ADVANCED_FACE ( 'NONE', ( #1708 ), #3483, .F. ) ;
#1119 = CARTESIAN_POINT ( 'NONE',  ( -17.44531749961075562, -1.055017355401147272, -2.400057296706060939 ) ) ;
#1120 = CARTESIAN_POINT ( 'NONE',  ( 8.000815763067205211, -17.04097486361366975, -2.500000000000000000 ) ) ;
#1121 = CARTESIAN_POINT ( 'NONE',  ( -15.27185984638818006, -1.629044868459714523, -2.500000000000300648 ) ) ;
#1122 = ORIENTED_EDGE ( 'NONE', *, *, #3470, .F. ) ;
#1123 = ORIENTED_EDGE ( 'NONE', *, *, #1042, .T. ) ;
#1124 = CIRCLE ( 'NONE', #146, 0.2500000000000003331 ) ;
#1125 = CARTESIAN_POINT ( 'NONE',  ( 12.91253506269331730, 2.411932668521715062, 0.6600324738129970115 ) ) ;
#1126 = DIRECTION ( 'NONE',  ( 0.9557790087219500963, -0.2940858488375230895, 0.000000000000000000 ) ) ;
#1127 = CARTESIAN_POINT ( 'NONE',  ( -13.52533076633793208, 2.181725096763540428, -1.545226512738833158 ) ) ;
#1128 = TOROIDAL_SURFACE ( 'NONE', #2554, 19.75000000000000000, 0.2500000000000000000 ) ;
#1129 = CARTESIAN_POINT ( 'NONE',  ( 0.000000000000000000, 0.000000000000000000, 1.399999999999998579 ) ) ;
#1130 = ORIENTED_EDGE ( 'NONE', *, *, #4153, .F. ) ;
#1131 = CIRCLE ( 'NONE', #3234, 0.2499999999999999445 ) ;
#1132 = CARTESIAN_POINT ( 'NONE',  ( -16.06452596313853221, 1.749635530559412677, -1.785714285714285809 ) ) ;
#1133 = EDGE_LOOP ( 'NONE', ( #3265, #1568 ) ) ;
#1134 = DIRECTION ( 'NONE',  ( -0.000000000000000000, -0.000000000000000000, -1.000000000000000000 ) ) ;
#1135 = DIRECTION ( 'NONE',  ( -1.000000000000000000, 2.664535259100375697E-15, 0.000000000000000000 ) ) ;
#1136 = CARTESIAN_POINT ( 'NONE',  ( 13.88253273981766611, 2.074605310825333504, 1.751219825105331029 ) ) ;
#1137 = SECURITY_CLASSIFICATION_LEVEL ( 'unclassified' ) ;
#1138 = CARTESIAN_POINT ( 'NONE',  ( 15.82196492935749887, -1.494400926266590046, 2.329795718455670350 ) ) ;
#1139 = CARTESIAN_POINT ( 'NONE',  ( 1.570739186549986455, 3.277405982100366266, 6.301785214945607727 ) ) ;
#1140 = CARTESIAN_POINT ( 'NONE',  ( 12.97616216488085428, -2.401322173914071101, -0.7018631120027409853 ) ) ;
#1141 = CARTESIAN_POINT ( 'NONE',  ( 20.62500000000000000, 0.000000000000000000, 2.500000000000000000 ) ) ;
#1142 = PLANE ( 'NONE',  #644 ) ;
#1143 = EDGE_CURVE ( 'NONE', #4562, #1701, #1614, .T. ) ;
#1144 = EDGE_CURVE ( 'NONE', #2509, #3489, #4596, .T. ) ;
#1145 = ORIENTED_EDGE ( 'NONE', *, *, #3139, .T. ) ;
#1146 = ORIENTED_EDGE ( 'NONE', *, *, #1329, .T. ) ;
#1147 = DIRECTION ( 'NONE',  ( -0.2940858488375206470, 0.9557790087219508735, 0.000000000000000000 ) ) ;
#1148 = DIRECTION ( 'NONE',  ( -0.000000000000000000, 0.000000000000000000, -1.000000000000000000 ) ) ;
#1149 = DIRECTION ( 'NONE',  ( 1.000000000000000000, 0.000000000000000000, 0.000000000000000000 ) ) ;
#1150 = TOROIDAL_SURFACE ( 'NONE', #2147, 5.250000000000000000, 0.2500000000000000000 ) ;
#1151 = ADVANCED_FACE ( 'NONE', ( #2806 ), #287, .F. ) ;
#1152 = ORIENTED_EDGE ( 'NONE', *, *, #1681, .F. ) ;
#1153 = CARTESIAN_POINT ( 'NONE',  ( 12.45979362724606609, -2.455742739102245498, 0.6992279231539235695 ) ) ;
#1154 = EDGE_CURVE ( 'NONE', #1701, #4184, #4163, .T. ) ;
#1155 = CARTESIAN_POINT ( 'NONE',  ( -15.77381990457081962, 1.259746078159565297, -2.250000000000000444 ) ) ;
#1156 = B_SPLINE_CURVE_WITH_KNOTS ( 'NONE', 3,
 ( #2306, #889, #1198, #4466 ),
 .UNSPECIFIED., .F., .F.,
 ( 4, 4 ),
 ( 0.000000000000000000, 0.0008595265505675723236 ),
 .UNSPECIFIED. ) ;
#1157 = EDGE_LOOP ( 'NONE', ( #981, #271, #646, #3918 ) ) ;
#1158 = CARTESIAN_POINT ( 'NONE',  ( 0.9647833377073256056, 5.604635478507187685, 3.611154138034503358 ) ) ;
#1159 = AXIS2_PLACEMENT_3D ( 'NONE', #521, #1584, #64 ) ;
#1160 = CARTESIAN_POINT ( 'NONE',  ( -16.63611146268097585, -1.276909337567399882, 2.364939480410360950 ) ) ;
#1161 = CARTESIAN_POINT ( 'NONE',  ( 15.82227091433210830, 1.458036688930162361, -2.500000000000000444 ) ) ;
#1162 = EDGE_CURVE ( 'NONE', #2544, #124, #2454, .T. ) ;
#1163 = VECTOR ( 'NONE', #3897, 1000.000000000000000 ) ;
#1164 = CARTESIAN_POINT ( 'NONE',  ( -13.47345587384020504, 2.311661680238948691, -0.9708453533794109136 ) ) ;
#1165 = CIRCLE ( 'NONE', #3643, 0.2499999999999998335 ) ;
#1166 = CARTESIAN_POINT ( 'NONE',  ( 19.83303426576910766, -0.2739273282887472738, 2.499999999999999112 ) ) ;
#1167 = CARTESIAN_POINT ( 'NONE',  ( -0.5787682063769069574, 2.151432193026317830, 7.080358778003412290 ) ) ;
#1168 = CARTESIAN_POINT ( 'NONE',  ( 12.41401049884466090, -2.492911107228665379, -0.1934226507023089348 ) ) ;
#1169 = CIRCLE ( 'NONE', #1848, 0.2500000000000004996 ) ;
#1170 = FACE_OUTER_BOUND ( 'NONE', #687, .T. ) ;
#1171 = CIRCLE ( 'NONE', #2151, 1.000000000000000444 ) ;
#1172 = ORIENTED_EDGE ( 'NONE', *, *, #1560, .F. ) ;
#1173 = ORIENTED_EDGE ( 'NONE', *, *, #180, .F. ) ;
#1174 = CARTESIAN_POINT ( 'NONE',  ( -14.94466851414152053, 1.486227562788466683, 2.500000000000000000 ) ) ;
#1175 = CARTESIAN_POINT ( 'NONE',  ( -17.54097115874693813, -1.148553628383622183, -2.231930575922262072 ) ) ;
#1176 = FACE_OUTER_BOUND ( 'NONE', #4346, .T. ) ;
#1177 = CARTESIAN_POINT ( 'NONE',  ( 14.17661858865518987, -3.030384319547283489, 1.751219825105331473 ) ) ;
#1178 = ORIENTED_EDGE ( 'NONE', *, *, #1364, .T. ) ;
#1179 = EDGE_CURVE ( 'NONE', #2286, #1690, #574, .T. ) ;
#1180 = CARTESIAN_POINT ( 'NONE',  ( 12.54560396319256199, -2.472471519983418631, 0.3753115022595304162 ) ) ;
#1181 = PERSON ( 'UNSPECIFIED', 'UNSPECIFIED', 'UNSPECIFIED', ('UNSPECIFIED'), ('UNSPECIFIED'), ('UNSPECIFIED') ) ;
#1182 = CARTESIAN_POINT ( 'NONE',  ( 12.51477162236406038, 2.477304951736777561, -0.3455142252735306507 ) ) ;
#1183 = EDGE_LOOP ( 'NONE', ( #560, #1658, #4030, #2164 ) ) ;
#1184 = ORIENTED_EDGE ( 'NONE', *, *, #893, .F. ) ;
#1185 = CARTESIAN_POINT ( 'NONE',  ( 0.6315011359249835809, 5.692644931428913146, 3.500000000000614619 ) ) ;
#1186 = CARTESIAN_POINT ( 'NONE',  ( -18.64503537227430385, -0.6709590886327901904, 2.458588103112994361 ) ) ;
#1187 = CARTESIAN_POINT ( 'NONE',  ( 15.21860193564737074, 1.401940361756038200, -2.500000000000000444 ) ) ;
#1188 = CYLINDRICAL_SURFACE ( 'NONE', #675, 0.9500000000000001776 ) ;
#1189 = PERSON_AND_ORGANIZATION_ROLE ( 'design_owner' ) ;
#1190 = CARTESIAN_POINT ( 'NONE',  ( 19.04086666048551280, -0.5472056999572151303, 2.476336607108322152 ) ) ;
#1191 = CARTESIAN_POINT ( 'NONE',  ( 1.145178779950657422, 2.541253990166325138, 6.827417652121662961 ) ) ;
#1192 = CARTESIAN_POINT ( 'NONE',  ( -16.58531613964706253, -1.061462296131671312, 2.500000000000000444 ) ) ;
#1193 = EDGE_CURVE ( 'NONE', #3629, #1076, #4475, .T. ) ;
#1194 = CARTESIAN_POINT ( 'NONE',  ( 14.21347605840617057, 1.972776597413485655, -1.927428506607881786 ) ) ;
#1195 = CARTESIAN_POINT ( 'NONE',  ( 15.01818997635090902, -1.725172314968952181, 2.499999999999999556 ) ) ;
#1196 = ORIENTED_EDGE ( 'NONE', *, *, #904, .F. ) ;
#1197 = ORIENTED_EDGE ( 'NONE', *, *, #3777, .T. ) ;
#1198 = CARTESIAN_POINT ( 'NONE',  ( 15.49539755805287911, -1.327776751808100952, 2.500000000000000000 ) ) ;
#1199 = CARTESIAN_POINT ( 'NONE',  ( -17.62445736398000662, -1.323161139713720402, -2.126119222640175721 ) ) ;
#1200 = CARTESIAN_POINT ( 'NONE',  ( -13.65213643973978996, 2.145346156840088447, 1.307903226120072704 ) ) ;
#1201 = CARTESIAN_POINT ( 'NONE',  ( -1.375944613059023824, 5.581335610068541619, 3.444048375048583299 ) ) ;
#1202 = AXIS2_PLACEMENT_3D ( 'NONE', #4081, #2275, #3257 ) ;
#1203 = ORIENTED_EDGE ( 'NONE', *, *, #3040, .F. ) ;
#1204 = VECTOR ( 'NONE', #499, 1000.000000000000000 ) ;
#1205 = CARTESIAN_POINT ( 'NONE',  ( 12.32918547731750003, -2.485153695065097423, 0.5254361024070369757 ) ) ;
#1206 = DIRECTION ( 'NONE',  ( -0.000000000000000000, -0.000000000000000000, -1.000000000000000000 ) ) ;
#1207 = ADVANCED_FACE ( 'NONE', ( #4538, #3415 ), #4189, .F. ) ;
#1208 = ORIENTED_EDGE ( 'NONE', *, *, #524, .T. ) ;
#1209 = CARTESIAN_POINT ( 'NONE',  ( -20.24551319808855609, -0.1589816114977068706, 2.499999999998262723 ) ) ;
#1210 = DIRECTION ( 'NONE',  ( -0.9557790087219500963, -0.2940858488375230895, -0.000000000000000000 ) ) ;
#1211 = DIRECTION ( 'NONE',  ( -1.000000000000000000, 0.000000000000000000, 0.000000000000000000 ) ) ;
#1212 = CARTESIAN_POINT ( 'NONE',  ( 20.62499999999999289, -2.572111753427365138E-15, 2.500000000000000000 ) ) ;
#1213 = CARTESIAN_POINT ( 'NONE',  ( 0.7944976064180871989, 2.382061156503161303, 6.879731608051847580 ) ) ;
#1214 = CARTESIAN_POINT ( 'NONE',  ( -19.81778340950909012, -0.2150146532698048174, 2.500000000000000444 ) ) ;
#1215 = DIRECTION ( 'NONE',  ( 0.9881499919765304174, -0.1534913461950969393, 0.000000000000000000 ) ) ;
#1216 = CARTESIAN_POINT ( 'NONE',  ( -0.1846507328338020670, 4.014086380134340715, 3.500000000000000000 ) ) ;
#1217 = EDGE_CURVE ( 'NONE', #1241, #1226, #1171, .T. ) ;
#1218 = ORIENTED_EDGE ( 'NONE', *, *, #3852, .F. ) ;
#1219 = ORIENTED_EDGE ( 'NONE', *, *, #3530, .F. ) ;
#1220 = CYLINDRICAL_SURFACE ( 'NONE', #261, 5.000000000000000000 ) ;
#1221 = CARTESIAN_POINT ( 'NONE',  ( -19.13889244685700675, -0.7200303368510558855, -2.400807611626978755 ) ) ;
#1222 = CARTESIAN_POINT ( 'NONE',  ( -13.79950936685017915, 2.245332822277745333, 1.102930052911014647 ) ) ;
#1223 = ORIENTED_EDGE ( 'NONE', *, *, #57, .T. ) ;
#1224 = CARTESIAN_POINT ( 'NONE',  ( 14.17661858865518631, -2.164560228248058049, 1.250871303646668542 ) ) ;
#1225 = CARTESIAN_POINT ( 'NONE',  ( 24.75000000000000000, 0.000000000000000000, 0.000000000000000000 ) ) ;
#1226 = VERTEX_POINT ( 'NONE', #1268 ) ;
#1227 = CARTESIAN_POINT ( 'NONE',  ( -17.44379202975107646, 1.044582608126193968, -2.403803285918975963 ) ) ;
#1228 = CARTESIAN_POINT ( 'NONE',  ( -19.01058153530719252, 0.4301054258083196746, 2.500000000000000444 ) ) ;
#1229 = CARTESIAN_POINT ( 'NONE',  ( -6.062177826491072175, 3.500000000000000000, 2.500000000000000000 ) ) ;
#1230 = CARTESIAN_POINT ( 'NONE',  ( 17.93777185322666057, -1.028671560503026550, 2.288843369340805900 ) ) ;
#1231 = CARTESIAN_POINT ( 'NONE',  ( -1.984650732833802111, 4.014086380134340715, 3.500000000000000000 ) ) ;
#1232 = CARTESIAN_POINT ( 'NONE',  ( 12.58482360899753871, -2.466247703118745971, 0.4142508848851966241 ) ) ;
#1233 = EDGE_CURVE ( 'NONE', #4169, #818, #3800, .T. ) ;
#1234 = AXIS2_PLACEMENT_3D ( 'NONE', #1836, #108, #2646 ) ;
#1235 = CIRCLE ( 'NONE', #1924, 1.000000000000000444 ) ;
#1236 = CARTESIAN_POINT ( 'NONE',  ( 15.83196111628430636, -1.497694811084300470, -2.299999999999999822 ) ) ;
#1237 = CARTESIAN_POINT ( 'NONE',  ( -13.80901127760828651, -1.835660558644846230, -2.500000000000000000 ) ) ;
#1238 = B_SPLINE_CURVE_WITH_KNOTS ( 'NONE', 3,
 ( #2245, #451, #2173, #1826, #2949, #1464, #2197, #3628, #1490, #1132 ),
 .UNSPECIFIED., .F., .F.,
 ( 4, 2, 2, 2, 4 ),
 ( -4.174195562399390333E-05, 0.001199151176171815714, 0.002440044307967625080, 0.003680937439763434880, 0.004921830571559244680 ),
 .UNSPECIFIED. ) ;
#1239 = ORIENTED_EDGE ( 'NONE', *, *, #806, .F. ) ;
#1240 = AXIS2_PLACEMENT_3D ( 'NONE', #2154, #3588, #1445 ) ;
#1241 = VERTEX_POINT ( 'NONE', #279 ) ;
#1242 = DIRECTION ( 'NONE',  ( 0.000000000000000000, 0.000000000000000000, -1.000000000000000000 ) ) ;
#1243 = AXIS2_PLACEMENT_3D ( 'NONE', #4070, #468, #3718 ) ;
#1244 = CARTESIAN_POINT ( 'NONE',  ( -13.70202992429975453, 2.130144638676998436, 1.650306864093704418 ) ) ;
#1245 = EDGE_LOOP ( 'NONE', ( #3872, #2507, #2534 ) ) ;
#1246 = TOROIDAL_SURFACE ( 'NONE', #3879, 5.656854249492380582, 0.1000000000000000056 ) ;
#1247 =( BOUNDED_CURVE ( )  B_SPLINE_CURVE ( 3, ( #762, #101, #2954, #1136 ),
 .UNSPECIFIED., .F., .F. ) 
 B_SPLINE_CURVE_WITH_KNOTS ( ( 4, 4 ),
 ( 5.584962833817026961, 5.759184046890844400 ),
 .UNSPECIFIED. ) 
 CURVE ( )  GEOMETRIC_REPRESENTATION_ITEM ( )  RATIONAL_B_SPLINE_CURVE ( ( 1.000000000000000000, 0.9974721798288450625, 0.9974721798288450625, 1.000000000000000000 ) ) 
 REPRESENTATION_ITEM ( '' )  );
#1248 = CARTESIAN_POINT ( 'NONE',  ( 19.83474177606228750, 0.2730300659225622373, 2.494368533877876271 ) ) ;
#1249 = CARTESIAN_POINT ( 'NONE',  ( -2.084650732833916109, 3.816135362766330363, 5.502867786381557380 ) ) ;
#1250 = VERTEX_POINT ( 'NONE', #3785 ) ;
#1251 = B_SPLINE_CURVE_WITH_KNOTS ( 'NONE', 3,
 ( #4034, #384, #3683, #1831 ),
 .UNSPECIFIED., .F., .F.,
 ( 4, 4 ),
 ( 0.000000000000000000, 0.005012096361098492860 ),
 .UNSPECIFIED. ) ;
#1252 = EDGE_LOOP ( 'NONE', ( #2100, #3464, #86, #1099, #4371 ) ) ;
#1253 = CARTESIAN_POINT ( 'NONE',  ( 15.77381990457075389, 1.259746078159580174, 2.250000000000000444 ) ) ;
#1254 = LINE ( 'NONE', #1637, #1393 ) ;
#1255 = CARTESIAN_POINT ( 'NONE',  ( -12.97616216488084007, 2.401322173914077762, 0.7018631120027227777 ) ) ;
#1256 = CARTESIAN_POINT ( 'NONE',  ( 16.87074907635977539, 1.555346748633275267, 1.962830243799220442 ) ) ;
#1257 = CARTESIAN_POINT ( 'NONE',  ( -1.474108204204156447, 5.429152482596084184, 3.776459310869968888 ) ) ;
#1258 = CARTESIAN_POINT ( 'NONE',  ( 17.84716903822544509, -0.9227111133517412744, -2.423716494198755012 ) ) ;
#1259 = CARTESIAN_POINT ( 'NONE',  ( -15.77381990457081962, 1.259746078159565297, -2.500000000000000000 ) ) ;
#1260 = DIRECTION ( 'NONE',  ( 0.2940858488375230895, -0.9557790087219502073, 0.000000000000000000 ) ) ;
#1261 = ORIENTED_EDGE ( 'NONE', *, *, #3382, .F. ) ;
#1262 = EDGE_CURVE ( 'NONE', #3202, #864, #4180, .T. ) ;
#1263 = EDGE_CURVE ( 'NONE', #3655, #1032, #3945, .T. ) ;
#1264 = ORIENTED_EDGE ( 'NONE', *, *, #1034, .F. ) ;
#1265 = CARTESIAN_POINT ( 'NONE',  ( -12.99302610662996749, 2.326679248964576452, 1.188512048868073601 ) ) ;
#1266 = CARTESIAN_POINT ( 'NONE',  ( 19.82585323701098901, 0.2443269974422384583, -2.500000000001449063 ) ) ;
#1267 = LINE ( 'NONE', #2421, #3043 ) ;
#1268 = CARTESIAN_POINT ( 'NONE',  ( -16.06452596313853221, 1.749635530559412455, 1.785714285714286031 ) ) ;
#1269 = EDGE_CURVE ( 'NONE', #1467, #3202, #4558, .T. ) ;
#1270 = ORIENTED_EDGE ( 'NONE', *, *, #3973, .F. ) ;
#1271 = DIRECTION ( 'NONE',  ( 1.000000000000000000, 0.000000000000000000, 0.000000000000000000 ) ) ;
#1272 = CARTESIAN_POINT ( 'NONE',  ( 13.70202992429992506, -2.130144638676945146, -1.650306864093056047 ) ) ;
#1273 = AXIS2_PLACEMENT_3D ( 'NONE', #4414, #2575, #3685 ) ;
#1274 = CARTESIAN_POINT ( 'NONE',  ( -13.82481130021693261, -2.241880511421301403, -1.117073038944485175 ) ) ;
#1275 = EDGE_CURVE ( 'NONE', #4396, #3679, #3836, .T. ) ;
#1276 = ORIENTED_EDGE ( 'NONE', *, *, #547, .T. ) ;
#1277 = AXIS2_PLACEMENT_3D ( 'NONE', #2975, #2313, #947 ) ;
#1278 =( BOUNDED_SURFACE ( )  B_SPLINE_SURFACE ( 3, 2, ( 
 ( #3835, #613, #11 ),
 ( #3532, #303, #1411 ),
 ( #1749, #1121, #1480 ),
 ( #2888, #348, #324 ) ),
 .UNSPECIFIED., .F., .F., .F. ) 
 B_SPLINE_SURFACE_WITH_KNOTS ( ( 4, 4 ),
 ( 3, 3 ),
 ( 0.000000000000000000, 0.0008595362456403582516 ),
 ( 0.000000000000000000, 1.000000000000000000 ),
 .UNSPECIFIED. ) 
 GEOMETRIC_REPRESENTATION_ITEM ( )  RATIONAL_B_SPLINE_SURFACE ( (
 ( 1.000000000000000000, 0.7745966692414829602, 1.000000000000000000),
 ( 1.000000000000000000, 0.7546257470525601363, 1.000000000000000000),
 ( 1.000000000000000000, 0.7324043618491863361, 1.000000000000000000),
 ( 1.000000000000000000, 0.7071067811865469066, 1.000000000000000000) ) ) 
 REPRESENTATION_ITEM ( '' )  SURFACE ( )  );
#1279 = CARTESIAN_POINT ( 'NONE',  ( -17.54097258950759652, 1.148555725076968015, -2.231929308952790070 ) ) ;
#1280 = CARTESIAN_POINT ( 'NONE',  ( -15.55792326606323961, 1.567904115814756416, -2.284533551341855873 ) ) ;
#1281 = PLANE ( 'NONE',  #1731 ) ;
#1282 = CARTESIAN_POINT ( 'NONE',  ( 16.33555379251602346, 1.448862634626306489, 2.058579929979976075 ) ) ;
#1283 = CARTESIAN_POINT ( 'NONE',  ( -1.682202084516938756, 5.232534948826052634, 4.090494094024022864 ) ) ;
#1284 = CARTESIAN_POINT ( 'NONE',  ( -13.98788730104559264, -2.206039631057107986, 1.179093603294761206 ) ) ;
#1285 = CARTESIAN_POINT ( 'NONE',  ( -15.77044011430100312, -1.493710734061229450, -2.499999999999998668 ) ) ;
#1286 = DIRECTION ( 'NONE',  ( -0.2940858488375206470, -0.9557790087219508735, 0.000000000000000000 ) ) ;
#1287 = EDGE_LOOP ( 'NONE', ( #222, #246, #59, #332 ) ) ;
#1288 = CARTESIAN_POINT ( 'NONE',  ( -8.019790094150197390, -2.942922079885916364, -2.250000000000000888 ) ) ;
#1289 = FACE_OUTER_BOUND ( 'NONE', #2710, .T. ) ;
#1290 = CARTESIAN_POINT ( 'NONE',  ( 16.58533021157837695, 1.061458857747814788, -2.500000000000000444 ) ) ;
#1291 = DIRECTION ( 'NONE',  ( -0.9557790087219500963, 0.2940858488375230895, 0.000000000000000000 ) ) ;
#1292 = DIRECTION ( 'NONE',  ( -0.9881499919765300843, -0.1534913461950988822, 2.130120332831372786E-15 ) ) ;
#1293 = ORIENTED_EDGE ( 'NONE', *, *, #3425, .T. ) ;
#1294 = DIRECTION ( 'NONE',  ( -1.000000000000000000, 0.000000000000000000, 0.000000000000000000 ) ) ;
#1295 = CARTESIAN_POINT ( 'NONE',  ( 12.99562152375067647, -2.397546808432247545, -0.7101291076347820974 ) ) ;
#1296 = EDGE_CURVE ( 'NONE', #3189, #2606, #4619, .T. ) ;
#1297 = CARTESIAN_POINT ( 'NONE',  ( -11.07064268696914411, 2.722024975916939038, -2.250000000000000888 ) ) ;
#1298 = EDGE_LOOP ( 'NONE', ( #3642, #4239, #2123, #1172 ) ) ;
#1299 = CARTESIAN_POINT ( 'NONE',  ( -18.03864087796205595, 1.175739230187801354, -2.212472816268468812 ) ) ;
#1300 = CARTESIAN_POINT ( 'NONE',  ( -17.39430661126356625, 0.8531771125565436042, 2.500000000000000444 ) ) ;
#1301 = CARTESIAN_POINT ( 'NONE',  ( -12.36604421926779196, 2.500228369230307113, -0.09097179553615736269 ) ) ;
#1302 = CARTESIAN_POINT ( 'NONE',  ( -1.272015502873535153, 2.356780731086342673, 6.882133344212691739 ) ) ;
#1303 = CARTESIAN_POINT ( 'NONE',  ( 16.74166385171236371, -1.358339540086427322, -2.116999314844982827 ) ) ;
#1304 = EDGE_CURVE ( 'NONE', #251, #174, #2750, .T. ) ;
#1305 = CARTESIAN_POINT ( 'NONE',  ( -14.39773847516913996, -1.916080469178726320, -2.025537867588538710 ) ) ;
#1306 = ORIENTED_EDGE ( 'NONE', *, *, #4067, .F. ) ;
#1307 = CARTESIAN_POINT ( 'NONE',  ( 15.28737959399721724, -1.642344740308549378, -2.267972869840837014 ) ) ;
#1308 = ORIENTED_EDGE ( 'NONE', *, *, #196, .T. ) ;
#1309 = B_SPLINE_CURVE_WITH_KNOTS ( 'NONE', 3,
 ( #2388, #537, #4506, #198, #2000, #1667, #980 ),
 .UNSPECIFIED., .F., .F.,
 ( 4, 3, 4 ),
 ( 0.000000000000000000, 0.0005000688095823482057, 0.0008464771968572405714 ),
 .UNSPECIFIED. ) ;
#1310 = CARTESIAN_POINT ( 'NONE',  ( -14.39773847516704386, 1.916080469179371804, 2.025537867590704977 ) ) ;
#1311 = DIRECTION ( 'NONE',  ( -1.000000000000000000, 0.000000000000000000, 0.000000000000000000 ) ) ;
#1312 = VECTOR ( 'NONE', #2465, 1000.000000000000114 ) ;
#1313 = DIRECTION ( 'NONE',  ( -0.2940858488375230895, -0.9557790087219500963, 0.000000000000000000 ) ) ;
#1314 = CARTESIAN_POINT ( 'NONE',  ( -15.83196111628431346, 1.497694811084301802, -2.299999999999986056 ) ) ;
#1315 = VECTOR ( 'NONE', #931, 1000.000000000000000 ) ;
#1316 = CIRCLE ( 'NONE', #4549, 1.800000000000000044 ) ;
#1317 = DIRECTION ( 'NONE',  ( -1.000000000000000000, 0.000000000000000000, 0.000000000000000000 ) ) ;
#1318 = ORIENTED_EDGE ( 'NONE', *, *, #500, .F. ) ;
#1319 = CARTESIAN_POINT ( 'NONE',  ( 0.7179935428654135032, 5.595014609671348893, 3.500000000000001332 ) ) ;
#1320 = AXIS2_PLACEMENT_3D ( 'NONE', #2120, #2842, #1028 ) ;
#1321 = CARTESIAN_POINT ( 'NONE',  ( 12.91253506269332973, -2.411932668521721723, -0.6600324738129700330 ) ) ;
#1322 = DIRECTION ( 'NONE',  ( -0.1534913461950967450, -0.9881499919765304174, 0.000000000000000000 ) ) ;
#1323 = CIRCLE ( 'NONE', #502, 0.2499999999999998335 ) ;
#1324 = EDGE_LOOP ( 'NONE', ( #1782, #2444, #3780, #448, #4269 ) ) ;
#1325 = ADVANCED_FACE ( 'NONE', ( #1724, #4116 ), #3151, .T. ) ;
#1326 = CARTESIAN_POINT ( 'NONE',  ( -19.89782527458106642, 0.3625192527929693154, -2.479939928840614538 ) ) ;
#1327 = CARTESIAN_POINT ( 'NONE',  ( -13.83439133148827871, 2.090782007890410021, -1.395797202203854059 ) ) ;
#1328 = DIRECTION ( 'NONE',  ( 0.9714216343455922553, -0.2373605028755598478, 8.235096732157889210E-16 ) ) ;
#1329 = EDGE_CURVE ( 'NONE', #3991, #3079, #1323, .T. ) ;
#1330 = CARTESIAN_POINT ( 'NONE',  ( -1.917435071938253799, 3.205440541660312892, 6.230454698277640091 ) ) ;
#1331 = CARTESIAN_POINT ( 'NONE',  ( 19.89782527458106642, -0.3625192527929693154, -2.479939928840614538 ) ) ;
#1332 = DIRECTION ( 'NONE',  ( -0.1534913461950969393, 0.9881499919765303064, 0.000000000000000000 ) ) ;
#1333 = CARTESIAN_POINT ( 'NONE',  ( -14.94466851414152586, -1.486227562788464240, 2.250000000000000444 ) ) ;
#1334 = DIRECTION ( 'NONE',  ( -1.000000000000000000, 2.037751121147439272E-14, 0.000000000000000000 ) ) ;
#1335 = ORIENTED_EDGE ( 'NONE', *, *, #1481, .T. ) ;
#1336 = ADVANCED_FACE ( 'NONE', ( #4162 ), #942, .F. ) ;
#1337 = CARTESIAN_POINT ( 'NONE',  ( 20.62499999999999645, 5.395798276742226822E-17, -2.500000000000000444 ) ) ;
#1338 = CARTESIAN_POINT ( 'NONE',  ( 19.01059404567066835, 0.4300220619912025755, -2.500000000000000000 ) ) ;
#1339 = CARTESIAN_POINT ( 'NONE',  ( 6.062177826491072175, 3.500000000000000000, 2.250000000000000444 ) ) ;
#1340 = CARTESIAN_POINT ( 'NONE',  ( -18.79254616729903304, 0.8737779896259693091, 2.348171783531742385 ) ) ;
#1341 = DIRECTION ( 'NONE',  ( 0.1534913461950991320, -0.9881499919765299733, 0.000000000000000000 ) ) ;
#1342 = EDGE_LOOP ( 'NONE', ( #3882, #4354, #4445, #1358 ) ) ;
#1343 = DIRECTION ( 'NONE',  ( -0.2940858488375230895, 0.9557790087219502073, 0.000000000000000000 ) ) ;
#1344 = CARTESIAN_POINT ( 'NONE',  ( 1.013615202260187642, 5.642029275996429227, 3.486442729104266558 ) ) ;
#1345 = DIRECTION ( 'NONE',  ( 0.000000000000000000, 0.000000000000000000, -1.000000000000000000 ) ) ;
#1346 = ORIENTED_EDGE ( 'NONE', *, *, #196, .F. ) ;
#1347 = CARTESIAN_POINT ( 'NONE',  ( 20.25483595700107387, -0.1845797784857809709, 2.499999999999999556 ) ) ;
#1348 = B_SPLINE_CURVE_WITH_KNOTS ( 'NONE', 3,
 ( #4388, #1166, #1190, #3710, #2253, #1951 ),
 .UNSPECIFIED., .F., .F.,
 ( 4, 2, 4 ),
 ( -1.969101440000123302E-05, 0.002494312341969298196, 0.005008315698338597181 ),
 .UNSPECIFIED. ) ;
#1349 = CARTESIAN_POINT ( 'NONE',  ( -12.36677646821610566, 2.500117177489518561, 0.07597409452626750770 ) ) ;
#1350 = ADVANCED_FACE ( 'NONE', ( #3812 ), #2871, .F. ) ;
#1351 = CARTESIAN_POINT ( 'NONE',  ( -15.77381990457075034, -1.259746078159581284, -2.500000000000000444 ) ) ;
#1352 = VECTOR ( 'NONE', #4204, 1000.000000000000114 ) ;
#1353 = CARTESIAN_POINT ( 'NONE',  ( -12.26646794535749407, -2.498880383442160902, 0.4222981033321720479 ) ) ;
#1354 = CARTESIAN_POINT ( 'NONE',  ( -12.87956743551492167, -2.355391387108449308, 0.8522124626267051362 ) ) ;
#1355 = CIRCLE ( 'NONE', #2703, 1.250000000000000000 ) ;
#1356 = CARTESIAN_POINT ( 'NONE',  ( -15.77381990457084981, 1.259746078159556859, -2.500000000000000444 ) ) ;
#1357 = EDGE_CURVE ( 'NONE', #3107, #2210, #3159, .T. ) ;
#1358 = ORIENTED_EDGE ( 'NONE', *, *, #2775, .F. ) ;
#1359 = CARTESIAN_POINT ( 'NONE',  ( -14.21347605840616701, -1.972776597413486988, -1.927428506607880676 ) ) ;
#1360 = CARTESIAN_POINT ( 'NONE',  ( 15.01818997635090192, -1.725172314968952403, 2.250000000000000000 ) ) ;
#1361 = CARTESIAN_POINT ( 'NONE',  ( 19.82585218724608822, -0.2443255036070618169, -2.499999999996378897 ) ) ;
#1362 = CARTESIAN_POINT ( 'NONE',  ( -14.94466851414152586, -1.486227562788464462, 2.500000000000000444 ) ) ;
#1363 = LINE ( 'NONE', #368, #1163 ) ;
#1364 = EDGE_CURVE ( 'NONE', #2732, #2607, #420, .T. ) ;
#1365 = CARTESIAN_POINT ( 'NONE',  ( -20.62499999999999289, 2.832769448823990005E-15, 2.500000000000000000 ) ) ;
#1366 = CARTESIAN_POINT ( 'NONE',  ( 16.87074907635977539, 1.555346748633352538, -1.962830243799166707 ) ) ;
#1367 = ORIENTED_EDGE ( 'NONE', *, *, #4003, .F. ) ;
#1368 = CARTESIAN_POINT ( 'NONE',  ( -1.529221619440362501, 5.524366173178981043, 3.487107909589388210 ) ) ;
#1369 = CARTESIAN_POINT ( 'NONE',  ( 12.43090729223486512, -2.462633092805447621, -0.4431986352183767686 ) ) ;
#1370 = ADVANCED_FACE ( 'NONE', ( #1485 ), #2850, .T. ) ;
#1371 = CARTESIAN_POINT ( 'NONE',  ( 8.019790094150197390, -2.942922079885914588, 2.250000000000000444 ) ) ;
#1372 = ORIENTED_EDGE ( 'NONE', *, *, #2758, .T. ) ;
#1373 = CARTESIAN_POINT ( 'NONE',  ( 17.62444134291803266, -1.323166430470096522, 2.126115810314560761 ) ) ;
#1374 = CARTESIAN_POINT ( 'NONE',  ( -13.12812524830483341, 2.291775676477180834, -1.020789071298774164 ) ) ;
#1375 = CARTESIAN_POINT ( 'NONE',  ( 14.39773847516913996, -1.916080469178726320, -2.025537867588538710 ) ) ;
#1376 = CARTESIAN_POINT ( 'NONE',  ( -12.31887629857217803, -2.487430776189660353, -0.5094359207858103478 ) ) ;
#1377 = CARTESIAN_POINT ( 'NONE',  ( -12.45979362724642492, -2.455742739102164673, 0.6992279231534932471 ) ) ;
#1378 = CARTESIAN_POINT ( 'NONE',  ( -19.04167773737223612, 0.5469305715698962178, -2.476364405073545161 ) ) ;
#1379 = VERTEX_POINT ( 'NONE', #2470 ) ;
#1380 = CARTESIAN_POINT ( 'NONE',  ( 18.76478540632441749, 0.8857044216658488400, -2.343709057253289263 ) ) ;
#1381 = FACE_OUTER_BOUND ( 'NONE', #2924, .T. ) ;
#1382 = CARTESIAN_POINT ( 'NONE',  ( 16.56504805970268990, -1.237007907270417206, -2.500000000000000444 ) ) ;
#1383 = EDGE_CURVE ( 'NONE', #3292, #843, #3332, .T. ) ;
#1384 = CARTESIAN_POINT ( 'NONE',  ( 13.88253273981766611, 2.074605310825333504, -1.751219825105336136 ) ) ;
#1385 = DIRECTION ( 'NONE',  ( 0.000000000000000000, -0.000000000000000000, -1.000000000000000000 ) ) ;
#1386 = LINE ( 'NONE', #1030, #1312 ) ;
#1387 = EDGE_LOOP ( 'NONE', ( #2989, #371, #71, #4379 ) ) ;
#1388 = ORIENTED_EDGE ( 'NONE', *, *, #4229, .T. ) ;
#1389 = AXIS2_PLACEMENT_3D ( 'NONE', #3988, #415, #1528 ) ;
#1390 = CARTESIAN_POINT ( 'NONE',  ( 0.9854406185584874134, 5.479900605782437317, 3.532173937936064156 ) ) ;
#1391 = CARTESIAN_POINT ( 'NONE',  ( 12.74863044616683005, 2.387491447952322599, 0.9862505538982153652 ) ) ;
#1392 = AXIS2_PLACEMENT_3D ( 'NONE', #1120, #1909, #414 ) ;
#1393 = VECTOR ( 'NONE', #1210, 1000.000000000000000 ) ;
#1394 = CARTESIAN_POINT ( 'NONE',  ( -0.07715201660319641330, 2.111377053959259786, 7.054564531408289874 ) ) ;
#1395 = VERTEX_POINT ( 'NONE', #3559 ) ;
#1396 = AXIS2_PLACEMENT_3D ( 'NONE', #1828, #23, #1468 ) ;
#1397 = CARTESIAN_POINT ( 'NONE',  ( 16.06452596313853221, -1.749635530559412455, 1.785714285714286031 ) ) ;
#1398 = CIRCLE ( 'NONE', #343, 0.2500000000000004996 ) ;
#1399 = CARTESIAN_POINT ( 'NONE',  ( -15.28617478323479517, 1.642715451312370512, 2.267892428691849371 ) ) ;
#1400 = CARTESIAN_POINT ( 'NONE',  ( -12.51607587871922433, -2.443115853429859374, 0.7765003709821335365 ) ) ;
#1401 = FACE_OUTER_BOUND ( 'NONE', #661, .T. ) ;
#1402 = AXIS2_PLACEMENT_3D ( 'NONE', #714, #2156, #2477 ) ;
#1403 = CARTESIAN_POINT ( 'NONE',  ( -19.83342505805657296, 0.2737921357439661585, -2.500000000000000444 ) ) ;
#1404 =( BOUNDED_SURFACE ( )  B_SPLINE_SURFACE ( 3, 2, ( 
 ( #1362, #2698, #1005 ),
 ( #2419, #300, #3808 ),
 ( #3854, #658, #938 ),
 ( #611, #2748, #276 ) ),
 .UNSPECIFIED., .F., .F., .F. ) 
 B_SPLINE_SURFACE_WITH_KNOTS ( ( 4, 4 ),
 ( 3, 3 ),
 ( 0.000000000000000000, 0.0008595265505675439175 ),
 ( 0.000000000000000000, 1.000000000000000000 ),
 .UNSPECIFIED. ) 
 GEOMETRIC_REPRESENTATION_ITEM ( )  RATIONAL_B_SPLINE_SURFACE ( (
 ( 1.000000000000000000, 0.7071067811865479058, 1.000000000000000000),
 ( 1.000000000000000000, 0.7324038254739606568, 1.000000000000000000),
 ( 1.000000000000000000, 0.7546230641985436360, 1.000000000000000000),
 ( 1.000000000000000000, 0.7745966692414879562, 1.000000000000000000) ) ) 
 REPRESENTATION_ITEM ( '' )  SURFACE ( )  );
#1405 = VERTEX_POINT ( 'NONE', #374 ) ;
#1406 = CARTESIAN_POINT ( 'NONE',  ( -15.01818997635090014, -1.725172314968953291, -2.249999999999999112 ) ) ;
#1407 = CARTESIAN_POINT ( 'NONE',  ( 11.03226985042036823, -2.474987477922806267, -2.250000000000000888 ) ) ;
#1408 = CARTESIAN_POINT ( 'NONE',  ( 15.01818997635089836, 1.725172314968954623, 2.500000000000000888 ) ) ;
#1409 = CARTESIAN_POINT ( 'NONE',  ( -1.731222852866221018, 5.404645192418830568, 3.636666666666666714 ) ) ;
#1410 = FACE_OUTER_BOUND ( 'NONE', #4450, .T. ) ;
#1411 = CARTESIAN_POINT ( 'NONE',  ( -15.55796683517996470, -1.567892953279846235, -2.284536010337828493 ) ) ;
#1412 = ADVANCED_FACE ( 'NONE', ( #15, #1754 ), #3719, .T. ) ;
#1413 = EDGE_CURVE ( 'NONE', #1742, #3069, #3688, .T. ) ;
#1414 = EDGE_LOOP ( 'NONE', ( #3157, #844, #4207, #2558, #4304 ) ) ;
#1415 = EDGE_LOOP ( 'NONE', ( #2372, #3695, #1218, #1435 ) ) ;
#1416 = CARTESIAN_POINT ( 'NONE',  ( 13.52533076633793208, 2.181725096763540428, -1.545226512738833158 ) ) ;
#1417 = CARTESIAN_POINT ( 'NONE',  ( 1.449501866317036258, 5.015977140882594831, 4.249769575074693329 ) ) ;
#1418 = CARTESIAN_POINT ( 'NONE',  ( -15.55899245039931778, 1.567630187750446824, -2.284593894601263386 ) ) ;
#1419 = ORIENTED_EDGE ( 'NONE', *, *, #2647, .F. ) ;
#1420 = FACE_OUTER_BOUND ( 'NONE', #1058, .T. ) ;
#1421 = ORIENTED_EDGE ( 'NONE', *, *, #3765, .F. ) ;
#1422 = CARTESIAN_POINT ( 'NONE',  ( -13.88253273981766611, -2.074605310825333504, 1.751219825105331029 ) ) ;
#1423 = CARTESIAN_POINT ( 'NONE',  ( -12.15887357748950137, -2.522014575734798036, -0.1063637323379370003 ) ) ;
#1424 = DIRECTION ( 'NONE',  ( -0.9714216343455955860, -0.2373605028755459423, 1.428410524475383233E-13 ) ) ;
#1425 = CARTESIAN_POINT ( 'NONE',  ( -14.01569931280399750, -2.033630980675693145, 1.477436771399726734 ) ) ;
#1426 = AXIS2_PLACEMENT_3D ( 'NONE', #4648, #3591, #2861 ) ;
#1427 = CARTESIAN_POINT ( 'NONE',  ( -1.484971468450847709, 5.365892451057653112, 3.532326023706151563 ) ) ;
#1428 = CARTESIAN_POINT ( 'NONE',  ( 16.58532988375761974, -1.061458937848280160, -2.500000000000000444 ) ) ;
#1429 = CARTESIAN_POINT ( 'NONE',  ( -19.83296401112548679, -0.2739499633921284039, -2.500000000000000000 ) ) ;
#1430 = TOROIDAL_SURFACE ( 'NONE', #1812, 6.750000000000001776, 0.2500000000000000000 ) ;
#1431 =( BOUNDED_SURFACE ( )  B_SPLINE_SURFACE ( 3, 2, ( 
 ( #3569, #3239, #3915 ),
 ( #3528, #696, #3260 ),
 ( #1004, #31, #2181 ),
 ( #1027, #344, #4294 ),
 ( #2502, #1746, #740 ),
 ( #2159, #3593, #8 ),
 ( #3615, #1451, #2885 ),
 ( #1094, #1476, #657 ),
 ( #4438, #436, #788 ),
 ( #1906, #3287, #1857 ),
 ( #2622, #1597, #4037 ),
 ( #1952, #4417, #512 ),
 ( #1575, #1139, #2578 ),
 ( #4341, #3337, #1550 ),
 ( #4366, #1499, #2934 ),
 ( #1931, #3007, #54 ),
 ( #2644, #4009, #2231 ),
 ( #4063, #3665, #1191 ),
 ( #1880, #104, #460 ),
 ( #1213, #2552, #4083 ),
 ( #2277, #3386, #3312 ),
 ( #812, #858, #79 ),
 ( #838, #152, #485 ),
 ( #2254, #2985, #2298 ),
 ( #131, #4389, #1525 ),
 ( #2957, #1167, #1117 ),
 ( #3711, #3985, #2601 ),
 ( #3690, #765, #3365 ),
 ( #3733, #2205, #3635 ),
 ( #412, #975, #1302 ),
 ( #3095, #2364, #1618 ),
 ( #3430, #600, #2043 ),
 ( #3051, #2411, #1687 ),
 ( #2319, #1330, #4151 ),
 ( #170, #908, #2737 ),
 ( #3821, #215, #3474 ),
 ( #4527, #240, #3845 ),
 ( #555, #4128, #2763 ),
 ( #2690, #4200, #883 ),
 ( #2342, #4178, #3406 ),
 ( #266, #1283, #3116 ),
 ( #3450, #1257, #3775 ) ),
 .UNSPECIFIED., .F., .F., .F. ) 
 B_SPLINE_SURFACE_WITH_KNOTS ( ( 4, 2, 2, 2, 2, 2, 2, 2, 2, 2, 2, 2, 2, 2, 2, 2, 2, 2, 2, 2, 4 ),
 ( 3, 3 ),
 ( 0.002151334246292567476, 0.002895766432937780382, 0.003640198619582993723, 0.004384630806228207063, 0.005129062992873419970, 0.005501279086196027290, 0.005873495179518633744, 0.006245711272841240197, 0.006617927366163846650, 0.006990143459486453104, 0.007362359552809059557, 0.008106791739454272464, 0.008479007832776878917, 0.008851223926099487105, 0.009223440019422093558, 0.009595656112744700011, 0.01034008829938991292, 0.01108452048603512582, 0.01182895267268033873, 0.01257338485932555164, 0.01406224923261597745 ),
 ( 0.000000000000000000, 1.000000000000000000 ),
 .UNSPECIFIED. ) 
 GEOMETRIC_REPRESENTATION_ITEM ( )  RATIONAL_B_SPLINE_SURFACE ( (
 ( 1.000000000000000000, 0.3223282928008610049, 1.000000000000000000),
 ( 1.000000000000000000, 0.3504491278314416092, 1.000000000000000000),
 ( 1.000000000000000000, 0.3782517037205547772, 1.000000000000000000),
 ( 1.000000000000000000, 0.4335070381464162237, 1.000000000000000000),
 ( 1.000000000000000000, 0.4612015749301918155, 1.000000000000000000),
 ( 1.000000000000000000, 0.5150068377439340761, 1.000000000000000000),
 ( 1.000000000000000000, 0.5411807527248160277, 1.000000000000000000),
 ( 1.000000000000000000, 0.5924036083303704237, 1.000000000000000000),
 ( 1.000000000000000000, 0.6175591926015803201, 1.000000000000000000),
 ( 1.000000000000000000, 0.6530329018521885409, 1.000000000000000000),
 ( 1.000000000000000000, 0.6645475049797223699, 1.000000000000000000),
 ( 1.000000000000000000, 0.6869764063012596678, 1.000000000000000000),
 ( 1.000000000000000000, 0.6979623171345525900, 1.000000000000000000),
 ( 1.000000000000000000, 0.7187912750504139581, 1.000000000000000000),
 ( 1.000000000000000000, 0.7286761497399590892, 1.000000000000000000),
 ( 1.000000000000000000, 0.7473807706990692745, 1.000000000000000000),
 ( 1.000000000000000000, 0.7562742658683447861, 1.000000000000000000),
 ( 1.000000000000000000, 0.7725222308454597897, 1.000000000000000000),
 ( 1.000000000000000000, 0.7798505963805499874, 1.000000000000000000),
 ( 1.000000000000000000, 0.7928644501386208354, 1.000000000000000000),
 ( 1.000000000000000000, 0.7985811647876911445, 1.000000000000000000),
 ( 1.000000000000000000, 0.8123900422377089425, 1.000000000000000000),
 ( 1.000000000000000000, 0.8173808530448785081, 1.000000000000000000),
 ( 1.000000000000000000, 0.8174562383523331643, 1.000000000000000000),
 ( 1.000000000000000000, 0.8162479151533535981, 1.000000000000000000),
 ( 1.000000000000000000, 0.8115402082118509108, 1.000000000000000000),
 ( 1.000000000000000000, 0.8080290433162606867, 1.000000000000000000),
 ( 1.000000000000000000, 0.7988275591323381608, 1.000000000000000000),
 ( 1.000000000000000000, 0.7932514296354816752, 1.000000000000000000),
 ( 1.000000000000000000, 0.7802706271748961475, 1.000000000000000000),
 ( 1.000000000000000000, 0.7728203823589836485, 1.000000000000000000),
 ( 1.000000000000000000, 0.7485786456656812193, 1.000000000000000000),
 ( 1.000000000000000000, 0.7294088415882367116, 1.000000000000000000),
 ( 1.000000000000000000, 0.6879950103164520492, 1.000000000000000000),
 ( 1.000000000000000000, 0.6652956627060494510, 1.000000000000000000),
 ( 1.000000000000000000, 0.6177766782875414586, 1.000000000000000000),
 ( 1.000000000000000000, 0.5931443259982441818, 1.000000000000000000),
 ( 1.000000000000000000, 0.5418538930002664289, 1.000000000000000000),
 ( 1.000000000000000000, 0.5151996783658974177, 1.000000000000000000),
 ( 1.000000000000000000, 0.4348328884401104766, 1.000000000000000000),
 ( 1.000000000000000000, 0.3791887651074898336, 1.000000000000000000),
 ( 1.000000000000000000, 0.3223282928008631143, 1.000000000000000000) ) ) 
 REPRESENTATION_ITEM ( '' )  SURFACE ( )  );
#1432 = DIRECTION ( 'NONE',  ( 1.000000000000000000, 0.000000000000000000, 0.000000000000000000 ) ) ;
#1433 = FACE_OUTER_BOUND ( 'NONE', #2901, .T. ) ;
#1434 = CC_DESIGN_APPROVAL ( #2694, ( #546 ) ) ;
#1435 = ORIENTED_EDGE ( 'NONE', *, *, #1383, .F. ) ;
#1436 = ORIENTED_EDGE ( 'NONE', *, *, #4456, .F. ) ;
#1437 = CARTESIAN_POINT ( 'NONE',  ( 12.43558860389514820, 2.461571357272429150, -0.4491860457788408034 ) ) ;
#1438 = ADVANCED_FACE ( 'NONE', ( #1890 ), #3294, .F. ) ;
#1439 = CARTESIAN_POINT ( 'NONE',  ( 13.88253273981766611, 2.074605310825333504, -1.751219825105336136 ) ) ;
#1440 = FACE_OUTER_BOUND ( 'NONE', #2795, .T. ) ;
#1441 = EDGE_LOOP ( 'NONE', ( #1862, #1372, #2533, #1541 ) ) ;
#1442 = ADVANCED_FACE ( 'NONE', ( #1510 ), #2585, .F. ) ;
#1443 = CARTESIAN_POINT ( 'NONE',  ( 13.88253273981767677, -2.074605310825330395, -1.751219825105337913 ) ) ;
#1444 = ORIENTED_EDGE ( 'NONE', *, *, #164, .T. ) ;
#1445 = DIRECTION ( 'NONE',  ( -0.2940858488375206470, -0.9557790087219508735, 0.000000000000000000 ) ) ;
#1446 = CARTESIAN_POINT ( 'NONE',  ( -12.79197739554821744, -2.377177665912551419, -0.7879528995976992078 ) ) ;
#1447 = CYLINDRICAL_SURFACE ( 'NONE', #503, 20.00000000000000000 ) ;
#1448 = CARTESIAN_POINT ( 'NONE',  ( 16.64229904359726930, -1.289442362248261364, -2.348787546751574418 ) ) ;
#1449 = APPLICATION_PROTOCOL_DEFINITION ( 'international standard', 'config_control_design', 1994, #640 ) ;
#1450 = CARTESIAN_POINT ( 'NONE',  ( -1.600436960979524814, 5.281842643260624470, 3.571500679459698624 ) ) ;
#1451 = CARTESIAN_POINT ( 'NONE',  ( 1.676057133133747934, 4.454394367226614193, 5.227488094914034988 ) ) ;
#1452 = CARTESIAN_POINT ( 'NONE',  ( -16.06452596313852865, -2.449489742783178325, 2.500000000000000444 ) ) ;
#1453 = ADVANCED_FACE ( 'NONE', ( #3017 ), #2074, .T. ) ;
#1454 = CARTESIAN_POINT ( 'NONE',  ( -13.88253273981766611, -2.074605310825333504, -2.250000000000000888 ) ) ;
#1455 = ORIENTED_EDGE ( 'NONE', *, *, #2304, .F. ) ;
#1456 = ORIENTED_EDGE ( 'NONE', *, *, #2002, .F. ) ;
#1457 = CARTESIAN_POINT ( 'NONE',  ( 13.12147208170611812, 2.293539683640092974, 1.016761036289100417 ) ) ;
#1458 = CARTESIAN_POINT ( 'NONE',  ( 19.89782527458106642, 0.3625192527929470554, -2.479939928840619423 ) ) ;
#1459 = CARTESIAN_POINT ( 'NONE',  ( -12.79197739554744118, 2.377177665912407090, 0.7879528995985097817 ) ) ;
#1460 = CARTESIAN_POINT ( 'NONE',  ( -1.719953210616332218, 5.417785983589687326, 3.613636390234689078 ) ) ;
#1461 = ORIENTED_EDGE ( 'NONE', *, *, #323, .T. ) ;
#1462 = AXIS2_PLACEMENT_3D ( 'NONE', #4065, #1215, #133 ) ;
#1463 = CIRCLE ( 'NONE', #4095, 20.00000000000000000 ) ;
#1464 = CARTESIAN_POINT ( 'NONE',  ( -18.00780870263278999, 1.187216035834511851, -2.206345972839916847 ) ) ;
#1465 = EDGE_CURVE ( 'NONE', #3477, #1556, #2213, .T. ) ;
#1466 = AXIS2_PLACEMENT_3D ( 'NONE', #2437, #1767, #2119 ) ;
#1467 = VERTEX_POINT ( 'NONE', #2563 ) ;
#1468 = DIRECTION ( 'NONE',  ( 0.000000000000000000, 0.000000000000000000, 1.000000000000000000 ) ) ;
#1469 = CARTESIAN_POINT ( 'NONE',  ( -15.92901681026058114, -1.524939231144445406, 2.005870797977606479 ) ) ;
#1470 = CIRCLE ( 'NONE', #1629, 1.000000000000000000 ) ;
#1471 = CARTESIAN_POINT ( 'NONE',  ( 4.964411059691882677, 4.573524114991520229, 2.500000000000000000 ) ) ;
#1472 = DIRECTION ( 'NONE',  ( -0.1534913461950954960, -0.9881499919765306394, 0.000000000000000000 ) ) ;
#1473 = PERSON_AND_ORGANIZATION_ROLE ( 'classification_officer' ) ;
#1474 = EDGE_CURVE ( 'NONE', #4014, #943, #2818, .T. ) ;
#1475 = CARTESIAN_POINT ( 'NONE',  ( -1.562285061085987081, 5.311113512314102003, 3.557116391505759978 ) ) ;
#1476 = CARTESIAN_POINT ( 'NONE',  ( 1.722675728052320387, 4.108486532703067518, 5.575711502020483046 ) ) ;
#1477 = AXIS2_PLACEMENT_3D ( 'NONE', #3574, #1385, #1432 ) ;
#1478 = CARTESIAN_POINT ( 'NONE',  ( 14.17661858865518987, -3.030384319547283933, -1.751219825105331029 ) ) ;
#1479 = CARTESIAN_POINT ( 'NONE',  ( 19.04086555967100480, 0.5472060642728323598, 2.476336563498846122 ) ) ;
#1480 = CARTESIAN_POINT ( 'NONE',  ( -15.28617966661404459, -1.642713948734140006, -2.267892754745889583 ) ) ;
#1481 = EDGE_CURVE ( 'NONE', #3209, #1962, #159, .T. ) ;
#1482 = VERTEX_POINT ( 'NONE', #2992 ) ;
#1483 = EDGE_LOOP ( 'NONE', ( #2867, #1367, #1956, #2766 ) ) ;
#1484 = CARTESIAN_POINT ( 'NONE',  ( 12.28671157032855810, 2.494740686554012488, 0.1867371269386184640 ) ) ;
#1485 = FACE_OUTER_BOUND ( 'NONE', #295, .T. ) ;
#1486 = CARTESIAN_POINT ( 'NONE',  ( -14.01569931280371861, 2.033630980675778410, -1.477436771399606386 ) ) ;
#1487 = CARTESIAN_POINT ( 'NONE',  ( -1.532213289479025686, 5.442736595278391043, 3.696903180281216006 ) ) ;
#1488 = ORIENTED_EDGE ( 'NONE', *, *, #3250, .T. ) ;
#1489 = ORIENTED_EDGE ( 'NONE', *, *, #2021, .T. ) ;
#1490 = CARTESIAN_POINT ( 'NONE',  ( -16.46011973711240373, 1.662691843971748185, -1.870901353112781607 ) ) ;
#1491 = ORIENTED_EDGE ( 'NONE', *, *, #2790, .T. ) ;
#1492 = FACE_OUTER_BOUND ( 'NONE', #1849, .T. ) ;
#1493 = DIRECTION ( 'NONE',  ( -1.000000000000000000, 0.000000000000000000, 0.000000000000000000 ) ) ;
#1494 = EDGE_CURVE ( 'NONE', #4522, #3189, #2480, .T. ) ;
#1495 = ADVANCED_FACE ( 'NONE', ( #1533 ), #3345, .T. ) ;
#1496 = CARTESIAN_POINT ( 'NONE',  ( 1.137987532081301989, 5.378134773770858246, 3.599999999999999645 ) ) ;
#1497 = CARTESIAN_POINT ( 'NONE',  ( 11.03226985042036823, 2.474987477922806267, -2.500000000000000000 ) ) ;
#1498 = CARTESIAN_POINT ( 'NONE',  ( 19.83474253268325072, -0.2730311772418704819, 2.494368296712443200 ) ) ;
#1499 = CARTESIAN_POINT ( 'NONE',  ( 1.431744564973399747, 3.008595347535260256, 6.512010296386990582 ) ) ;
#1500 = CARTESIAN_POINT ( 'NONE',  ( 12.97230039938242641, -2.401999919866589117, 0.6996259650533196428 ) ) ;
#1501 = B_SPLINE_CURVE_WITH_KNOTS ( 'NONE', 3,
 ( #2877, #1087, #3140, #4577, #1923, #2977 ),
 .UNSPECIFIED., .F., .F.,
 ( 4, 2, 4 ),
 ( -1.969101440000940519E-05, 0.002494312341969288655, 0.005008315698338586773 ),
 .UNSPECIFIED. ) ;
#1502 = CIRCLE ( 'NONE', #2107, 0.2499999999999998335 ) ;
#1503 = FACE_OUTER_BOUND ( 'NONE', #736, .T. ) ;
#1504 = DIRECTION ( 'NONE',  ( 0.000000000000000000, -0.000000000000000000, -1.000000000000000000 ) ) ;
#1505 = ORIENTED_EDGE ( 'NONE', *, *, #3862, .F. ) ;
#1506 = ORIENTED_EDGE ( 'NONE', *, *, #2647, .T. ) ;
#1507 = CIRCLE ( 'NONE', #301, 2.500000000000000000 ) ;
#1508 = CARTESIAN_POINT ( 'NONE',  ( 13.30122068519392364, 2.245162658866965977, -1.121188275711088700 ) ) ;
#1509 = ADVANCED_FACE ( 'NONE', ( #2631 ), #1096, .F. ) ;
#1510 = FACE_OUTER_BOUND ( 'NONE', #4132, .T. ) ;
#1511 = CARTESIAN_POINT ( 'NONE',  ( -13.25169249365245605, 2.351944638101318485, 0.8534709203257976329 ) ) ;
#1512 = AXIS2_PLACEMENT_3D ( 'NONE', #3895, #2117, #387 ) ;
#1513 = CARTESIAN_POINT ( 'NONE',  ( -1.509423358491853495, 5.469934903949598137, 3.644347110364787312 ) ) ;
#1514 = ORIENTED_EDGE ( 'NONE', *, *, #4587, .T. ) ;
#1515 = EDGE_CURVE ( 'NONE', #1076, #4522, #1067, .T. ) ;
#1516 = CARTESIAN_POINT ( 'NONE',  ( 13.83439133148802824, -2.090782007890775951, 1.395797202203731713 ) ) ;
#1517 = CARTESIAN_POINT ( 'NONE',  ( 15.69691865209162707, 1.254765981880740622, -2.500000000000000000 ) ) ;
#1518 = VERTEX_POINT ( 'NONE', #563 ) ;
#1519 = DIRECTION ( 'NONE',  ( 1.000000000000000000, -0.000000000000000000, -0.000000000000000000 ) ) ;
#1520 = FACE_OUTER_BOUND ( 'NONE', #1252, .T. ) ;
#1521 = CARTESIAN_POINT ( 'NONE',  ( -14.17661858865518809, -2.164560228248057161, 1.250871303646670096 ) ) ;
#1522 = CARTESIAN_POINT ( 'NONE',  ( -14.17661858865518809, 2.164560228248057605, -1.250871303646669430 ) ) ;
#1523 = COORDINATED_UNIVERSAL_TIME_OFFSET ( 5, 30, .AHEAD. ) ;
#1524 = CARTESIAN_POINT ( 'NONE',  ( -16.06452596313853221, 1.749635530559412455, 1.785714285714286031 ) ) ;
#1525 = CARTESIAN_POINT ( 'NONE',  ( -0.3467326043966027505, 2.049977260711745242, 7.136156181534902387 ) ) ;
#1526 = CARTESIAN_POINT ( 'NONE',  ( -15.82227091433213850, -1.458036688930153257, 2.500000000000000000 ) ) ;
#1527 = CARTESIAN_POINT ( 'NONE',  ( 15.21864135425538578, -1.401928232901013871, -2.500000000000000444 ) ) ;
#1528 = DIRECTION ( 'NONE',  ( -0.1534913461950954960, 0.9881499919765306394, 0.000000000000000000 ) ) ;
#1529 = ORIENTED_EDGE ( 'NONE', *, *, #3388, .F. ) ;
#1530 = EDGE_CURVE ( 'NONE', #1817, #3515, #1779, .T. ) ;
#1531 = VERTEX_POINT ( 'NONE', #3413 ) ;
#1532 = CARTESIAN_POINT ( 'NONE',  ( -14.21347605840616701, -1.972776597413487432, 1.927428506607880232 ) ) ;
#1533 = FACE_OUTER_BOUND ( 'NONE', #3923, .T. ) ;
#1534 = CARTESIAN_POINT ( 'NONE',  ( -16.06452596313853221, 1.749635530559412677, -1.785714285714285809 ) ) ;
#1535 = CARTESIAN_POINT ( 'NONE',  ( 18.00782857989845098, 1.187208797895851431, 2.206350023681152184 ) ) ;
#1536 = ADVANCED_FACE ( 'NONE', ( #178 ), #3834, .F. ) ;
#1537 = ORIENTED_EDGE ( 'NONE', *, *, #3929, .T. ) ;
#1538 = CARTESIAN_POINT ( 'NONE',  ( 12.39589087160283576, -2.495717275576327054, 0.1632803636894659405 ) ) ;
#1539 = CARTESIAN_POINT ( 'NONE',  ( 1.615349267166197977, 4.014086380134340715, 3.500000000000000000 ) ) ;
#1540 = ADVANCED_FACE ( 'NONE', ( #203 ), #1562, .T. ) ;
#1541 = ORIENTED_EDGE ( 'NONE', *, *, #756, .T. ) ;
#1542 = CARTESIAN_POINT ( 'NONE',  ( 1.197751953135297587, 5.564366626163968377, 3.594090115941553698 ) ) ;
#1543 = AXIS2_PLACEMENT_3D ( 'NONE', #3898, #3555, #1772 ) ;
#1544 = CARTESIAN_POINT ( 'NONE',  ( -13.80901127760828651, 1.835660558644845786, -2.500000000000000000 ) ) ;
#1545 = CARTESIAN_POINT ( 'NONE',  ( 15.83196111628437031, 1.497694811084284261, -2.300000000000003375 ) ) ;
#1546 = DIRECTION ( 'NONE',  ( 0.9881499919765303064, -0.1534913461950969393, -0.000000000000000000 ) ) ;
#1547 = AXIS2_PLACEMENT_3D ( 'NONE', #3819, #2734, #552 ) ;
#1548 = MECHANICAL_CONTEXT ( 'NONE', #640, 'mechanical' ) ;
#1549 = CARTESIAN_POINT ( 'NONE',  ( -18.00782857989845098, 1.187208797895851431, 2.206350023681152184 ) ) ;
#1550 = CARTESIAN_POINT ( 'NONE',  ( 1.566718811137653544, 3.047979118484554828, 6.447908145217313702 ) ) ;
#1551 = CARTESIAN_POINT ( 'NONE',  ( -20.62499999999998934, -5.653206429342675403E-15, 2.500000000000000444 ) ) ;
#1552 = AXIS2_PLACEMENT_3D ( 'NONE', #73, #4165, #4214 ) ;
#1553 = CARTESIAN_POINT ( 'NONE',  ( 15.83196111628430636, -1.497694811084300692, -2.299999999999999822 ) ) ;
#1554 = DIRECTION ( 'NONE',  ( -1.000000000000000000, 0.000000000000000000, 0.000000000000000000 ) ) ;
#1555 = CIRCLE ( 'NONE', #4324, 5.250000000000000000 ) ;
#1556 = VERTEX_POINT ( 'NONE', #3127 ) ;
#1557 = ORIENTED_EDGE ( 'NONE', *, *, #4307, .F. ) ;
#1558 = CARTESIAN_POINT ( 'NONE',  ( 13.98710836962923487, 2.206210824734912812, 1.178797362566219586 ) ) ;
#1559 = CARTESIAN_POINT ( 'NONE',  ( 0.000000000000000000, 0.000000000000000000, -2.500000000000000000 ) ) ;
#1560 = EDGE_CURVE ( 'NONE', #784, #1038, #587, .T. ) ;
#1561 = CARTESIAN_POINT ( 'NONE',  ( -16.06452596313852865, 1.749635530559412677, 1.785714285714285365 ) ) ;
#1562 =( BOUNDED_SURFACE ( )  B_SPLINE_SURFACE ( 3, 2, ( 
 ( #4137, #2773, #1628 ),
 ( #612, #2396, #1290 ),
 ( #3762, #542, #2749 ),
 ( #1982, #2006, #4490 ),
 ( #3485, #1266, #916 ),
 ( #1697, #2350, #4187 ) ),
 .UNSPECIFIED., .F., .F., .F. ) 
 B_SPLINE_SURFACE_WITH_KNOTS ( ( 4, 2, 4 ),
 ( 3, 3 ),
 ( -3.209238430557093125E-17, 0.002506044195168827954, 0.005012088390337688000 ),
 ( 0.000000000000000000, 1.000000000000000000 ),
 .UNSPECIFIED. ) 
 GEOMETRIC_REPRESENTATION_ITEM ( )  RATIONAL_B_SPLINE_SURFACE ( (
 ( 1.000000000000000000, 0.7745966692414835153, 1.000000000000000000),
 ( 1.000000000000000000, 0.8377277240438415484, 1.000000000000000000),
 ( 1.000000000000000000, 0.8954940612316404369, 1.000000000000000000),
 ( 1.000000000000000000, 0.9769271448287388804, 1.000000000000000000),
 ( 1.000000000000000000, 1.000316931112943175, 1.000000000000000000),
 ( 1.000000000000000000, 1.000000000000000000, 1.000000000000000000) ) ) 
 REPRESENTATION_ITEM ( '' )  SURFACE ( )  );
#1563 = CARTESIAN_POINT ( 'NONE',  ( -19.13886132976260157, -0.7200443538324881043, 2.400803242296805529 ) ) ;
#1564 = ORIENTED_EDGE ( 'NONE', *, *, #3003, .T. ) ;
#1565 = CARTESIAN_POINT ( 'NONE',  ( 13.12812524830501815, -2.291775676477087575, 1.020789071298831008 ) ) ;
#1566 = EDGE_CURVE ( 'NONE', #2037, #3620, #2361, .T. ) ;
#1567 = CARTESIAN_POINT ( 'NONE',  ( 13.82481130021692550, 2.241880511421302735, 1.117073038944484287 ) ) ;
#1568 = ORIENTED_EDGE ( 'NONE', *, *, #3939, .F. ) ;
#1569 = FACE_OUTER_BOUND ( 'NONE', #1979, .T. ) ;
#1570 = CARTESIAN_POINT ( 'NONE',  ( -19.89782527458106642, -0.3625192527929240183, 2.479939928840624752 ) ) ;
#1571 = ADVANCED_FACE ( 'NONE', ( #1650, #2029 ), #698, .T. ) ;
#1572 = CARTESIAN_POINT ( 'NONE',  ( -15.01818997635090014, 1.725172314968953291, -2.249999999999999112 ) ) ;
#1573 = DIRECTION ( 'NONE',  ( -0.1534913461950991320, -0.9881499919765299733, 0.000000000000000000 ) ) ;
#1574 = DIRECTION ( 'NONE',  ( 0.9557790087219509845, 0.2940858488375207025, -2.550788129655075718E-16 ) ) ;
#1575 = CARTESIAN_POINT ( 'NONE',  ( 1.544421666754488998, 3.220554769835857645, 6.220405960042509896 ) ) ;
#1576 = B_SPLINE_CURVE_WITH_KNOTS ( 'NONE', 3,
 ( #848, #3373, #4376, #90, #4468, #3674, #4425, #1606, #2264, #2944 ),
 .UNSPECIFIED., .F., .F.,
 ( 4, 2, 2, 2, 4 ),
 ( 0.000000000000000000, 0.001239372065399672309, 0.002478744130799344619, 0.003718116196199016711, 0.004957488261598689237 ),
 .UNSPECIFIED. ) ;
#1577 = CARTESIAN_POINT ( 'NONE',  ( 13.47470268547233552, -2.311399678563219151, -0.9712216892265899126 ) ) ;
#1578 = DIRECTION ( 'NONE',  ( -1.000000000000000000, 0.000000000000000000, 0.000000000000000000 ) ) ;
#1579 = CARTESIAN_POINT ( 'NONE',  ( 19.82585237460600780, 0.2443254463250202346, 2.500000000000544009 ) ) ;
#1580 = ORIENTED_EDGE ( 'NONE', *, *, #117, .T. ) ;
#1581 = ORIENTED_EDGE ( 'NONE', *, *, #4495, .T. ) ;
#1582 = CARTESIAN_POINT ( 'NONE',  ( 13.17273120067077485, 2.279594382428681509, 1.315888194516413812 ) ) ;
#1583 = CARTESIAN_POINT ( 'NONE',  ( -24.75000000000000000, 0.000000000000000000, 0.000000000000000000 ) ) ;
#1584 = DIRECTION ( 'NONE',  ( 0.8518212536923538414, 0.2620988472899543065, -0.4535468509506643819 ) ) ;
#1585 = CARTESIAN_POINT ( 'NONE',  ( 14.21347605840616701, -1.972776597413487432, 1.927428506607880232 ) ) ;
#1586 = AXIS2_PLACEMENT_3D ( 'NONE', #4222, #3890, #670 ) ;
#1587 = EDGE_LOOP ( 'NONE', ( #3577, #3041, #639, #12 ) ) ;
#1588 = CIRCLE ( 'NONE', #1277, 5.250000000000000000 ) ;
#1589 =( BOUNDED_CURVE ( )  B_SPLINE_CURVE ( 3, ( #4297, #3617, #4274, #3554 ),
 .UNSPECIFIED., .F., .F. ) 
 B_SPLINE_CURVE_WITH_KNOTS ( ( 4, 4 ),
 ( 0.5240012602887417215, 0.7956029534845354689 ),
 .UNSPECIFIED. ) 
 CURVE ( )  GEOMETRIC_REPRESENTATION_ITEM ( )  RATIONAL_B_SPLINE_CURVE ( ( 1.000000000000000000, 0.9938621515090062530, 0.9938621515090062530, 1.000000000000000000 ) ) 
 REPRESENTATION_ITEM ( '' )  );
#1590 = CARTESIAN_POINT ( 'NONE',  ( 12.48064628180860858, -2.482629011280665932, -0.3033829905349516576 ) ) ;
#1591 = DIRECTION ( 'NONE',  ( -0.9795833989262302532, -0.2010382166358778977, 0.000000000000000000 ) ) ;
#1592 = ORIENTED_EDGE ( 'NONE', *, *, #4400, .T. ) ;
#1593 = LOCAL_TIME ( 19, 30, 25.00000000000000000, #410 ) ;
#1594 = CARTESIAN_POINT ( 'NONE',  ( -15.82227091433204436, 1.458036688930180791, 2.500000000000000000 ) ) ;
#1595 = DIRECTION ( 'NONE',  ( 0.3911386092411198723, 0.4561001561003143467, -0.7993642698833814952 ) ) ;
#1596 = CARTESIAN_POINT ( 'NONE',  ( 17.54097258951879112, -1.148555725093404645, 2.231929308942951717 ) ) ;
#1597 = CARTESIAN_POINT ( 'NONE',  ( 1.662843613522913211, 3.554233196025406993, 6.073396132376406520 ) ) ;
#1598 = CARTESIAN_POINT ( 'NONE',  ( 19.01056161206855677, 0.4300265914016314639, 2.499999999999999556 ) ) ;
#1599 = DIRECTION ( 'NONE',  ( -0.9557790087219500963, -0.2940858488375230895, -0.000000000000000000 ) ) ;
#1600 = CYLINDRICAL_SURFACE ( 'NONE', #1389, 0.2500000000000001110 ) ;
#1601 = ORIENTED_EDGE ( 'NONE', *, *, #356, .T. ) ;
#1602 = EDGE_CURVE ( 'NONE', #3560, #730, #2268, .T. ) ;
#1603 = ORIENTED_EDGE ( 'NONE', *, *, #1357, .F. ) ;
#1604 = FACE_OUTER_BOUND ( 'NONE', #3066, .T. ) ;
#1605 = CARTESIAN_POINT ( 'NONE',  ( -16.46012385473530060, -1.662690938999683787, -1.870902239800696254 ) ) ;
#1606 = CARTESIAN_POINT ( 'NONE',  ( 19.88453640840451797, -0.3691041613723933801, -2.479129482719582445 ) ) ;
#1607 = ORIENTED_EDGE ( 'NONE', *, *, #817, .F. ) ;
#1608 = DIRECTION ( 'NONE',  ( 0.9557790087219500963, -0.2940858488375230895, 0.000000000000000000 ) ) ;
#1609 = AXIS2_PLACEMENT_3D ( 'NONE', #557, #4202, #155 ) ;
#1610 = DIRECTION ( 'NONE',  ( 0.000000000000000000, 0.000000000000000000, -1.000000000000000000 ) ) ;
#1611 = ORIENTED_EDGE ( 'NONE', *, *, #1703, .T. ) ;
#1612 = CARTESIAN_POINT ( 'NONE',  ( 0.000000000000000000, 0.000000000000000000, 2.250000000000000444 ) ) ;
#1613 = CARTESIAN_POINT ( 'NONE',  ( -15.01818997635090369, 1.725172314968952847, -2.250000000000000000 ) ) ;
#1614 = B_SPLINE_CURVE_WITH_KNOTS ( 'NONE', 3,
 ( #971, #1347, #3543, #2088, #648, #4240, #1373, #994, #4220, #1397 ),
 .UNSPECIFIED., .F., .F.,
 ( 4, 2, 2, 2, 4 ),
 ( -4.174195562399390333E-05, 0.001199151176171815714, 0.002440044307967625080, 0.003680937439763434880, 0.004921830571559244680 ),
 .UNSPECIFIED. ) ;
#1615 = CARTESIAN_POINT ( 'NONE',  ( -1.702842150360217355, 5.316044451559506001, 3.600000000000000089 ) ) ;
#1616 = CARTESIAN_POINT ( 'NONE',  ( 17.93777057993065682, 1.028669704029536502, 2.288844333386272911 ) ) ;
#1617 = AXIS2_PLACEMENT_3D ( 'NONE', #1983, #3486, #2351 ) ;
#1618 = CARTESIAN_POINT ( 'NONE',  ( -1.369936958532079752, 2.422751972894825911, 6.829523122289562487 ) ) ;
#1619 = CARTESIAN_POINT ( 'NONE',  ( 20.62499999999999289, -2.013987282711733334E-15, -2.500000000000000000 ) ) ;
#1620 = CIRCLE ( 'NONE', #2439, 20.00000000000000000 ) ;
#1621 = CIRCLE ( 'NONE', #2220, 5.656854249492380582 ) ;
#1622 = LINE ( 'NONE', #3735, #4234 ) ;
#1623 = CARTESIAN_POINT ( 'NONE',  ( 14.17661858865518809, 2.164560228248057605, -1.250871303646669430 ) ) ;
#1624 = EDGE_LOOP ( 'NONE', ( #2015, #3035, #2236, #60, #4206, #3301, #3966, #1419, #3014, #350, #370, #2211, #682, #2492, #4100, #1752, #3045, #1581, #1725, #1863, #4517, #4421, #1113, #2946, #2657, #1145 ) ) ;
#1625 = AXIS2_PLACEMENT_3D ( 'NONE', #3030, #4504, #4459 ) ;
#1626 = CARTESIAN_POINT ( 'NONE',  ( -15.17233545036550879, 1.677742938349631840, 1.907072287095062713 ) ) ;
#1627 = DIRECTION ( 'NONE',  ( -0.9557790087219500963, -0.2940858488375230895, 0.000000000000000000 ) ) ;
#1628 = CARTESIAN_POINT ( 'NONE',  ( 15.77381990457084981, 1.259746078159556859, -2.500000000000000444 ) ) ;
#1629 = AXIS2_PLACEMENT_3D ( 'NONE', #1478, #2553, #3986 ) ;
#1630 = CARTESIAN_POINT ( 'NONE',  ( -19.10037523555342531, 0.6215644373845381487, 2.428052524610151863 ) ) ;
#1631 = DIRECTION ( 'NONE',  ( 0.4699767530242041635, 0.000000000000000000, -0.8826787930027696349 ) ) ;
#1632 = ORIENTED_EDGE ( 'NONE', *, *, #4203, .T. ) ;
#1633 = CARTESIAN_POINT ( 'NONE',  ( 13.79950936685095719, -2.245332822277912310, -1.102930052910640946 ) ) ;
#1634 = CARTESIAN_POINT ( 'NONE',  ( 0.000000000000000000, 0.000000000000000000, -2.250000000000000888 ) ) ;
#1635 = EDGE_LOOP ( 'NONE', ( #4264, #3145, #474 ) ) ;
#1636 = CARTESIAN_POINT ( 'NONE',  ( -14.17661858865518987, -2.164560228248059826, -1.250871303646665211 ) ) ;
#1637 = CARTESIAN_POINT ( 'NONE',  ( -12.50000000000000000, 2.500000000000000000, 2.250000000000000444 ) ) ;
#1638 = CARTESIAN_POINT ( 'NONE',  ( 14.17661858865518987, 2.164560228248059826, 1.250871303646665211 ) ) ;
#1639 = CARTESIAN_POINT ( 'NONE',  ( -24.75000000000000000, -3.061616997868383141E-16, -2.500000000000000000 ) ) ;
#1640 = CARTESIAN_POINT ( 'NONE',  ( -15.77381990457075389, 1.259746078159580174, 2.250000000000000444 ) ) ;
#1641 = APPROVAL ( #4364, 'UNSPECIFIED' ) ;
#1642 = CARTESIAN_POINT ( 'NONE',  ( 18.64503363653430767, -0.6709567711838448911, -2.458589866111546396 ) ) ;
#1643 = EDGE_CURVE ( 'NONE', #2427, #4068, #1363, .T. ) ;
#1644 = CARTESIAN_POINT ( 'NONE',  ( 14.94466851414152408, 1.486227562788465129, -2.250000000000000444 ) ) ;
#1645 = CARTESIAN_POINT ( 'NONE',  ( 16.58532082336591884, 1.061461151695297866, 2.500000000000000444 ) ) ;
#1646 = ORIENTED_EDGE ( 'NONE', *, *, #3388, .T. ) ;
#1647 = LINE ( 'NONE', #2050, #3048 ) ;
#1648 = CARTESIAN_POINT ( 'NONE',  ( -12.18214323516278164, 2.517097924562849531, 0.2129946580306129322 ) ) ;
#1649 = EDGE_CURVE ( 'NONE', #3292, #3604, #940, .T. ) ;
#1650 = FACE_BOUND ( 'NONE', #4635, .T. ) ;
#1651 = CARTESIAN_POINT ( 'NONE',  ( -20.26117717742560842, 0.1814194387006029252, 2.500000000000000000 ) ) ;
#1652 = CARTESIAN_POINT ( 'NONE',  ( -14.94466851414152053, -1.486227562788466017, -2.250000000000000888 ) ) ;
#1653 = ORIENTED_EDGE ( 'NONE', *, *, #745, .F. ) ;
#1654 = CARTESIAN_POINT ( 'NONE',  ( -1.731222852866221018, 5.404645192418830568, 3.636666666666666714 ) ) ;
#1655 = DIRECTION ( 'NONE',  ( 0.000000000000000000, 0.000000000000000000, -1.000000000000000000 ) ) ;
#1656 = AXIS2_PLACEMENT_3D ( 'NONE', #1615, #1595, #3049 ) ;
#1657 = DIRECTION ( 'NONE',  ( 0.4699767530242060509, 0.000000000000000000, 0.8826787930027686357 ) ) ;
#1658 = ORIENTED_EDGE ( 'NONE', *, *, #4323, .F. ) ;
#1659 = EDGE_CURVE ( 'NONE', #3604, #2651, #1589, .T. ) ;
#1660 = VECTOR ( 'NONE', #3584, 1000.000000000000114 ) ;
#1661 = CARTESIAN_POINT ( 'NONE',  ( 19.82585497908340244, -0.2443264612894923971, 2.500000000000362377 ) ) ;
#1662 = CARTESIAN_POINT ( 'NONE',  ( 13.88253273981766611, -2.074605310825333504, 1.751219825105331029 ) ) ;
#1663 = CARTESIAN_POINT ( 'NONE',  ( 24.75000000000000000, 1.530808498934191571E-16, 1.250000000000000000 ) ) ;
#1664 = APPROVAL_PERSON_ORGANIZATION ( #1115, #4508, #2203 ) ;
#1665 = LINE ( 'NONE', #2387, #3119 ) ;
#1666 = CARTESIAN_POINT ( 'NONE',  ( 19.86543050901132190, -0.3181054656593428343, -2.484748997950581906 ) ) ;
#1667 = CARTESIAN_POINT ( 'NONE',  ( 15.72026304921097761, 1.526312185053917192, 2.293695861799487812 ) ) ;
#1668 = ORIENTED_EDGE ( 'NONE', *, *, #3545, .T. ) ;
#1669 = DIRECTION ( 'NONE',  ( -0.000000000000000000, -0.000000000000000000, -1.000000000000000000 ) ) ;
#1670 = CARTESIAN_POINT ( 'NONE',  ( -14.21347605840616701, 1.972776597413486988, 1.927428506607880676 ) ) ;
#1671 = ORIENTED_EDGE ( 'NONE', *, *, #4026, .T. ) ;
#1672 = ORIENTED_EDGE ( 'NONE', *, *, #4541, .T. ) ;
#1673 = CARTESIAN_POINT ( 'NONE',  ( -2.084650732833802422, 4.014086380134340715, 5.287725775868034717 ) ) ;
#1674 = CARTESIAN_POINT ( 'NONE',  ( -19.89782527458106642, -0.3625192527929470554, -2.479939928840619423 ) ) ;
#1675 = CARTESIAN_POINT ( 'NONE',  ( -17.44378967286843363, 1.044580086513164918, 2.403807454327608006 ) ) ;
#1676 = EDGE_CURVE ( 'NONE', #1531, #608, #798, .T. ) ;
#1677 = DIRECTION ( 'NONE',  ( 0.2940858488375239777, -0.9557790087219497632, 0.000000000000000000 ) ) ;
#1678 = ORIENTED_EDGE ( 'NONE', *, *, #3161, .F. ) ;
#1679 = LINE ( 'NONE', #2081, #492 ) ;
#1680 = CARTESIAN_POINT ( 'NONE',  ( -15.23895266138961091, -1.658762111603655942, 2.264485989713152403 ) ) ;
#1681 = EDGE_CURVE ( 'NONE', #2378, #1715, #1771, .T. ) ;
#1682 = CARTESIAN_POINT ( 'NONE',  ( -12.80673805472209104, -2.430190586721609591, 0.6000831836306524947 ) ) ;
#1683 = ORIENTED_EDGE ( 'NONE', *, *, #4306, .T. ) ;
#1684 = CARTESIAN_POINT ( 'NONE',  ( -17.65350046962013764, 1.313458538391825359, -2.132283457325184983 ) ) ;
#1685 = CARTESIAN_POINT ( 'NONE',  ( -16.58532082336600055, 1.061461151695705540, 2.500000000000000444 ) ) ;
#1686 = ADVANCED_FACE ( 'NONE', ( #2098 ), #3241, .T. ) ;
#1687 = CARTESIAN_POINT ( 'NONE',  ( -1.782181581644934454, 2.802407813184993657, 6.522923640974102710 ) ) ;
#1688 = CARTESIAN_POINT ( 'NONE',  ( 19.16224559184434639, -0.7093541216001970628, -2.403817586563584463 ) ) ;
#1689 = CARTESIAN_POINT ( 'NONE',  ( -8.019790094150197390, -2.942922079885914588, -2.500000000000000000 ) ) ;
#1690 = VERTEX_POINT ( 'NONE', #2797 ) ;
#1691 = CARTESIAN_POINT ( 'NONE',  ( 15.77381990457081962, 1.259746078159565297, -2.250000000000000444 ) ) ;
#1692 = CARTESIAN_POINT ( 'NONE',  ( 14.59298780803982609, -1.856003751372360844, -2.094109905508399816 ) ) ;
#1693 = ORIENTED_EDGE ( 'NONE', *, *, #550, .T. ) ;
#1694 = ORIENTED_EDGE ( 'NONE', *, *, #197, .F. ) ;
#1695 = CARTESIAN_POINT ( 'NONE',  ( -13.16523814817274918, 2.281614088821652953, 1.310772239002488515 ) ) ;
#1696 = VECTOR ( 'NONE', #3940, 1000.000000000000114 ) ;
#1697 = CARTESIAN_POINT ( 'NONE',  ( 20.62499999999998934, 5.088331883113800490E-15, -2.500000000000000444 ) ) ;
#1698 = CARTESIAN_POINT ( 'NONE',  ( -16.63610892856999968, 1.276907382568809757, 2.364945432956317983 ) ) ;
#1699 = VECTOR ( 'NONE', #4446, 1000.000000000000000 ) ;
#1700 = DIRECTION ( 'NONE',  ( 0.9184126158110060834, 0.2825884971726172479, -0.2768790501011355598 ) ) ;
#1701 = VERTEX_POINT ( 'NONE', #3218 ) ;
#1702 = CARTESIAN_POINT ( 'NONE',  ( -15.17718499613229888, 1.676250770420831815, 2.260615553530103128 ) ) ;
#1703 = EDGE_CURVE ( 'NONE', #2371, #479, #4632, .T. ) ;
#1704 = EDGE_CURVE ( 'NONE', #631, #4122, #3531, .T. ) ;
#1705 = DIRECTION ( 'NONE',  ( 0.2940858488375206470, 0.9557790087219508735, 0.000000000000000000 ) ) ;
#1706 = CARTESIAN_POINT ( 'NONE',  ( -8.825619661674457106, 8.130709537762699668, 2.250000000000000444 ) ) ;
#1707 = VERTEX_POINT ( 'NONE', #3149 ) ;
#1708 = FACE_OUTER_BOUND ( 'NONE', #2939, .T. ) ;
#1709 = EDGE_CURVE ( 'NONE', #377, #1482, #4231, .T. ) ;
#1710 = CARTESIAN_POINT ( 'NONE',  ( -12.53297636181345709, 2.438903101217915648, -0.7798346417535106934 ) ) ;
#1711 = DIRECTION ( 'NONE',  ( 0.000000000000000000, 0.000000000000000000, -1.000000000000000000 ) ) ;
#1712 = CARTESIAN_POINT ( 'NONE',  ( -13.17073545383451183, -2.280126861473298128, 1.314503760664025522 ) ) ;
#1713 = CARTESIAN_POINT ( 'NONE',  ( 20.62499999999999289, -1.914284349463474816E-15, -2.500000000000000000 ) ) ;
#1714 = CARTESIAN_POINT ( 'NONE',  ( -16.56504834046688046, 1.237007823724324718, -2.500000000000670575 ) ) ;
#1715 = VERTEX_POINT ( 'NONE', #4652 ) ;
#1716 = DIRECTION ( 'NONE',  ( -0.9557790087219508735, 0.2940858488375203694, 2.550788129655068322E-16 ) ) ;
#1717 = CARTESIAN_POINT ( 'NONE',  ( -15.01818997635090014, -1.725172314968953291, -2.249999999999999112 ) ) ;
#1718 = ORIENTED_EDGE ( 'NONE', *, *, #1474, .F. ) ;
#1719 = FACE_OUTER_BOUND ( 'NONE', #2674, .T. ) ;
#1720 = DIRECTION ( 'NONE',  ( -0.000000000000000000, 0.000000000000000000, 1.000000000000000000 ) ) ;
#1721 = ADVANCED_FACE ( 'NONE', ( #1410 ), #1023, .T. ) ;
#1722 = DIRECTION ( 'NONE',  ( 0.9557790087219500963, 0.2940858488375230895, 0.000000000000000000 ) ) ;
#1723 = CARTESIAN_POINT ( 'NONE',  ( 13.80901127760828651, 1.835660558644846230, 2.500000000000000000 ) ) ;
#1724 = FACE_BOUND ( 'NONE', #4639, .T. ) ;
#1725 = ORIENTED_EDGE ( 'NONE', *, *, #637, .T. ) ;
#1726 = DIRECTION ( 'NONE',  ( 0.000000000000000000, 0.000000000000000000, 1.000000000000000000 ) ) ;
#1727 = CARTESIAN_POINT ( 'NONE',  ( 13.83364621736281030, -2.091016879236915038, -1.395461691487957623 ) ) ;
#1728 = CARTESIAN_POINT ( 'NONE',  ( 1.077596456149352289, 2.587734911011201344, 6.729254245657720013 ) ) ;
#1729 = ORIENTED_EDGE ( 'NONE', *, *, #2654, .F. ) ;
#1730 = DIRECTION ( 'NONE',  ( 0.2940858488375206470, 0.9557790087219508735, 0.000000000000000000 ) ) ;
#1731 = AXIS2_PLACEMENT_3D ( 'NONE', #1229, #193, #3773 ) ;
#1732 = CARTESIAN_POINT ( 'NONE',  ( -12.43090729223485624, 2.462633092805424972, 0.4431986352182993860 ) ) ;
#1733 = CARTESIAN_POINT ( 'NONE',  ( -20.62499999999999645, 6.289817210831196335E-16, -2.500000000000000444 ) ) ;
#1734 = EDGE_CURVE ( 'NONE', #399, #1379, #470, .T. ) ;
#1735 = ADVANCED_FACE ( 'NONE', ( #2138 ), #41, .T. ) ;
#1736 = VECTOR ( 'NONE', #2001, 1000.000000000000000 ) ;
#1737 = CARTESIAN_POINT ( 'NONE',  ( -12.99963962741987267, -2.324972455801468829, 1.193394268085385734 ) ) ;
#1738 = CARTESIAN_POINT ( 'NONE',  ( -12.91253506269390527, -2.411932668521868273, -0.6600324738123822810 ) ) ;
#1739 = VECTOR ( 'NONE', #1916, 1000.000000000000114 ) ;
#1740 = FACE_OUTER_BOUND ( 'NONE', #2218, .T. ) ;
#1741 =( BOUNDED_SURFACE ( )  B_SPLINE_SURFACE ( 3, 2, ( 
 ( #3586, #2108, #1758 ),
 ( #688, #290, #3162 ),
 ( #3184, #3544, #1399 ),
 ( #2130, #4640, #334 ) ),
 .UNSPECIFIED., .F., .F., .F. ) 
 B_SPLINE_SURFACE_WITH_KNOTS ( ( 4, 4 ),
 ( 3, 3 ),
 ( 0.000000000000000000, 0.0008595265505674832022 ),
 ( 0.000000000000000000, 1.000000000000000000 ),
 .UNSPECIFIED. ) 
 GEOMETRIC_REPRESENTATION_ITEM ( )  RATIONAL_B_SPLINE_SURFACE ( (
 ( 1.000000000000000000, 0.7745966692414829602, 1.000000000000000000),
 ( 1.000000000000000000, 0.7546230641985379739, 1.000000000000000000),
 ( 1.000000000000000000, 0.7324038254739605458, 1.000000000000000000),
 ( 1.000000000000000000, 0.7071067811865462405, 1.000000000000000000) ) ) 
 REPRESENTATION_ITEM ( '' )  SURFACE ( )  );
#1742 = VERTEX_POINT ( 'NONE', #4608 ) ;
#1743 = CARTESIAN_POINT ( 'NONE',  ( -14.17661858865518454, -2.164560228248060714, 1.250871303646663879 ) ) ;
#1744 = EDGE_CURVE ( 'NONE', #18, #3991, #1620, .T. ) ;
#1745 = CARTESIAN_POINT ( 'NONE',  ( 14.01569931280399750, -2.033630980675693145, 1.477436771399726734 ) ) ;
#1746 = CARTESIAN_POINT ( 'NONE',  ( 1.497309177301432204, 4.927242436640901779, 4.685630670922173557 ) ) ;
#1747 = CARTESIAN_POINT ( 'NONE',  ( 15.77381990457081962, 1.259746078159565297, -2.500000000000000000 ) ) ;
#1748 = CARTESIAN_POINT ( 'NONE',  ( -8.825619661674457106, -8.130709537762699668, -2.250000000000000888 ) ) ;
#1749 = CARTESIAN_POINT ( 'NONE',  ( -15.21864135425538578, -1.401928232901013871, -2.500000000000000444 ) ) ;
#1750 = EDGE_CURVE ( 'NONE', #3728, #4562, #2602, .T. ) ;
#1751 = EDGE_LOOP ( 'NONE', ( #3355, #2488, #4004, #2323 ) ) ;
#1752 = ORIENTED_EDGE ( 'NONE', *, *, #3062, .T. ) ;
#1753 = DIRECTION ( 'NONE',  ( 1.000000000000000000, -0.000000000000000000, -0.000000000000000000 ) ) ;
#1754 = FACE_OUTER_BOUND ( 'NONE', #3091, .T. ) ;
#1755 = CARTESIAN_POINT ( 'NONE',  ( -11.03226985042037178, 2.474987477922805823, -2.500000000000000000 ) ) ;
#1756 = ORIENTED_EDGE ( 'NONE', *, *, #1830, .T. ) ;
#1757 = CARTESIAN_POINT ( 'NONE',  ( 14.69347916059988712, -2.050964498150324111, 1.447442124922628359 ) ) ;
#1758 = CARTESIAN_POINT ( 'NONE',  ( -15.83196111628430636, 1.497694811084300692, 2.299999999999999822 ) ) ;
#1759 = CARTESIAN_POINT ( 'NONE',  ( -12.66952785658205194, -2.406624598092077072, -0.9156318624681325513 ) ) ;
#1760 = CARTESIAN_POINT ( 'NONE',  ( -12.26732101922436691, -2.498697026394593568, -0.4247361871240927234 ) ) ;
#1761 = EDGE_CURVE ( 'NONE', #4471, #2003, #2232, .T. ) ;
#1762 = ADVANCED_FACE ( 'NONE', ( #3987 ), #2042, .T. ) ;
#1763 = FACE_OUTER_BOUND ( 'NONE', #3343, .T. ) ;
#1764 = ORIENTED_EDGE ( 'NONE', *, *, #867, .F. ) ;
#1765 = CARTESIAN_POINT ( 'NONE',  ( 15.83196111628430636, -1.497694811084300470, -2.299999999999999822 ) ) ;
#1766 = DIRECTION ( 'NONE',  ( -0.9557790087219500963, -0.2940858488375230895, 0.000000000000000000 ) ) ;
#1767 = DIRECTION ( 'NONE',  ( 1.000000000000000000, 0.000000000000000000, 0.000000000000000000 ) ) ;
#1768 = CARTESIAN_POINT ( 'NONE',  ( -2.122946085298279773, 4.726573373087695096, 4.628933597647390208 ) ) ;
#1769 =( BOUNDED_SURFACE ( )  B_SPLINE_SURFACE ( 3, 2, ( 
 ( #1337, #937, #3147 ),
 ( #2027, #1361, #2771 ),
 ( #985, #2418, #3853 ),
 ( #3170, #2910, #366 ),
 ( #1810, #1382, #1428 ),
 ( #1071, #1834, #320 ) ),
 .UNSPECIFIED., .F., .F., .F. ) 
 B_SPLINE_SURFACE_WITH_KNOTS ( ( 4, 2, 4 ),
 ( 3, 3 ),
 ( -1.942333608765485489E-05, 0.002486667748426552201, 0.004992758832940759686 ),
 ( 0.000000000000000000, 1.000000000000000000 ),
 .UNSPECIFIED. ) 
 GEOMETRIC_REPRESENTATION_ITEM ( )  RATIONAL_B_SPLINE_SURFACE ( (
 ( 1.000000000000000000, 1.000000000000000000, 1.000000000000000000),
 ( 1.000000000000000000, 1.000316924560128884, 1.000000000000000000),
 ( 1.000000000000000000, 0.9769271368656980981, 1.000000000000000000),
 ( 1.000000000000000000, 0.8954940635353813017, 1.000000000000000000),
 ( 1.000000000000000000, 0.8377277026720376663, 1.000000000000000000),
 ( 1.000000000000000000, 0.7745966692414834043, 1.000000000000000000) ) ) 
 REPRESENTATION_ITEM ( '' )  SURFACE ( )  );
#1770 = EDGE_CURVE ( 'NONE', #2210, #3943, #4244, .T. ) ;
#1771 = LINE ( 'NONE', #722, #3498 ) ;
#1772 = DIRECTION ( 'NONE',  ( -0.9557790087219500963, -0.2940858488375230895, 0.000000000000000000 ) ) ;
#1773 = VERTEX_POINT ( 'NONE', #4419 ) ;
#1774 = VERTEX_POINT ( 'NONE', #4369 ) ;
#1775 = CIRCLE ( 'NONE', #333, 2.500000000000000000 ) ;
#1776 = CARTESIAN_POINT ( 'NONE',  ( 13.12812524830483341, 2.291775676477229684, -1.020789071298774164 ) ) ;
#1777 = EDGE_CURVE ( 'NONE', #843, #1379, #2508, .T. ) ;
#1778 = CARTESIAN_POINT ( 'NONE',  ( 1.654985883996240359, 4.552581442137951129, 4.880960783017111559 ) ) ;
#1779 = CIRCLE ( 'NONE', #3046, 0.2499999999999998335 ) ;
#1780 = AXIS2_PLACEMENT_3D ( 'NONE', #3612, #1902, #2200 ) ;
#1781 = DIRECTION ( 'NONE',  ( 0.000000000000000000, 0.000000000000000000, -1.000000000000000000 ) ) ;
#1782 = ORIENTED_EDGE ( 'NONE', *, *, #4217, .F. ) ;
#1783 = CLOSED_SHELL ( 'NONE', ( #588, #2981, #2201, #3627, #3324, #1438, #313, #4372, #1571, #1207, #1819, #1442, #4316, #1536, #2186, #4296, #3135, #1891, #4061, #1412, #3867, #63, #3054, #2049, #4444, #922, #4355, #3650, #4557, #4543, #3487, #529, #3684, #1350, #1336, #578, #1036, #2905, #395, #2768, #1686, #4613, #927, #873, #142, #4111, #1971, #1370, #1762, #51, #1540, #2172, #1495, #4378, #1825, #3750, #3885, #1453, #80, #3962, #345, #2566, #82, #3009, #4197, #2825, #2739, #2918, #3598, #3194, #352, #1325, #2536, #721, #958, #1509, #3196, #2009, #933, #2586, #3, #2494, #978, #1118, #2641, #4209, #847, #712, #803, #1989, #664, #2083, #1721, #3319, #1735, #4551, #2695, #3656, #2167, #2455, #679, #3914, #2874, #1907, #2118, #1801, #3279, #3146, #3670, #2413, #2443, #1151, #475, #3342, #93, #1875, #291, #4117, #2835 ) ) ;
#1784 = AXIS2_PLACEMENT_3D ( 'NONE', #1652, #918, #2331 ) ;
#1785 = FACE_OUTER_BOUND ( 'NONE', #3817, .T. ) ;
#1786 = DIRECTION ( 'NONE',  ( 0.000000000000000000, -0.000000000000000000, -1.000000000000000000 ) ) ;
#1787 = CARTESIAN_POINT ( 'NONE',  ( -13.00165074471150284, -2.324451193982675967, -1.194859289395840518 ) ) ;
#1788 = CARTESIAN_POINT ( 'NONE',  ( -20.62499999999998934, 5.653206429342675403E-15, -2.500000000000000444 ) ) ;
#1789 = CARTESIAN_POINT ( 'NONE',  ( -15.77381990457081251, -1.259746078159566407, 2.250000000000000000 ) ) ;
#1790 = DIRECTION ( 'NONE',  ( -0.9881499919765299733, -0.1534913461950988545, -0.000000000000000000 ) ) ;
#1791 = CARTESIAN_POINT ( 'NONE',  ( 0.000000000000000000, 0.000000000000000000, 1.399999999999998579 ) ) ;
#1792 = CARTESIAN_POINT ( 'NONE',  ( 1.825043353502423749, 4.419075883601391475, 5.196691959456961385 ) ) ;
#1793 = DIRECTION ( 'NONE',  ( 0.000000000000000000, 1.000000000000000000, 0.000000000000000000 ) ) ;
#1794 = DIRECTION ( 'NONE',  ( -1.000000000000000000, 0.000000000000000000, 0.000000000000000000 ) ) ;
#1795 = VERTEX_POINT ( 'NONE', #390 ) ;
#1796 = ORIENTED_EDGE ( 'NONE', *, *, #745, .T. ) ;
#1797 = CARTESIAN_POINT ( 'NONE',  ( 12.67864366756350769, 2.404435234148915690, 0.9240454640143641596 ) ) ;
#1798 = CARTESIAN_POINT ( 'NONE',  ( 19.83474253267733545, 0.2730311772332932319, -2.494368296714247979 ) ) ;
#1799 = CARTESIAN_POINT ( 'NONE',  ( 1.572314572496951834, 3.282233357227306136, 6.167550102538018386 ) ) ;
#1800 = ORIENTED_EDGE ( 'NONE', *, *, #3034, .F. ) ;
#1801 = ADVANCED_FACE ( 'NONE', ( #463 ), #4012, .T. ) ;
#1802 = ORIENTED_EDGE ( 'NONE', *, *, #3824, .F. ) ;
#1803 = CARTESIAN_POINT ( 'NONE',  ( 12.99302610662997104, -2.326679248964574676, -1.188512048868078930 ) ) ;
#1804 = CARTESIAN_POINT ( 'NONE',  ( -13.79950936685076712, -2.245332822277894103, -1.102930052910681358 ) ) ;
#1805 = DIRECTION ( 'NONE',  ( 1.000000000000000000, 0.000000000000000000, 0.000000000000000000 ) ) ;
#1806 = ORIENTED_EDGE ( 'NONE', *, *, #2627, .T. ) ;
#1807 = CARTESIAN_POINT ( 'NONE',  ( -15.32877851923514356, -1.911338265483615073, 1.627278609483560068 ) ) ;
#1808 = DIRECTION ( 'NONE',  ( 1.000000000000000000, 0.000000000000000000, 0.000000000000000000 ) ) ;
#1809 = DIRECTION ( 'NONE',  ( 0.000000000000000000, 0.000000000000000000, 1.000000000000000000 ) ) ;
#1810 = CARTESIAN_POINT ( 'NONE',  ( 16.64317409284717186, -1.289217479049748816, -2.348840231720442873 ) ) ;
#1811 = CARTESIAN_POINT ( 'NONE',  ( 0.8569218742803795807, 2.332514703551986202, 6.972357116422574386 ) ) ;
#1812 = AXIS2_PLACEMENT_3D ( 'NONE', #2682, #898, #548 ) ;
#1813 = DIRECTION ( 'NONE',  ( -0.000000000000000000, -0.000000000000000000, 1.000000000000000000 ) ) ;
#1814 = DIRECTION ( 'NONE',  ( 0.000000000000000000, 0.000000000000000000, 1.000000000000000000 ) ) ;
#1815 = AXIS2_PLACEMENT_3D ( 'NONE', #1855, #4060, #1808 ) ;
#1816 = VERTEX_POINT ( 'NONE', #4344 ) ;
#1817 = VERTEX_POINT ( 'NONE', #2208 ) ;
#1818 = CARTESIAN_POINT ( 'NONE',  ( 13.25169249365245605, 2.351944638101318485, 0.8534709203257976329 ) ) ;
#1819 = ADVANCED_FACE ( 'NONE', ( #3714 ), #2256, .F. ) ;
#1820 = CARTESIAN_POINT ( 'NONE',  ( 13.80901127760828473, 1.835660558644842455, 2.250000000000000444 ) ) ;
#1821 = EDGE_CURVE ( 'NONE', #3323, #4042, #2087, .T. ) ;
#1822 = CARTESIAN_POINT ( 'NONE',  ( -13.00276482072950657, 2.396296160261109254, -0.7143211682517550676 ) ) ;
#1823 = CARTESIAN_POINT ( 'NONE',  ( -1.503509246616429706, 5.420387002213965744, 3.774883277118735503 ) ) ;
#1824 = EDGE_LOOP ( 'NONE', ( #2045, #1346, #2445 ) ) ;
#1825 = ADVANCED_FACE ( 'NONE', ( #83 ), #3339, .T. ) ;
#1826 = CARTESIAN_POINT ( 'NONE',  ( -19.13886132976260157, 0.7200443538324881043, -2.400803242296805529 ) ) ;
#1827 = ORIENTED_EDGE ( 'NONE', *, *, #4663, .F. ) ;
#1828 = CARTESIAN_POINT ( 'NONE',  ( -24.75000000000000000, 0.000000000000000000, 0.000000000000000000 ) ) ;
#1829 = CARTESIAN_POINT ( 'NONE',  ( -13.25169249365245783, -2.351944638101350904, -0.8534709203256970467 ) ) ;
#1830 = EDGE_CURVE ( 'NONE', #2697, #631, #3421, .T. ) ;
#1831 = CARTESIAN_POINT ( 'NONE',  ( 20.62500000000000000, 0.000000000000000000, 2.500000000000000000 ) ) ;
#1832 = CARTESIAN_POINT ( 'NONE',  ( 19.04086555967100480, -0.5472060642728322488, -2.476336563498846566 ) ) ;
#1833 = CARTESIAN_POINT ( 'NONE',  ( -24.75000000000000000, 0.000000000000000000, 2.500000000000000000 ) ) ;
#1834 = CARTESIAN_POINT ( 'NONE',  ( 15.82227091433204791, -1.458036688930180791, -2.500000000000000444 ) ) ;
#1835 = CARTESIAN_POINT ( 'NONE',  ( -2.006892825588740603, 3.149535463796633294, 6.229772642541707484 ) ) ;
#1836 = CARTESIAN_POINT ( 'NONE',  ( -14.94466851414152053, 1.486227562788466017, 2.250000000000000444 ) ) ;
#1837 = DIRECTION ( 'NONE',  ( 1.000000000000000000, 0.000000000000000000, 0.000000000000000000 ) ) ;
#1838 = ORIENTED_EDGE ( 'NONE', *, *, #2469, .T. ) ;
#1839 = ORIENTED_EDGE ( 'NONE', *, *, #2702, .T. ) ;
#1840 = CARTESIAN_POINT ( 'NONE',  ( 12.54560396319208593, 2.472471519983356014, -0.3753115022598843553 ) ) ;
#1841 = CARTESIAN_POINT ( 'NONE',  ( 19.10037600435033411, 0.6215655282532771553, -2.428052223468348370 ) ) ;
#1842 = CARTESIAN_POINT ( 'NONE',  ( -12.64348997591884860, 2.413196442523913632, -0.6656949861711939365 ) ) ;
#1843 = CARTESIAN_POINT ( 'NONE',  ( -15.32666803614527318, 1.911802107920568927, 1.626824138566923761 ) ) ;
#1844 = ORIENTED_EDGE ( 'NONE', *, *, #3564, .T. ) ;
#1845 = EDGE_CURVE ( 'NONE', #2427, #2962, #3654, .T. ) ;
#1846 = VECTOR ( 'NONE', #863, 1000.000000000000000 ) ;
#1847 = CARTESIAN_POINT ( 'NONE',  ( 8.825619661674457106, 8.130709537762699668, -2.250000000000000888 ) ) ;
#1848 = AXIS2_PLACEMENT_3D ( 'NONE', #1640, #4555, #2064 ) ;
#1849 = EDGE_LOOP ( 'NONE', ( #4331, #452, #1318, #362 ) ) ;
#1850 = CARTESIAN_POINT ( 'NONE',  ( 15.21860572818765256, -1.401939189235810845, -2.500000000000000000 ) ) ;
#1851 = DIRECTION ( 'NONE',  ( 0.9881499919765300843, -0.1534913461950988822, 2.662650416039215983E-16 ) ) ;
#1852 = CIRCLE ( 'NONE', #4405, 5.250000000000000000 ) ;
#1853 = CARTESIAN_POINT ( 'NONE',  ( -13.88253273981766611, 2.074605310825333504, -1.751219825105336136 ) ) ;
#1854 = DIRECTION ( 'NONE',  ( 1.000000000000000000, 7.112366251504909087E-15, 0.000000000000000000 ) ) ;
#1855 = CARTESIAN_POINT ( 'NONE',  ( 0.000000000000000000, 0.000000000000000000, 0.000000000000000000 ) ) ;
#1856 = CARTESIAN_POINT ( 'NONE',  ( 19.86543090925130883, -0.3181060143948921115, 2.484748938533390739 ) ) ;
#1857 = CARTESIAN_POINT ( 'NONE',  ( 1.791821525372676804, 3.606868023168797954, 5.983211770637728577 ) ) ;
#1858 = CIRCLE ( 'NONE', #4478, 0.2500000000000001110 ) ;
#1859 = CARTESIAN_POINT ( 'NONE',  ( 12.80673805472209104, -2.430190586721609591, 0.6000831836306524947 ) ) ;
#1860 = CARTESIAN_POINT ( 'NONE',  ( 15.28617966661404459, -1.642713948734140006, -2.267892754745889583 ) ) ;
#1861 = DIRECTION ( 'NONE',  ( -0.9557790087219500963, -0.2940858488375230895, 0.000000000000000000 ) ) ;
#1862 = ORIENTED_EDGE ( 'NONE', *, *, #2884, .F. ) ;
#1863 = ORIENTED_EDGE ( 'NONE', *, *, #2310, .T. ) ;
#1864 = CARTESIAN_POINT ( 'NONE',  ( 12.43090729223485624, 2.462633092805424972, 0.4431986352182993860 ) ) ;
#1865 = CARTESIAN_POINT ( 'NONE',  ( -20.62500000000000000, 0.000000000000000000, -2.500000000000000000 ) ) ;
#1866 = CARTESIAN_POINT ( 'NONE',  ( -13.52338110009260141, 2.182302104248110108, 1.544102074574660310 ) ) ;
#1867 = CARTESIAN_POINT ( 'NONE',  ( 20.25528969799813694, 0.1843535236284793433, 2.499999999999999556 ) ) ;
#1868 = ORIENTED_EDGE ( 'NONE', *, *, #2357, .F. ) ;
#1869 = CARTESIAN_POINT ( 'NONE',  ( 12.68529209422986170, -2.402836663973614062, 0.9301608303361260655 ) ) ;
#1870 = CARTESIAN_POINT ( 'NONE',  ( 12.80673805472211413, 2.430190586721601154, -0.6000831836306815825 ) ) ;
#1871 = ORIENTED_EDGE ( 'NONE', *, *, #4203, .F. ) ;
#1872 = CARTESIAN_POINT ( 'NONE',  ( 14.94466851414152053, -1.486227562788466239, -2.500000000000000000 ) ) ;
#1873 = CARTESIAN_POINT ( 'NONE',  ( -14.39773847516732275, 1.916080469179285650, -2.025537867590180063 ) ) ;
#1874 = CARTESIAN_POINT ( 'NONE',  ( -14.21347605840617057, 1.972776597413485655, -1.927428506607881786 ) ) ;
#1875 = ADVANCED_FACE ( 'NONE', ( #1503 ), #1246, .T. ) ;
#1876 = VERTEX_POINT ( 'NONE', #1236 ) ;
#1877 = CARTESIAN_POINT ( 'NONE',  ( -24.75000000000000000, 1.530808498934191571E-16, 1.250000000000000000 ) ) ;
#1878 = APPROVAL_DATE_TIME ( #3258, #1641 ) ;
#1879 = DIRECTION ( 'NONE',  ( -0.2940858488375206470, 0.9557790087219508735, 0.000000000000000000 ) ) ;
#1880 = CARTESIAN_POINT ( 'NONE',  ( 0.9772837397537413873, 2.506722428647891299, 6.789344902904815626 ) ) ;
#1881 = CARTESIAN_POINT ( 'NONE',  ( 15.77381990457075389, 1.259746078159581062, 2.500000000000000000 ) ) ;
#1882 = AXIS2_PLACEMENT_3D ( 'NONE', #3072, #1328, #4502 ) ;
#1883 = CARTESIAN_POINT ( 'NONE',  ( 14.59298780803982964, 1.856003751372360178, -2.094109905508400260 ) ) ;
#1884 = EDGE_CURVE ( 'NONE', #2286, #3728, #1309, .T. ) ;
#1885 = FACE_OUTER_BOUND ( 'NONE', #2517, .T. ) ;
#1886 = ORIENTED_EDGE ( 'NONE', *, *, #727, .F. ) ;
#1887 = ORIENTED_EDGE ( 'NONE', *, *, #3765, .T. ) ;
#1888 = VECTOR ( 'NONE', #2637, 1000.000000000000114 ) ;
#1889 = CARTESIAN_POINT ( 'NONE',  ( 13.29574036034547468, 2.246684444989656804, 1.118144448301844562 ) ) ;
#1890 = FACE_OUTER_BOUND ( 'NONE', #1157, .T. ) ;
#1891 = ADVANCED_FACE ( 'NONE', ( #604 ), #4108, .F. ) ;
#1892 = DIRECTION ( 'NONE',  ( -0.2940858488375230895, -0.9557790087219502073, 0.000000000000000000 ) ) ;
#1893 = APPROVAL_PERSON_ORGANIZATION ( #458, #1641, #836 ) ;
#1894 =( BOUNDED_SURFACE ( )  B_SPLINE_SURFACE ( 3, 2, ( 
 ( #2706, #1185, #2248 ),
 ( #4054, #1900, #831 ),
 ( #3358, #4410, #4000 ),
 ( #4031, #1158, #2616 ),
 ( #3978, #48, #2902 ),
 ( #2272, #1109, #4383 ),
 ( #2925, #98, #807 ),
 ( #4360, #780, #1542 ),
 ( #2597, #2354, #3706 ),
 ( #4141, #480, #3330 ) ),
 .UNSPECIFIED., .F., .F., .F. ) 
 B_SPLINE_SURFACE_WITH_KNOTS ( ( 4, 2, 2, 2, 4 ),
 ( 3, 3 ),
 ( 0.0004038218008515969608, 0.0007349824487174496084, 0.0009005627726503759051, 0.0009833529346168390535, 0.001066143096583302202 ),
 ( 0.000000000000000000, 1.000000000000000000 ),
 .UNSPECIFIED. ) 
 GEOMETRIC_REPRESENTATION_ITEM ( )  RATIONAL_B_SPLINE_SURFACE ( (
 ( 1.000000000000000000, 0.8164965809248395656, 1.000000000000000000),
 ( 1.000000000000000000, 0.7635432034958855585, 1.000000000000000000),
 ( 1.000000000000000000, 0.7027640587741507128, 1.000000000000000000),
 ( 1.000000000000000000, 0.5848297142034205587, 1.000000000000000000),
 ( 1.000000000000000000, 0.5403729067405271813, 1.000000000000000000),
 ( 1.000000000000000000, 0.4651330297349036136, 1.000000000000000000),
 ( 1.000000000000000000, 0.4382211399043958733, 1.000000000000000000),
 ( 1.000000000000000000, 0.3813812079515885300, 1.000000000000000000),
 ( 1.000000000000000000, 0.3511599052010784261, 1.000000000000000000),
 ( 1.000000000000000000, 0.3223282928008622816, 1.000000000000000000) ) ) 
 REPRESENTATION_ITEM ( '' )  SURFACE ( )  );
#1895 = DIRECTION ( 'NONE',  ( 0.8518212536923535083, 0.2620988472899545840, 0.4535468509506641599 ) ) ;
#1896 = ORIENTED_EDGE ( 'NONE', *, *, #3210, .T. ) ;
#1897 = CARTESIAN_POINT ( 'NONE',  ( 12.48438747654363290, -2.482045534029049705, 0.3077582879194922794 ) ) ;
#1898 = DIRECTION ( 'NONE',  ( -1.000000000000000000, 0.000000000000000000, 0.000000000000000000 ) ) ;
#1899 = ORIENTED_EDGE ( 'NONE', *, *, #1676, .T. ) ;
#1900 = CARTESIAN_POINT ( 'NONE',  ( 0.7445846200245062052, 5.675252486748523673, 3.513627967627199311 ) ) ;
#1901 = CARTESIAN_POINT ( 'NONE',  ( -19.83474253268325072, -0.2730311772419658500, 2.494368296712425881 ) ) ;
#1902 = DIRECTION ( 'NONE',  ( 0.000000000000000000, 0.000000000000000000, 1.000000000000000000 ) ) ;
#1903 = CARTESIAN_POINT ( 'NONE',  ( 15.67073786004443292, -1.539000684474284952, 2.290900704773911833 ) ) ;
#1904 = CALENDAR_DATE ( 2026, 2, 9 ) ;
#1905 = CARTESIAN_POINT ( 'NONE',  ( 18.71584004921226807, -0.7654929993494805629, 2.386671735388655069 ) ) ;
#1906 = CARTESIAN_POINT ( 'NONE',  ( 1.665092496864770455, 3.571056405975751691, 5.908077151506945235 ) ) ;
#1907 = ADVANCED_FACE ( 'NONE', ( #3120 ), #407, .T. ) ;
#1908 = DIRECTION ( 'NONE',  ( -0.000000000000000000, -0.000000000000000000, -1.000000000000000000 ) ) ;
#1909 = DIRECTION ( 'NONE',  ( -0.000000000000000000, -0.000000000000000000, -1.000000000000000000 ) ) ;
#1910 = CARTESIAN_POINT ( 'NONE',  ( 19.04167709252950758, 0.5469307407452547176, 2.476364350175706441 ) ) ;
#1911 = ORIENTED_EDGE ( 'NONE', *, *, #3699, .T. ) ;
#1912 = ORIENTED_EDGE ( 'NONE', *, *, #2947, .F. ) ;
#1913 = DIRECTION ( 'NONE',  ( -1.000000000000000000, 0.000000000000000000, 0.000000000000000000 ) ) ;
#1914 = CARTESIAN_POINT ( 'NONE',  ( -16.47222280646355941, -1.660031827966056861, -1.873507625881413619 ) ) ;
#1915 = CARTESIAN_POINT ( 'NONE',  ( -13.00165074471150106, 2.324451193982679076, 1.194859289395996615 ) ) ;
#1916 = DIRECTION ( 'NONE',  ( -0.9881499919765303064, -0.1534913461950969393, -0.000000000000000000 ) ) ;
#1917 = B_SPLINE_CURVE_WITH_KNOTS ( 'NONE', 3,
 ( #3518, #2425, #2084, #3154, #1680, #968, #4237 ),
 .UNSPECIFIED., .F., .F.,
 ( 4, 3, 4 ),
 ( 5.765346360742922045E-17, 0.0005000371949411090960, 0.0008464960801013778633 ),
 .UNSPECIFIED. ) ;
#1918 = ORIENTED_EDGE ( 'NONE', *, *, #536, .F. ) ;
#1919 = EDGE_CURVE ( 'NONE', #1379, #3252, #1858, .T. ) ;
#1920 = FACE_OUTER_BOUND ( 'NONE', #2124, .T. ) ;
#1921 = CARTESIAN_POINT ( 'NONE',  ( 16.06452596313852865, -2.449489742783178325, 2.500000000000000444 ) ) ;
#1922 = VERTEX_POINT ( 'NONE', #3075 ) ;
#1923 = CARTESIAN_POINT ( 'NONE',  ( 16.64229932410990997, 1.289442290158035576, -2.348787563640236442 ) ) ;
#1924 = AXIS2_PLACEMENT_3D ( 'NONE', #2280, #58, #4066 ) ;
#1925 = CARTESIAN_POINT ( 'NONE',  ( -13.88253273981766434, 2.074605310825333948, -1.751219825105330807 ) ) ;
#1926 = FACE_OUTER_BOUND ( 'NONE', #2198, .T. ) ;
#1927 = CIRCLE ( 'NONE', #2894, 1.000000000000000000 ) ;
#1928 = DIRECTION ( 'NONE',  ( 0.000000000000000000, -0.000000000000000000, -1.000000000000000000 ) ) ;
#1929 = AXIS2_PLACEMENT_3D ( 'NONE', #2133, #1424, #2066 ) ;
#1930 = CARTESIAN_POINT ( 'NONE',  ( 20.62499999999999289, -2.311454058030740272E-15, 2.500000000000000000 ) ) ;
#1931 = CARTESIAN_POINT ( 'NONE',  ( 1.282560325426123748, 2.802686698813162902, 6.563795422345184427 ) ) ;
#1932 = CARTESIAN_POINT ( 'NONE',  ( 12.36837296760980642, -2.499874750632454123, -0.05459553665017234658 ) ) ;
#1933 = TOROIDAL_SURFACE ( 'NONE', #4553, 6.750000000000001776, 0.2500000000000000000 ) ;
#1934 = DIRECTION ( 'NONE',  ( 0.2940858488375206470, -0.9557790087219508735, 0.000000000000000000 ) ) ;
#1935 = CARTESIAN_POINT ( 'NONE',  ( -5.148278135976766201, 4.742913897028242509, 2.250000000000000444 ) ) ;
#1936 = CC_DESIGN_PERSON_AND_ORGANIZATION_ASSIGNMENT ( #364, #386, ( #546 ) ) ;
#1937 = AXIS2_PLACEMENT_3D ( 'NONE', #3106, #2752, #3129 ) ;
#1938 = VERTEX_POINT ( 'NONE', #1689 ) ;
#1939 = VERTEX_POINT ( 'NONE', #1259 ) ;
#1940 = CARTESIAN_POINT ( 'NONE',  ( 13.70202992429975453, 2.130144638676998436, 1.650306864093704418 ) ) ;
#1941 = CARTESIAN_POINT ( 'NONE',  ( 14.17661858865518809, 2.164560228248057605, -1.250871303646669430 ) ) ;
#1942 = CARTESIAN_POINT ( 'NONE',  ( -14.69347916059988712, 2.050964498150324111, -1.447442124922628359 ) ) ;
#1943 = ORIENTED_EDGE ( 'NONE', *, *, #3225, .T. ) ;
#1944 = CARTESIAN_POINT ( 'NONE',  ( 12.53297636181362940, -2.438903101217879676, 0.7798346417534273156 ) ) ;
#1945 = CARTESIAN_POINT ( 'NONE',  ( -12.43845853607196972, -2.489155308073017547, -0.2359479429224596025 ) ) ;
#1946 = VERTEX_POINT ( 'NONE', #1954 ) ;
#1947 = CARTESIAN_POINT ( 'NONE',  ( -20.26117717742576474, -0.1814194387009296916, 2.500000000000000000 ) ) ;
#1948 = CYLINDRICAL_SURFACE ( 'NONE', #1999, 1.250000000000000000 ) ;
#1949 = EDGE_CURVE ( 'NONE', #608, #3560, #1998, .T. ) ;
#1950 = CARTESIAN_POINT ( 'NONE',  ( 15.77044011430102799, 1.493710734061223011, 2.500000000000005329 ) ) ;
#1951 = CARTESIAN_POINT ( 'NONE',  ( 15.83196111628431346, -1.497694811084301580, 2.299999999999986056 ) ) ;
#1952 = CARTESIAN_POINT ( 'NONE',  ( 1.582021624538792359, 3.308802771823426081, 6.144050101795781593 ) ) ;
#1953 = LINE ( 'NONE', #153, #36 ) ;
#1954 = CARTESIAN_POINT ( 'NONE',  ( 11.03226985042036823, 2.474987477922806711, 2.500000000000000000 ) ) ;
#1955 = CARTESIAN_POINT ( 'NONE',  ( -12.50000000000000000, 2.500000000000000000, 2.500000000000000000 ) ) ;
#1956 = ORIENTED_EDGE ( 'NONE', *, *, #3929, .F. ) ;
#1957 = VERTEX_POINT ( 'NONE', #3476 ) ;
#1958 = CARTESIAN_POINT ( 'NONE',  ( 13.00165074471150106, 2.324451193982679076, 1.194859289395996615 ) ) ;
#1959 = DIRECTION ( 'NONE',  ( -1.000000000000000000, 0.000000000000000000, 0.000000000000000000 ) ) ;
#1960 = CARTESIAN_POINT ( 'NONE',  ( 13.88253273981766611, -2.074605310825333504, -1.751219825105330807 ) ) ;
#1961 = AXIS2_PLACEMENT_3D ( 'NONE', #2228, #4435, #1472 ) ;
#1962 = VERTEX_POINT ( 'NONE', #4529 ) ;
#1963 = EDGE_CURVE ( 'NONE', #2964, #1939, #2649, .T. ) ;
#1964 = CIRCLE ( 'NONE', #751, 19.75000000000000000 ) ;
#1965 = CARTESIAN_POINT ( 'NONE',  ( 20.62499999999999289, 2.168404344971009262E-15, 2.500000000000000000 ) ) ;
#1966 = CARTESIAN_POINT ( 'NONE',  ( -12.97616216488085428, -2.401322173914071101, -0.7018631120027409853 ) ) ;
#1967 = B_SPLINE_CURVE_WITH_KNOTS ( 'NONE', 3,
 ( #3596, #2532, #4322, #4345 ),
 .UNSPECIFIED., .F., .F.,
 ( 4, 4 ),
 ( 0.000000000000000000, 0.0008595308109149241366 ),
 .UNSPECIFIED. ) ;
#1968 = ORIENTED_EDGE ( 'NONE', *, *, #3797, .T. ) ;
#1969 = CIRCLE ( 'NONE', #1053, 6.750000000000001776 ) ;
#1970 = CARTESIAN_POINT ( 'NONE',  ( -19.83474253267733900, 0.2730311772331860398, -2.494368296714294608 ) ) ;
#1971 = ADVANCED_FACE ( 'NONE', ( #2321 ), #4621, .T. ) ;
#1972 = DIRECTION ( 'NONE',  ( 1.000000000000000000, 0.000000000000000000, 0.000000000000000000 ) ) ;
#1973 = CARTESIAN_POINT ( 'NONE',  ( 14.69179196195420367, 2.051335311039135245, 1.446800454729299634 ) ) ;
#1974 = LINE ( 'NONE', #1639, #3163 ) ;
#1975 = LINE ( 'NONE', #3798, #3201 ) ;
#1976 = CARTESIAN_POINT ( 'NONE',  ( 16.06452596313852865, -1.749635530559412233, -1.785714285714286254 ) ) ;
#1977 = DIRECTION ( 'NONE',  ( -0.2940858488375204804, -0.9557790087219509845, 0.000000000000000000 ) ) ;
#1978 = DIRECTION ( 'NONE',  ( -0.000000000000000000, -0.000000000000000000, -1.000000000000000000 ) ) ;
#1979 = EDGE_LOOP ( 'NONE', ( #2452, #877, #3401, #757, #3744, #4422, #4610, #3175 ) ) ;
#1980 = EDGE_LOOP ( 'NONE', ( #2314, #3599, #4308, #1764 ) ) ;
#1981 = FACE_OUTER_BOUND ( 'NONE', #4665, .T. ) ;
#1982 = CARTESIAN_POINT ( 'NONE',  ( 19.04167773737082570, 0.5469305715698553616, -2.476364405073842256 ) ) ;
#1983 = CARTESIAN_POINT ( 'NONE',  ( 16.06452596313852865, -2.449489742783178325, -2.500000000000000444 ) ) ;
#1984 = CARTESIAN_POINT ( 'NONE',  ( 16.06452596313852865, 1.749635530559412677, -1.785714285714285809 ) ) ;
#1985 = ORIENTED_EDGE ( 'NONE', *, *, #1083, .T. ) ;
#1986 = CARTESIAN_POINT ( 'NONE',  ( 12.54078786519598232, -2.473232492241658420, -0.3702967483103763446 ) ) ;
#1987 = TOROIDAL_SURFACE ( 'NONE', #1609, 19.75000000000000000, 0.2500000000000000000 ) ;
#1988 = CARTESIAN_POINT ( 'NONE',  ( -2.084650732833802422, 4.014086380134340715, 5.287725775868034717 ) ) ;
#1989 = ADVANCED_FACE ( 'NONE', ( #3390 ), #1987, .T. ) ;
#1990 = ORIENTED_EDGE ( 'NONE', *, *, #249, .T. ) ;
#1991 = CARTESIAN_POINT ( 'NONE',  ( -20.24551319808687921, 0.1589816114952366521, -2.499999999998263167 ) ) ;
#1992 = DIRECTION ( 'NONE',  ( -0.000000000000000000, -0.000000000000000000, -1.000000000000000000 ) ) ;
#1993 = CARTESIAN_POINT ( 'NONE',  ( -15.83196111628430636, -1.497694811084300470, -2.299999999999999822 ) ) ;
#1994 = CARTESIAN_POINT ( 'NONE',  ( 16.74166385171237437, 1.358339540086484609, 2.116999314844994373 ) ) ;
#1995 = AXIS2_PLACEMENT_3D ( 'NONE', #2235, #3668, #3340 ) ;
#1996 = LINE ( 'NONE', #625, #3351 ) ;
#1997 = CARTESIAN_POINT ( 'NONE',  ( -14.17661858865518631, -2.164560228248058049, 1.250871303646668542 ) ) ;
#1998 = CIRCLE ( 'NONE', #3197, 1.899999999999999689 ) ;
#1999 = AXIS2_PLACEMENT_3D ( 'NONE', #3383, #3025, #4455 ) ;
#2000 = CARTESIAN_POINT ( 'NONE',  ( 15.60878442930992449, 1.555761092040773175, 2.287187816283798636 ) ) ;
#2001 = DIRECTION ( 'NONE',  ( -0.000000000000000000, -0.000000000000000000, 1.000000000000000000 ) ) ;
#2002 = EDGE_CURVE ( 'NONE', #4471, #18, #1622, .T. ) ;
#2003 = VERTEX_POINT ( 'NONE', #2741 ) ;
#2004 = FACE_OUTER_BOUND ( 'NONE', #403, .T. ) ;
#2005 = DIRECTION ( 'NONE',  ( 1.000000000000000000, 0.000000000000000000, 0.000000000000000000 ) ) ;
#2006 = CARTESIAN_POINT ( 'NONE',  ( 18.99290927476111435, 0.4990040809980516023, -2.500000000000000444 ) ) ;
#2007 = AXIS2_PLACEMENT_3D ( 'NONE', #902, #3748, #4146 ) ;
#2008 = CARTESIAN_POINT ( 'NONE',  ( -16.87074907635977539, 1.555346748633307685, 1.962830243799197349 ) ) ;
#2009 = ADVANCED_FACE ( 'NONE', ( #3032 ), #3056, .F. ) ;
#2010 = CARTESIAN_POINT ( 'NONE',  ( -24.75000000000000000, 0.000000000000000000, 2.500000000000000000 ) ) ;
#2011 = EDGE_LOOP ( 'NONE', ( #1868, #3392, #45, #3520 ) ) ;
#2012 = CARTESIAN_POINT ( 'NONE',  ( -15.83196111628430636, 1.497694811084300470, 2.299999999999999822 ) ) ;
#2013 = CARTESIAN_POINT ( 'NONE',  ( 12.56324435689515795, -2.432117567786146850, -0.5917277491073020812 ) ) ;
#2014 = CARTESIAN_POINT ( 'NONE',  ( -1.284442123884609099, 2.459364178742079687, 6.744974889429915521 ) ) ;
#2015 = ORIENTED_EDGE ( 'NONE', *, *, #4343, .T. ) ;
#2016 = CARTESIAN_POINT ( 'NONE',  ( -16.33555557942032621, 1.448865395596971695, -2.058577510217660667 ) ) ;
#2017 = CARTESIAN_POINT ( 'NONE',  ( -15.82227091433210830, 1.458036688930162361, -2.500000000000000444 ) ) ;
#2018 = CARTESIAN_POINT ( 'NONE',  ( -12.59132437075919242, 2.465208340588993075, 0.4203006787097327557 ) ) ;
#2019 = LINE ( 'NONE', #2809, #4625 ) ;
#2020 = CARTESIAN_POINT ( 'NONE',  ( 0.000000000000000000, 0.000000000000000000, 2.250000000000000444 ) ) ;
#2021 = EDGE_CURVE ( 'NONE', #2847, #872, #739, .T. ) ;
#2022 = CARTESIAN_POINT ( 'NONE',  ( -14.69179196195547021, -2.051335311039989673, -1.446800454727819929 ) ) ;
#2023 = ORIENTED_EDGE ( 'NONE', *, *, #3573, .T. ) ;
#2024 = CARTESIAN_POINT ( 'NONE',  ( -24.75000000000000000, 0.000000000000000000, 0.000000000000000000 ) ) ;
#2025 = CARTESIAN_POINT ( 'NONE',  ( -14.59298780803982609, 1.856003751372360844, 2.094109905508399816 ) ) ;
#2026 = ORIENTED_EDGE ( 'NONE', *, *, #1154, .F. ) ;
#2027 = CARTESIAN_POINT ( 'NONE',  ( 19.83342403763862549, -0.2737909059094361108, -2.499999999999997335 ) ) ;
#2028 = CARTESIAN_POINT ( 'NONE',  ( 17.39684433189884416, 0.8631707079708716979, -2.500000000000000000 ) ) ;
#2029 = FACE_OUTER_BOUND ( 'NONE', #4088, .T. ) ;
#2030 = CARTESIAN_POINT ( 'NONE',  ( -17.39684398325523773, -0.8631707931596515060, -2.500000000000000000 ) ) ;
#2031 = CARTESIAN_POINT ( 'NONE',  ( 16.33555557942034042, 1.448865395597173311, -2.058577510218077666 ) ) ;
#2032 = VERTEX_POINT ( 'NONE', #1066 ) ;
#2033 = CARTESIAN_POINT ( 'NONE',  ( 14.17661858865489677, 2.164560228248121110, -1.250871303646558630 ) ) ;
#2034 = CARTESIAN_POINT ( 'NONE',  ( 13.25169249365226243, -2.351944638101315821, -0.8534709203258054044 ) ) ;
#2035 = AXIS2_PLACEMENT_3D ( 'NONE', #2672, #1669, #4109 ) ;
#2036 = CARTESIAN_POINT ( 'NONE',  ( -24.75000000000000000, 0.000000000000000000, 0.000000000000000000 ) ) ;
#2037 = VERTEX_POINT ( 'NONE', #2093 ) ;
#2038 = AXIS2_PLACEMENT_3D ( 'NONE', #876, #1591, #595 ) ;
#2039 = CARTESIAN_POINT ( 'NONE',  ( -16.87074907635977539, 1.555346748633339438, -1.962830243799175811 ) ) ;
#2040 = DIRECTION ( 'NONE',  ( -1.000000000000000000, 0.000000000000000000, 0.000000000000000000 ) ) ;
#2041 = CARTESIAN_POINT ( 'NONE',  ( -8.000815763067205211, -17.04097486361366975, -2.500000000000000000 ) ) ;
#2042 =( BOUNDED_SURFACE ( )  B_SPLINE_SURFACE ( 3, 2, ( 
 ( #1553, #768, #4392 ),
 ( #814, #3667, #840 ),
 ( #1860, #4040, #1527 ),
 ( #2987, #2300, #2959 ) ),
 .UNSPECIFIED., .F., .F., .F. ) 
 B_SPLINE_SURFACE_WITH_KNOTS ( ( 4, 4 ),
 ( 3, 3 ),
 ( 0.000000000000000000, 0.0008595362456403582516 ),
 ( 0.000000000000000000, 1.000000000000000000 ),
 .UNSPECIFIED. ) 
 GEOMETRIC_REPRESENTATION_ITEM ( )  RATIONAL_B_SPLINE_SURFACE ( (
 ( 1.000000000000000000, 0.7745966692414829602, 1.000000000000000000),
 ( 1.000000000000000000, 0.7546257470525601363, 1.000000000000000000),
 ( 1.000000000000000000, 0.7324043618491863361, 1.000000000000000000),
 ( 1.000000000000000000, 0.7071067811865469066, 1.000000000000000000) ) ) 
 REPRESENTATION_ITEM ( '' )  SURFACE ( )  );
#2043 = CARTESIAN_POINT ( 'NONE',  ( -1.636106717230388030, 2.635885463853153254, 6.658323453655246915 ) ) ;
#2044 = CARTESIAN_POINT ( 'NONE',  ( 20.26117717742533486, -0.1814194387000000741, -2.500000000000000000 ) ) ;
#2045 = ORIENTED_EDGE ( 'NONE', *, *, #2219, .F. ) ;
#2046 = CARTESIAN_POINT ( 'NONE',  ( 8.000815763067205211, 17.04097486361366975, 2.500000000000000000 ) ) ;
#2047 = CARTESIAN_POINT ( 'NONE',  ( 0.6237048256052466488, 5.622365364374386942, 3.400000000000000355 ) ) ;
#2048 = ORIENTED_EDGE ( 'NONE', *, *, #3852, .T. ) ;
#2049 = ADVANCED_FACE ( 'NONE', ( #1740 ), #1447, .T. ) ;
#2050 = CARTESIAN_POINT ( 'NONE',  ( -0.6353032616888941719, -4.089969425003308068, 2.500000000000000000 ) ) ;
#2051 = CARTESIAN_POINT ( 'NONE',  ( 0.9500000000000001776, 4.000000000000001776, -2.500000000000000000 ) ) ;
#2052 = CARTESIAN_POINT ( 'NONE',  ( -19.10037523555342176, -0.6215644373849346094, -2.428052524610828655 ) ) ;
#2053 = CARTESIAN_POINT ( 'NONE',  ( -17.84716903822545575, 0.9227111133517614805, 2.423716494198727034 ) ) ;
#2054 = CARTESIAN_POINT ( 'NONE',  ( -19.83303426576928885, 0.2739273282892703554, -2.500000000000000000 ) ) ;
#2055 = VERTEX_POINT ( 'NONE', #3549 ) ;
#2056 = CARTESIAN_POINT ( 'NONE',  ( 1.108871162508418662, 5.406367221176802573, 3.571601951772930494 ) ) ;
#2057 = DIRECTION ( 'NONE',  ( -1.000000000000000000, 0.000000000000000000, 0.000000000000000000 ) ) ;
#2058 = CARTESIAN_POINT ( 'NONE',  ( -0.3727795701005113815, 2.117651225826781669, 7.039694767159438094 ) ) ;
#2059 = EDGE_CURVE ( 'NONE', #1241, #3679, #692, .T. ) ;
#2060 = ORIENTED_EDGE ( 'NONE', *, *, #2246, .T. ) ;
#2061 = CARTESIAN_POINT ( 'NONE',  ( -16.06452596313853221, 2.449489742783177881, -2.500000000000000000 ) ) ;
#2062 = CARTESIAN_POINT ( 'NONE',  ( -13.80155651641826786, 2.244900066647150361, -1.103733223007793640 ) ) ;
#2063 = CARTESIAN_POINT ( 'NONE',  ( -19.81778066648066172, -0.2150133328716840597, -2.500000000000000444 ) ) ;
#2064 = DIRECTION ( 'NONE',  ( -0.2373605028755660651, 0.9714216343455907010, 0.000000000000000000 ) ) ;
#2065 = CARTESIAN_POINT ( 'NONE',  ( 15.82196239302755281, -1.494400202766044350, -2.329803393086470109 ) ) ;
#2066 = DIRECTION ( 'NONE',  ( 0.2373605028755523538, -0.9714216343455939207, 0.000000000000000000 ) ) ;
#2067 =( BOUNDED_SURFACE ( )  B_SPLINE_SURFACE ( 3, 2, ( 
 ( #167, #577, #1613 ),
 ( #4479, #192, #2686 ),
 ( #4124, #3772, #1280 ),
 ( #4148, #2017, #3448 ) ),
 .UNSPECIFIED., .F., .F., .F. ) 
 B_SPLINE_SURFACE_WITH_KNOTS ( ( 4, 4 ),
 ( 3, 3 ),
 ( -2.168404344971008868E-19, 0.0008595308109149237029 ),
 ( 0.000000000000000000, 1.000000000000000000 ),
 .UNSPECIFIED. ) 
 GEOMETRIC_REPRESENTATION_ITEM ( )  RATIONAL_B_SPLINE_SURFACE ( (
 ( 1.000000000000000000, 0.7071067811865469066, 1.000000000000000000),
 ( 1.000000000000000000, 0.7324007958232446880, 1.000000000000000000),
 ( 1.000000000000000000, 0.7546225168076633461, 1.000000000000000000),
 ( 1.000000000000000000, 0.7745966692414875121, 1.000000000000000000) ) ) 
 REPRESENTATION_ITEM ( '' )  SURFACE ( )  );
#2068 = ORIENTED_EDGE ( 'NONE', *, *, #3743, .T. ) ;
#2069 = DIRECTION ( 'NONE',  ( -0.9714216343455919223, 0.2373605028755608193, -4.117548366078961861E-16 ) ) ;
#2070 = CARTESIAN_POINT ( 'NONE',  ( 8.000815763067205211, -17.04097486361366975, 2.500000000000000000 ) ) ;
#2071 = ORIENTED_EDGE ( 'NONE', *, *, #1070, .T. ) ;
#2072 = ORIENTED_EDGE ( 'NONE', *, *, #2397, .T. ) ;
#2073 = CARTESIAN_POINT ( 'NONE',  ( -12.31887629857217092, 2.487430776189661241, 0.5094359207857955818 ) ) ;
#2074 = TOROIDAL_SURFACE ( 'NONE', #2833, 6.750000000000001776, 0.2500000000000000000 ) ;
#2075 = VECTOR ( 'NONE', #1074, 1000.000000000000114 ) ;
#2076 = CARTESIAN_POINT ( 'NONE',  ( -20.26117717742532776, -0.1814194387000040709, -2.500000000000000000 ) ) ;
#2077 = CARTESIAN_POINT ( 'NONE',  ( -19.01059147635638880, -0.4300227386776928062, 2.500000000000000000 ) ) ;
#2078 = AXIS2_PLACEMENT_3D ( 'NONE', #3814, #4236, #2827 ) ;
#2079 = CARTESIAN_POINT ( 'NONE',  ( 16.63611146266116236, 1.276909337552092349, -2.364939480456790033 ) ) ;
#2080 = ORIENTED_EDGE ( 'NONE', *, *, #3003, .F. ) ;
#2081 = CARTESIAN_POINT ( 'NONE',  ( -8.058162930698971493, -3.189959577880047359, -2.500000000000000000 ) ) ;
#2082 = AXIS2_PLACEMENT_3D ( 'NONE', #2061, #3471, #4550 ) ;
#2083 = ADVANCED_FACE ( 'NONE', ( #1763 ), #268, .T. ) ;
#2084 = CARTESIAN_POINT ( 'NONE',  ( -15.50996214962094655, -1.582030196300133973, 2.281376060196853572 ) ) ;
#2085 = DIRECTION ( 'NONE',  ( -1.000000000000000000, 0.000000000000000000, 0.000000000000000000 ) ) ;
#2086 = ORIENTED_EDGE ( 'NONE', *, *, #3255, .T. ) ;
#2087 = CIRCLE ( 'NONE', #1392, 19.75000000000000000 ) ;
#2088 = CARTESIAN_POINT ( 'NONE',  ( 19.13886132976260157, -0.7200443538324881043, 2.400803242296805529 ) ) ;
#2089 = CARTESIAN_POINT ( 'NONE',  ( -13.43700056235532792, 2.317204066774205984, -0.9425331027229921776 ) ) ;
#2090 = FACE_OUTER_BOUND ( 'NONE', #85, .T. ) ;
#2091 = CARTESIAN_POINT ( 'NONE',  ( 12.31887629857217803, -2.487430776189660353, -0.5094359207858103478 ) ) ;
#2092 = CARTESIAN_POINT ( 'NONE',  ( -12.48438747654382475, -2.482045534029055922, 0.3077582879194268872 ) ) ;
#2093 = CARTESIAN_POINT ( 'NONE',  ( 14.17661858865518987, -2.164560228248059826, -1.250871303646665211 ) ) ;
#2094 = DIRECTION ( 'NONE',  ( 0.000000000000000000, 0.000000000000000000, 1.000000000000000000 ) ) ;
#2095 = CARTESIAN_POINT ( 'NONE',  ( -1.317508350515973259, 5.463682299999621961, 3.504435168435480197 ) ) ;
#2096 = FACE_BOUND ( 'NONE', #1133, .T. ) ;
#2097 = CARTESIAN_POINT ( 'NONE',  ( -8.000815763067205211, -17.04097486361366975, 2.500000000000000000 ) ) ;
#2098 = FACE_OUTER_BOUND ( 'NONE', #539, .T. ) ;
#2099 = CARTESIAN_POINT ( 'NONE',  ( -6.062177826491072175, -3.500000000000000000, 2.250000000000000444 ) ) ;
#2100 = ORIENTED_EDGE ( 'NONE', *, *, #1103, .T. ) ;
#2101 = ORIENTED_EDGE ( 'NONE', *, *, #4147, .T. ) ;
#2102 = DIRECTION ( 'NONE',  ( 0.000000000000000000, 0.000000000000000000, -1.000000000000000000 ) ) ;
#2103 = CARTESIAN_POINT ( 'NONE',  ( 13.17073545383452071, 2.280126861473294575, -1.314503760664034848 ) ) ;
#2104 = DIRECTION ( 'NONE',  ( 0.9881499919765299733, 0.1534913461950988545, 0.000000000000000000 ) ) ;
#2105 = ORIENTED_EDGE ( 'NONE', *, *, #1269, .F. ) ;
#2106 = DIRECTION ( 'NONE',  ( -0.000000000000000000, -0.000000000000000000, -1.000000000000000000 ) ) ;
#2107 = AXIS2_PLACEMENT_3D ( 'NONE', #3633, #76, #3284 ) ;
#2108 = CARTESIAN_POINT ( 'NONE',  ( -15.82227091433204791, 1.458036688930181013, 2.500000000000000444 ) ) ;
#2109 = VECTOR ( 'NONE', #2516, 1000.000000000000114 ) ;
#2110 = EDGE_CURVE ( 'NONE', #1962, #3850, #3447, .T. ) ;
#2111 = CARTESIAN_POINT ( 'NONE',  ( 13.69974774111354421, -2.130846848888137135, -1.649030970091304393 ) ) ;
#2112 = CARTESIAN_POINT ( 'NONE',  ( -16.33555557943427416, -1.448865395618563756, 2.058577510199064431 ) ) ;
#2113 = AXIS2_PLACEMENT_3D ( 'NONE', #3122, #2462, #3215 ) ;
#2114 = DIRECTION ( 'NONE',  ( -1.000000000000000000, 0.000000000000000000, 0.000000000000000000 ) ) ;
#2115 = ORIENTED_EDGE ( 'NONE', *, *, #1777, .F. ) ;
#2116 = CARTESIAN_POINT ( 'NONE',  ( -14.39773847516831395, -1.916080469178980117, 2.025537867589340291 ) ) ;
#2117 = DIRECTION ( 'NONE',  ( -0.000000000000000000, -0.000000000000000000, -1.000000000000000000 ) ) ;
#2118 = ADVANCED_FACE ( 'NONE', ( #294 ), #1150, .T. ) ;
#2119 = DIRECTION ( 'NONE',  ( 0.000000000000000000, 0.000000000000000000, -1.000000000000000000 ) ) ;
#2120 = CARTESIAN_POINT ( 'NONE',  ( -1.710262321574402833, -5.558352545116810539, 2.250000000000000444 ) ) ;
#2121 = DIRECTION ( 'NONE',  ( 0.8518212536923538414, -0.2620988472899543065, 0.4535468509506643819 ) ) ;
#2122 = DIRECTION ( 'NONE',  ( 0.2940858488375230895, 0.9557790087219500963, 0.000000000000000000 ) ) ;
#2123 = ORIENTED_EDGE ( 'NONE', *, *, #3517, .F. ) ;
#2124 = EDGE_LOOP ( 'NONE', ( #1827, #2311, #2223, #1444 ) ) ;
#2125 = CARTESIAN_POINT ( 'NONE',  ( 12.36835710614172612, 2.499877159467077004, -0.08349941192643432764 ) ) ;
#2126 = CARTESIAN_POINT ( 'NONE',  ( 19.04144185414407886, 0.5405743159628924044, -2.473615854737501785 ) ) ;
#2127 = CARTESIAN_POINT ( 'NONE',  ( 0.8662120046021212216, 2.425554357594572163, 6.848790516447979648 ) ) ;
#2128 = VERTEX_POINT ( 'NONE', #654 ) ;
#2129 = EDGE_CURVE ( 'NONE', #2999, #2259, #494, .T. ) ;
#2130 = CARTESIAN_POINT ( 'NONE',  ( -14.94466851414151876, 1.486227562788466239, 2.500000000000000444 ) ) ;
#2131 = CARTESIAN_POINT ( 'NONE',  ( 12.32322468175127206, -2.486470498879998381, 0.5162149148252445086 ) ) ;
#2132 = CARTESIAN_POINT ( 'NONE',  ( -12.37604217152470198, -2.474939559944457912, 0.3684621789920214940 ) ) ;
#2133 = CARTESIAN_POINT ( 'NONE',  ( 15.77381990457081251, -1.259746078159566407, 2.250000000000000000 ) ) ;
#2134 = FACE_OUTER_BOUND ( 'NONE', #4443, .T. ) ;
#2135 = DIRECTION ( 'NONE',  ( 1.000000000000000000, 0.000000000000000000, 0.000000000000000000 ) ) ;
#2136 = CARTESIAN_POINT ( 'NONE',  ( 15.21863630992867833, 1.401929785063210199, 2.500000000000000444 ) ) ;
#2137 = CARTESIAN_POINT ( 'NONE',  ( 1.608020902576073663, 5.047845113465244005, 4.434390488698360500 ) ) ;
#2138 = FACE_OUTER_BOUND ( 'NONE', #1441, .T. ) ;
#2139 = CARTESIAN_POINT ( 'NONE',  ( -8.000815763067205211, 17.04097486361366975, -2.250000000000000888 ) ) ;
#2140 = ORIENTED_EDGE ( 'NONE', *, *, #173, .T. ) ;
#2141 = ORIENTED_EDGE ( 'NONE', *, *, #2702, .F. ) ;
#2142 = AXIS2_PLACEMENT_3D ( 'NONE', #1691, #2069, #2390 ) ;
#2143 = CARTESIAN_POINT ( 'NONE',  ( 13.65410046537876632, 2.144750100541433113, -1.308819247265616825 ) ) ;
#2144 = CARTESIAN_POINT ( 'NONE',  ( 12.26299853286558417, 2.499636914254130371, 0.4161558951547023599 ) ) ;
#2145 = EDGE_CURVE ( 'NONE', #2962, #1774, #4397, .T. ) ;
#2146 = AXIS2_PLACEMENT_3D ( 'NONE', #3087, #232, #3884 ) ;
#2147 = AXIS2_PLACEMENT_3D ( 'NONE', #3893, #2879, #1805 ) ;
#2148 = CYLINDRICAL_SURFACE ( 'NONE', #2406, 0.2500000000000001665 ) ;
#2149 = ORIENTED_EDGE ( 'NONE', *, *, #3262, .T. ) ;
#2150 = AXIS2_PLACEMENT_3D ( 'NONE', #4535, #4584, #1311 ) ;
#2151 = AXIS2_PLACEMENT_3D ( 'NONE', #229, #1700, #1677 ) ;
#2152 = CARTESIAN_POINT ( 'NONE',  ( 15.17233545036446429, -1.677742938350786028, -1.907072287093367846 ) ) ;
#2153 = ORIENTED_EDGE ( 'NONE', *, *, #2884, .T. ) ;
#2154 = CARTESIAN_POINT ( 'NONE',  ( 13.80901127760828651, 1.835660558644846008, -2.250000000000000888 ) ) ;
#2155 = CARTESIAN_POINT ( 'NONE',  ( -12.18335990356670884, -2.516841200118218325, -0.2181851520736650951 ) ) ;
#2156 = DIRECTION ( 'NONE',  ( 0.000000000000000000, -0.000000000000000000, -1.000000000000000000 ) ) ;
#2157 = CARTESIAN_POINT ( 'NONE',  ( 0.9500000000000001776, 4.000000000000001776, 3.500000000000000000 ) ) ;
#2158 = CARTESIAN_POINT ( 'NONE',  ( -1.626932579483896690, 5.250946547988246671, 3.600000000000000089 ) ) ;
#2159 = CARTESIAN_POINT ( 'NONE',  ( 1.661351880058839603, 4.489929826940246116, 4.947478686608750564 ) ) ;
#2160 = EDGE_CURVE ( 'NONE', #850, #4427, #4245, .T. ) ;
#2161 = CARTESIAN_POINT ( 'NONE',  ( -1.637034339364660251, 2.636854886758615901, 6.657537753275020620 ) ) ;
#2162 = CARTESIAN_POINT ( 'NONE',  ( 0.6353032616888941719, -4.089969425003308068, 2.250000000000000444 ) ) ;
#2163 = FACE_OUTER_BOUND ( 'NONE', #493, .T. ) ;
#2164 = ORIENTED_EDGE ( 'NONE', *, *, #3989, .T. ) ;
#2165 = VERTEX_POINT ( 'NONE', #3214 ) ;
#2166 = CARTESIAN_POINT ( 'NONE',  ( 12.87263647006937894, 2.357132931570397272, 0.8472557163325885599 ) ) ;
#2167 = ADVANCED_FACE ( 'NONE', ( #2414 ), #3951, .T. ) ;
#2168 = CARTESIAN_POINT ( 'NONE',  ( 13.88253273981766611, 2.074605310825333504, 1.751219825105331029 ) ) ;
#2169 = CARTESIAN_POINT ( 'NONE',  ( -12.26732101922426565, 2.498697026394615772, 0.4247361871240741271 ) ) ;
#2170 = CARTESIAN_POINT ( 'NONE',  ( -1.731222852866221240, 5.404645192418829680, 3.636666666666666714 ) ) ;
#2171 = ORIENTED_EDGE ( 'NONE', *, *, #2815, .T. ) ;
#2172 = ADVANCED_FACE ( 'NONE', ( #3333 ), #4465, .T. ) ;
#2173 = CARTESIAN_POINT ( 'NONE',  ( -19.88449767545909808, 0.3691230182084115907, -2.479126514951912164 ) ) ;
#2174 = VERTEX_POINT ( 'NONE', #3632 ) ;
#2175 = CARTESIAN_POINT ( 'NONE',  ( -12.67400535355675650, -2.406118869294707086, 0.9250580683978734120 ) ) ;
#2176 = CARTESIAN_POINT ( 'NONE',  ( -14.17661858865518987, -2.164560228248059381, -1.250871303646666544 ) ) ;
#2177 = CARTESIAN_POINT ( 'NONE',  ( 14.94466851414152408, 1.486227562788465129, -2.500000000000000444 ) ) ;
#2178 = CIRCLE ( 'NONE', #1273, 5.000000000000000000 ) ;
#2179 = DATE_AND_TIME ( #3687, #2937 ) ;
#2180 = CARTESIAN_POINT ( 'NONE',  ( 13.88253273981766078, -2.074605310825334836, 1.751219825105329697 ) ) ;
#2181 = CARTESIAN_POINT ( 'NONE',  ( 1.434659026082552025, 5.316765507037207961, 4.035751702855450596 ) ) ;
#2182 = DIRECTION ( 'NONE',  ( 0.9184126158110060834, -0.2825884971726172479, -0.2768790501011355598 ) ) ;
#2183 = AXIS2_PLACEMENT_3D ( 'NONE', #3400, #4474, #1657 ) ;
#2184 = DIRECTION ( 'NONE',  ( -1.000000000000000000, 0.000000000000000000, 0.000000000000000000 ) ) ;
#2185 = CARTESIAN_POINT ( 'NONE',  ( -12.50000000000000000, -2.500000000000000000, 2.500000000000000000 ) ) ;
#2186 = ADVANCED_FACE ( 'NONE', ( #1926 ), #75, .F. ) ;
#2187 = TOROIDAL_SURFACE ( 'NONE', #2557, 19.75000000000000000, 0.2500000000000000000 ) ;
#2188 = ORIENTED_EDGE ( 'NONE', *, *, #3777, .F. ) ;
#2189 = ORIENTED_EDGE ( 'NONE', *, *, #2310, .F. ) ;
#2190 = CARTESIAN_POINT ( 'NONE',  ( 12.32459871730788414, 2.486168325119457734, 0.5184154469670155807 ) ) ;
#2191 = CARTESIAN_POINT ( 'NONE',  ( 17.65350046962013764, 1.313458538391812702, -2.132283457325193421 ) ) ;
#2192 = CARTESIAN_POINT ( 'NONE',  ( -12.75777363031744471, 2.385254082727753300, 0.9941807502187459678 ) ) ;
#2193 = EDGE_CURVE ( 'NONE', #3489, #124, #3792, .T. ) ;
#2194 = LINE ( 'NONE', #3603, #1739 ) ;
#2195 = VERTEX_POINT ( 'NONE', #1471 ) ;
#2196 = EDGE_CURVE ( 'NONE', #1817, #784, #100, .T. ) ;
#2197 = CARTESIAN_POINT ( 'NONE',  ( -17.62444134291803266, 1.323166430470096522, -2.126115810314560761 ) ) ;
#2198 = EDGE_LOOP ( 'NONE', ( #97, #1668, #4611, #326 ) ) ;
#2199 = CARTESIAN_POINT ( 'NONE',  ( -17.44379202976950083, -1.044582608145875779, 2.403803285886391805 ) ) ;
#2200 = DIRECTION ( 'NONE',  ( -1.000000000000000000, 0.000000000000000000, 0.000000000000000000 ) ) ;
#2201 = ADVANCED_FACE ( 'NONE', ( #760 ), #456, .F. ) ;
#2202 = DIRECTION ( 'NONE',  ( 0.000000000000000000, 0.000000000000000000, -1.000000000000000000 ) ) ;
#2203 = APPROVAL_ROLE ( '' ) ;
#2204 = CARTESIAN_POINT ( 'NONE',  ( 19.16224559184434639, -0.7093541216002222649, 2.403817586563579578 ) ) ;
#2205 = CARTESIAN_POINT ( 'NONE',  ( -1.026807578741610438, 2.306975660975375320, 6.954655874576831209 ) ) ;
#2206 = CARTESIAN_POINT ( 'NONE',  ( 1.142256892764209608, 2.538734215248550363, 6.829209075143620744 ) ) ;
#2207 = AXIS2_PLACEMENT_3D ( 'NONE', #3756, #3408, #4559 ) ;
#2208 = CARTESIAN_POINT ( 'NONE',  ( 8.058162930698971493, 3.189959577880047359, -2.250000000000000888 ) ) ;
#2209 = FACE_OUTER_BOUND ( 'NONE', #1824, .T. ) ;
#2210 = VERTEX_POINT ( 'NONE', #1496 ) ;
#2211 = ORIENTED_EDGE ( 'NONE', *, *, #19, .F. ) ;
#2212 = CARTESIAN_POINT ( 'NONE',  ( 12.75360587204099438, 2.438774963180728061, 0.5526651272993631236 ) ) ;
#2213 = LINE ( 'NONE', #518, #783 ) ;
#2214 = CARTESIAN_POINT ( 'NONE',  ( -13.30122068519392364, 2.245162658867060568, -1.121188275711088700 ) ) ;
#2215 =( BOUNDED_SURFACE ( )  B_SPLINE_SURFACE ( 3, 2, ( 
 ( #2180, #1745, #1069 ),
 ( #2908, #1047, #2479 ),
 ( #365, #2862, #3259 ),
 ( #4605, #3238, #3551 ) ),
 .UNSPECIFIED., .F., .F., .F. ) 
 B_SPLINE_SURFACE_WITH_KNOTS ( ( 4, 4 ),
 ( 3, 3 ),
 ( 0.5240012602887411663, 0.7956029534845417972 ),
 ( 0.000000000000000000, 1.000000000000000000 ),
 .UNSPECIFIED. ) 
 GEOMETRIC_REPRESENTATION_ITEM ( )  RATIONAL_B_SPLINE_SURFACE ( (
 ( 1.000000000000000000, 0.9559122584498944697, 1.000000000000000000),
 ( 1.000000000000000000, 0.9445902474892667877, 1.000000000000000000),
 ( 1.000000000000000000, 0.9304003179300892601, 1.000000000000000000),
 ( 1.000000000000000000, 0.9134839804860036550, 1.000000000000000000) ) ) 
 REPRESENTATION_ITEM ( '' )  SURFACE ( )  );
#2216 = CARTESIAN_POINT ( 'NONE',  ( 20.62500000000000000, 0.000000000000000000, 2.500000000000000000 ) ) ;
#2217 = CIRCLE ( 'NONE', #4391, 5.000000000000000000 ) ;
#2218 = EDGE_LOOP ( 'NONE', ( #4024, #1488, #3619, #3445, #1421, #744 ) ) ;
#2219 = EDGE_CURVE ( 'NONE', #4547, #705, #3000, .T. ) ;
#2220 = AXIS2_PLACEMENT_3D ( 'NONE', #735, #809, #1135 ) ;
#2221 = CARTESIAN_POINT ( 'NONE',  ( 12.59132437075919242, 2.465208340588993075, 0.4203006787097327557 ) ) ;
#2222 = AXIS2_PLACEMENT_3D ( 'NONE', #2863, #3216, #3552 ) ;
#2223 = ORIENTED_EDGE ( 'NONE', *, *, #1233, .T. ) ;
#2224 = CARTESIAN_POINT ( 'NONE',  ( 15.49542326494250766, -1.327770470498282895, -2.500000000000000000 ) ) ;
#2225 = CARTESIAN_POINT ( 'NONE',  ( 15.82227091433212607, -1.458036688930161695, 2.500000000000000444 ) ) ;
#2226 = CIRCLE ( 'NONE', #3727, 0.1000000000000000472 ) ;
#2227 = ORIENTED_EDGE ( 'NONE', *, *, #2385, .F. ) ;
#2228 = CARTESIAN_POINT ( 'NONE',  ( -6.023804989942298072, -3.252962502005867229, -2.250000000000000888 ) ) ;
#2229 = CALENDAR_DATE ( 2026, 2, 9 ) ;
#2230 = CARTESIAN_POINT ( 'NONE',  ( -8.019790094150197390, -2.942922079885915476, 2.500000000000000000 ) ) ;
#2231 = CARTESIAN_POINT ( 'NONE',  ( 1.308823470993646376, 2.699773000365382813, 6.712671222598064702 ) ) ;
#2232 = CIRCLE ( 'NONE', #2972, 0.2499999999999999445 ) ;
#2233 = CARTESIAN_POINT ( 'NONE',  ( 12.81326757888685464, -2.429093534259377574, -0.6042548253451290874 ) ) ;
#2234 = CARTESIAN_POINT ( 'NONE',  ( 17.44531749961075562, 1.055017355401146606, 2.400057296706061383 ) ) ;
#2235 = CARTESIAN_POINT ( 'NONE',  ( -0.1846507328338020670, 4.014086380134340715, 3.600000000000000089 ) ) ;
#2236 = ORIENTED_EDGE ( 'NONE', *, *, #4349, .F. ) ;
#2237 = ORIENTED_EDGE ( 'NONE', *, *, #2002, .T. ) ;
#2238 = CARTESIAN_POINT ( 'NONE',  ( 13.88253273981766611, 2.074605310825333504, -2.250000000000000888 ) ) ;
#2239 = CARTESIAN_POINT ( 'NONE',  ( 12.50000000000000000, 2.500000000000000000, 2.500000000000000000 ) ) ;
#2240 = CARTESIAN_POINT ( 'NONE',  ( -8.000815763067205211, 17.04097486361366975, 2.500000000000000000 ) ) ;
#2241 = DIRECTION ( 'NONE',  ( 0.4699767530242041635, 0.000000000000000000, -0.8826787930027697460 ) ) ;
#2242 = ORIENTED_EDGE ( 'NONE', *, *, #2385, .T. ) ;
#2243 =( BOUNDED_SURFACE ( )  B_SPLINE_SURFACE ( 3, 2, ( 
 ( #4646, #1469, #672 ),
 ( #4290, #2112, #2497 ),
 ( #3979, #2273, #1160 ),
 ( #3707, #126, #2199 ),
 ( #3024, #3682, #3359 ),
 ( #2546, #3729, #1186 ),
 ( #3331, #481, #854 ),
 ( #1570, #3002, #1901 ),
 ( #1947, #1209, #4001 ),
 ( #2293, #455, #781 ) ),
 .UNSPECIFIED., .F., .F., .F. ) 
 B_SPLINE_SURFACE_WITH_KNOTS ( ( 4, 2, 2, 2, 4 ),
 ( 3, 3 ),
 ( 0.006071148258653430441, 0.007398017313136694313, 0.008724886367619958186, 0.01005175542210322293, 0.01137862447658648593 ),
 ( 0.000000000000000000, 0.7846820788296917648 ),
 .UNSPECIFIED. ) 
 GEOMETRIC_REPRESENTATION_ITEM ( )  RATIONAL_B_SPLINE_SURFACE ( (
 ( 1.000000000000000000, 0.9321124299556879933, 0.9707651790895099886),
 ( 1.000000000000000000, 0.9436021816114160687, 0.9757130779720590841),
 ( 1.000000000000000000, 0.9534525424453378362, 0.9799549964071340158),
 ( 1.000000000000000000, 0.9703286161544366628, 0.9872224386242540728),
 ( 1.000000000000000000, 0.9773665969788166707, 0.9902532454249381999),
 ( 1.000000000000000000, 0.9886248635656931238, 0.9951014585398727519),
 ( 1.000000000000000000, 0.9928671728190130441, 0.9969283489586455715),
 ( 1.000000000000000000, 0.9985686546888370430, 0.9993836114062470966),
 ( 1.000000000000000000, 0.9999999299084714188, 0.9999999698160755290),
 ( 1.000000000000000000, 1.000000000000000000, 1.000000000000000000) ) ) 
 REPRESENTATION_ITEM ( '' )  SURFACE ( )  );
#2244 = CARTESIAN_POINT ( 'NONE',  ( 13.30122068519373357, -2.245162658867012162, 1.121188275711065385 ) ) ;
#2245 = CARTESIAN_POINT ( 'NONE',  ( -20.62500000000000000, 0.000000000000000000, -2.500000000000000000 ) ) ;
#2246 = EDGE_CURVE ( 'NONE', #3629, #2745, #4336, .T. ) ;
#2247 = ORIENTED_EDGE ( 'NONE', *, *, #2145, .F. ) ;
#2248 = CARTESIAN_POINT ( 'NONE',  ( 0.6340999060319754133, 5.716071453780690703, 3.433333333333240756 ) ) ;
#2249 = DIRECTION ( 'NONE',  ( 0.9881499919765303064, -0.1534913461950969393, -0.000000000000000000 ) ) ;
#2250 = CARTESIAN_POINT ( 'NONE',  ( -16.06452596313853221, -1.749635530559412455, 1.785714285714286031 ) ) ;
#2251 = CARTESIAN_POINT ( 'NONE',  ( 15.12834852586488310, -1.691277376656866727, 2.257354909485684402 ) ) ;
#2252 =( NAMED_UNIT ( * ) SI_UNIT ( $, .STERADIAN. ) SOLID_ANGLE_UNIT ( ) );
#2253 = CARTESIAN_POINT ( 'NONE',  ( 16.64229932410990287, -1.289442290158036464, 2.348787563640235998 ) ) ;
#2254 = CARTESIAN_POINT ( 'NONE',  ( -0.2123005765402569966, 2.110575586312497087, 7.050511509380334552 ) ) ;
#2255 = CARTESIAN_POINT ( 'NONE',  ( -8.019790094150197390, 2.942922079885916364, -2.500000000000000000 ) ) ;
#2256 = PLANE ( 'NONE',  #4102 ) ;
#2257 = CARTESIAN_POINT ( 'NONE',  ( 20.62499999999999645, -5.395798276742226822E-17, 2.500000000000000444 ) ) ;
#2258 = EDGE_CURVE ( 'NONE', #3534, #1405, #4286, .T. ) ;
#2259 = VERTEX_POINT ( 'NONE', #406 ) ;
#2260 = ORIENTED_EDGE ( 'NONE', *, *, #904, .T. ) ;
#2261 = AXIS2_PLACEMENT_3D ( 'NONE', #1059, #1345, #2085 ) ;
#2262 = DIRECTION ( 'NONE',  ( -0.000000000000000000, -0.000000000000000000, -1.000000000000000000 ) ) ;
#2263 = CARTESIAN_POINT ( 'NONE',  ( -16.33555379251604833, -1.448862634626497892, -2.058579929980074219 ) ) ;
#2264 = CARTESIAN_POINT ( 'NONE',  ( 20.25528969799813694, -0.1843535236284793433, -2.499999999999999556 ) ) ;
#2265 = CC_DESIGN_APPROVAL ( #4508, ( #3692 ) ) ;
#2266 = LINE ( 'NONE', #4661, #2109 ) ;
#2267 = ORIENTED_EDGE ( 'NONE', *, *, #665, .F. ) ;
#2268 = B_SPLINE_CURVE_WITH_KNOTS ( 'NONE', 3,
 ( #3938, #10, #4321, #659, #3595, #2821, #1097, #680 ),
 .UNSPECIFIED., .F., .F.,
 ( 4, 2, 2, 4 ),
 ( 0.000000000000000000, 0.001085184517773617055, 0.001627776776660425258, 0.002170369035547233243 ),
 .UNSPECIFIED. ) ;
#2269 = CARTESIAN_POINT ( 'NONE',  ( 12.16037894695296728, -2.521694553196504707, 0.1168991766981367225 ) ) ;
#2270 = CARTESIAN_POINT ( 'NONE',  ( 12.97616216488084007, 2.401322173914077762, 0.7018631120027227777 ) ) ;
#2271 = EDGE_LOOP ( 'NONE', ( #4300, #231, #3556, #189 ) ) ;
#2272 = CARTESIAN_POINT ( 'NONE',  ( 1.058173346341702903, 5.437448127563793143, 3.554696645244585618 ) ) ;
#2273 = CARTESIAN_POINT ( 'NONE',  ( -16.74166552203751834, -1.358342089302274847, 2.116997319942203415 ) ) ;
#2274 = CARTESIAN_POINT ( 'NONE',  ( 15.01818997635090547, 1.725172314968953513, -2.500000000000000444 ) ) ;
#2275 = DIRECTION ( 'NONE',  ( 0.000000000000000000, 0.000000000000000000, -1.000000000000000000 ) ) ;
#2276 = LINE ( 'NONE', #484, #754 ) ;
#2277 = CARTESIAN_POINT ( 'NONE',  ( 0.6942176019424206590, 2.325652351543435081, 6.919433809213820119 ) ) ;
#2278 = CARTESIAN_POINT ( 'NONE',  ( 17.39683465656412764, 0.8631730720754311470, 2.500000000000000000 ) ) ;
#2279 = DIRECTION ( 'NONE',  ( -0.4313599916070554041, 0.4182646550625097048, -0.7993642698833873794 ) ) ;
#2280 = CARTESIAN_POINT ( 'NONE',  ( 16.06452596313852865, 2.449489742783178325, 2.500000000000000444 ) ) ;
#2281 = EDGE_LOOP ( 'NONE', ( #1694, #1306, #3557, #4616 ) ) ;
#2282 = EDGE_LOOP ( 'NONE', ( #2914, #96, #253, #2105 ) ) ;
#2283 = CARTESIAN_POINT ( 'NONE',  ( 11.07064268696914411, -2.722024975916939038, -2.250000000000000888 ) ) ;
#2284 = DIRECTION ( 'NONE',  ( 0.000000000000000000, 0.000000000000000000, -1.000000000000000000 ) ) ;
#2285 = CARTESIAN_POINT ( 'NONE',  ( 14.17661858865518809, -2.164560228248057161, 1.250871303646670096 ) ) ;
#2286 = VERTEX_POINT ( 'NONE', #2953 ) ;
#2287 = EDGE_CURVE ( 'NONE', #2055, #2195, #1165, .T. ) ;
#2288 = CARTESIAN_POINT ( 'NONE',  ( 12.91951591070128558, -2.410733740816930926, 0.6644005925856314443 ) ) ;
#2289 = CARTESIAN_POINT ( 'NONE',  ( -19.01059404567066835, 0.4300220619912025755, -2.500000000000000000 ) ) ;
#2290 = ORIENTED_EDGE ( 'NONE', *, *, #1676, .F. ) ;
#2291 = ORIENTED_EDGE ( 'NONE', *, *, #3377, .F. ) ;
#2292 = VECTOR ( 'NONE', #4072, 1000.000000000000000 ) ;
#2293 = CARTESIAN_POINT ( 'NONE',  ( -20.62499999999999289, -2.168404344971009262E-15, 2.500000000000000000 ) ) ;
#2294 = CARTESIAN_POINT ( 'NONE',  ( 4.964411059691882677, -4.573524114991520229, 2.500000000000000000 ) ) ;
#2295 = AXIS2_PLACEMENT_3D ( 'NONE', #443, #1242, #1913 ) ;
#2296 = CARTESIAN_POINT ( 'NONE',  ( 13.88253273981766611, 2.074605310825333504, 1.751219825105331029 ) ) ;
#2297 = CARTESIAN_POINT ( 'NONE',  ( 15.77381990457084626, -1.259746078159557969, 2.500000000000000000 ) ) ;
#2298 = CARTESIAN_POINT ( 'NONE',  ( -0.2173184287404211490, 2.043897322771150549, 7.144686701656468131 ) ) ;
#2299 = CIRCLE ( 'NONE', #4175, 0.2499999999999998335 ) ;
#2300 = CARTESIAN_POINT ( 'NONE',  ( 15.01818997635090014, -1.725172314968953735, -2.500000000000000444 ) ) ;
#2301 = CARTESIAN_POINT ( 'NONE',  ( 20.62499999999999645, -4.401734909832767346E-16, 2.500000000000000444 ) ) ;
#2302 = B_SPLINE_CURVE_WITH_KNOTS ( 'NONE', 3,
 ( #2951, #3680, #382, #2545 ),
 .UNSPECIFIED., .F., .F.,
 ( 4, 4 ),
 ( 0.000000000000000000, 0.0008595265505674815759 ),
 .UNSPECIFIED. ) ;
#2303 = ORIENTED_EDGE ( 'NONE', *, *, #2483, .T. ) ;
#2304 = EDGE_CURVE ( 'NONE', #540, #251, #1621, .T. ) ;
#2305 = EDGE_LOOP ( 'NONE', ( #2541, #1838, #4347, #1683 ) ) ;
#2306 = CARTESIAN_POINT ( 'NONE',  ( 14.94466851414152586, -1.486227562788464462, 2.500000000000000000 ) ) ;
#2307 = DIRECTION ( 'NONE',  ( -0.000000000000000000, -0.000000000000000000, -1.000000000000000000 ) ) ;
#2308 = CARTESIAN_POINT ( 'NONE',  ( -12.99562152375058588, 2.397546808432248877, 0.7101291076347756581 ) ) ;
#2309 = CARTESIAN_POINT ( 'NONE',  ( -18.00780870263278999, -1.187216035834511851, 2.206345972839916847 ) ) ;
#2310 = EDGE_CURVE ( 'NONE', #4427, #4562, #1251, .T. ) ;
#2311 = ORIENTED_EDGE ( 'NONE', *, *, #2593, .T. ) ;
#2312 = CARTESIAN_POINT ( 'NONE',  ( -12.42647853779062039, -2.261055247819512282, -2.250000000000000888 ) ) ;
#2313 = DIRECTION ( 'NONE',  ( -0.000000000000000000, 0.000000000000000000, 1.000000000000000000 ) ) ;
#2314 = ORIENTED_EDGE ( 'NONE', *, *, #4051, .T. ) ;
#2315 = CARTESIAN_POINT ( 'NONE',  ( 16.58531613964706253, -1.061462296131671312, 2.500000000000000444 ) ) ;
#2316 = DIRECTION ( 'NONE',  ( -1.000000000000000000, 1.927470528863118950E-15, 0.000000000000000000 ) ) ;
#2317 = CARTESIAN_POINT ( 'NONE',  ( -12.41401049884464491, 2.492911107228667156, 0.1934226507022682173 ) ) ;
#2318 = CARTESIAN_POINT ( 'NONE',  ( 16.63610892856999612, 1.276907382568855942, 2.364945432956349514 ) ) ;
#2319 = CARTESIAN_POINT ( 'NONE',  ( -1.884243060012101845, 3.143118195811347437, 6.151139161586185011 ) ) ;
#2320 = CARTESIAN_POINT ( 'NONE',  ( 12.36604421926778308, -2.500228369230308445, 0.09097179553611915714 ) ) ;
#2321 = FACE_OUTER_BOUND ( 'NONE', #3350, .T. ) ;
#2322 = CARTESIAN_POINT ( 'NONE',  ( -15.77381990457075389, -1.259746078159580840, -2.500000000000000000 ) ) ;
#2323 = ORIENTED_EDGE ( 'NONE', *, *, #2483, .F. ) ;
#2324 = EDGE_LOOP ( 'NONE', ( #3469, #1839, #1044 ) ) ;
#2325 = CYLINDRICAL_SURFACE ( 'NONE', #1243, 0.2500000000000001665 ) ;
#2326 = CIRCLE ( 'NONE', #2623, 0.2499999999999998335 ) ;
#2327 = DIRECTION ( 'NONE',  ( -0.9881499919765299733, 0.1534913461950988545, 0.000000000000000000 ) ) ;
#2328 = EDGE_CURVE ( 'NONE', #37, #4662, #3937, .T. ) ;
#2329 = CARTESIAN_POINT ( 'NONE',  ( -13.17273120067077485, 2.279594382428681509, 1.315888194516413812 ) ) ;
#2330 = CIRCLE ( 'NONE', #4211, 7.000000000000001776 ) ;
#2331 = DIRECTION ( 'NONE',  ( 0.2940858488375206470, 0.9557790087219508735, 0.000000000000000000 ) ) ;
#2332 = ORIENTED_EDGE ( 'NONE', *, *, #3426, .T. ) ;
#2333 = CIRCLE ( 'NONE', #3015, 19.75000000000000000 ) ;
#2334 = DIRECTION ( 'NONE',  ( 0.000000000000000000, 0.000000000000000000, 1.000000000000000000 ) ) ;
#2335 = CARTESIAN_POINT ( 'NONE',  ( -12.40498044579143055, -2.494345417923966135, 0.1861742190735287406 ) ) ;
#2336 = EDGE_LOOP ( 'NONE', ( #3222, #1264 ) ) ;
#2337 = CARTESIAN_POINT ( 'NONE',  ( -19.16224559184434639, 0.7093541216001970628, -2.403817586563584463 ) ) ;
#2338 = EDGE_CURVE ( 'NONE', #1707, #936, #182, .T. ) ;
#2339 = CARTESIAN_POINT ( 'NONE',  ( 5.148278135976766201, -4.742913897028242509, -2.250000000000000888 ) ) ;
#2340 = CARTESIAN_POINT ( 'NONE',  ( -16.06452596313853221, -1.749635530559412455, 1.785714285714286031 ) ) ;
#2341 = CARTESIAN_POINT ( 'NONE',  ( 18.71583909195765827, 0.7654916480060516282, 2.386672215849044765 ) ) ;
#2342 = CARTESIAN_POINT ( 'NONE',  ( -1.955825538293925137, 4.768276636863096662, 4.388415831824960200 ) ) ;
#2343 = DIRECTION ( 'NONE',  ( -0.000000000000000000, -0.000000000000000000, -1.000000000000000000 ) ) ;
#2344 = EDGE_CURVE ( 'NONE', #3453, #3125, #3422, .T. ) ;
#2345 = DIRECTION ( 'NONE',  ( -1.000000000000000000, 0.000000000000000000, 0.000000000000000000 ) ) ;
#2346 = CARTESIAN_POINT ( 'NONE',  ( 15.55899789406614531, -1.567628793066963011, -2.284594201836910976 ) ) ;
#2347 = ORIENTED_EDGE ( 'NONE', *, *, #977, .T. ) ;
#2348 = EDGE_LOOP ( 'NONE', ( #816, #3805, #3813, #3182 ) ) ;
#2349 = FACE_OUTER_BOUND ( 'NONE', #779, .T. ) ;
#2350 = CARTESIAN_POINT ( 'NONE',  ( 20.62499999999998934, 5.344902608133099197E-15, -2.500000000000000444 ) ) ;
#2351 = DIRECTION ( 'NONE',  ( 0.2940858488375239777, -0.9557790087219497632, -2.602085213965209458E-15 ) ) ;
#2352 = DIRECTION ( 'NONE',  ( 1.000000000000000000, 0.000000000000000000, 0.000000000000000000 ) ) ;
#2353 = ORIENTED_EDGE ( 'NONE', *, *, #1061, .F. ) ;
#2354 = CARTESIAN_POINT ( 'NONE',  ( 0.9994025114986027081, 5.535553732094322221, 3.774890548652942268 ) ) ;
#2355 = CARTESIAN_POINT ( 'NONE',  ( 1.227726740212324197, 5.540758907730046090, 3.636666666666666714 ) ) ;
#2356 = ORIENTED_EDGE ( 'NONE', *, *, #3356, .T. ) ;
#2357 = EDGE_CURVE ( 'NONE', #864, #2423, #113, .T. ) ;
#2358 = CARTESIAN_POINT ( 'NONE',  ( -20.22984999193579370, 0.1365435918632339485, -2.499999999999252154 ) ) ;
#2359 = DIRECTION ( 'NONE',  ( -0.000000000000000000, -1.000000000000000000, -0.000000000000000000 ) ) ;
#2360 = CARTESIAN_POINT ( 'NONE',  ( -12.43845853607195728, 2.489155308073022432, 0.2359479429224105029 ) ) ;
#2361 =( BOUNDED_CURVE ( )  B_SPLINE_CURVE ( 3, ( #2420, #3082, #3855, #2724 ),
 .UNSPECIFIED., .F., .F. ) 
 B_SPLINE_CURVE_WITH_KNOTS ( ( 4, 4 ),
 ( 0.5240012602887417215, 0.7956029534845354689 ),
 .UNSPECIFIED. ) 
 CURVE ( )  GEOMETRIC_REPRESENTATION_ITEM ( )  RATIONAL_B_SPLINE_CURVE ( ( 1.000000000000000000, 0.9938621515090062530, 0.9938621515090062530, 1.000000000000000000 ) ) 
 REPRESENTATION_ITEM ( '' )  );
#2362 = CARTESIAN_POINT ( 'NONE',  ( 17.44378967286844073, 1.044580086513120065, 2.403807454327576032 ) ) ;
#2363 = AXIS2_PLACEMENT_3D ( 'NONE', #3200, #1814, #1052 ) ;
#2364 = CARTESIAN_POINT ( 'NONE',  ( -1.318547751765380749, 2.485298153577951918, 6.814442859938456998 ) ) ;
#2365 = B_SPLINE_CURVE_WITH_KNOTS ( 'NONE', 3,
 ( #4340, #4649, #2095, #695, #1427, #1475, #1450, #2158 ),
 .UNSPECIFIED., .F., .F.,
 ( 4, 2, 2, 4 ),
 ( 0.000000000000000000, 0.0002942222711920167762, 0.0004413334067880257065, 0.0005884445423840346367 ),
 .UNSPECIFIED. ) ;
#2366 = CARTESIAN_POINT ( 'NONE',  ( -13.52533076633812215, -2.181725096763487137, 1.545226512738906877 ) ) ;
#2367 = AXIS2_PLACEMENT_3D ( 'NONE', #2162, #302, #2531 ) ;
#2368 = AXIS2_PLACEMENT_3D ( 'NONE', #1024, #3235, #270 ) ;
#2369 = DIRECTION ( 'NONE',  ( -1.000000000000000000, 0.000000000000000000, 0.000000000000000000 ) ) ;
#2370 = CYLINDRICAL_SURFACE ( 'NONE', #4432, 20.00000000000000000 ) ;
#2371 = VERTEX_POINT ( 'NONE', #4501 ) ;
#2372 = ORIENTED_EDGE ( 'NONE', *, *, #1649, .T. ) ;
#2373 = CYLINDRICAL_SURFACE ( 'NONE', #1019, 20.00000000000000000 ) ;
#2374 = CARTESIAN_POINT ( 'NONE',  ( -20.24551300483304317, -0.1589813346693100815, -2.499999999998263167 ) ) ;
#2375 = AXIS2_PLACEMENT_3D ( 'NONE', #3691, #789, #3666 ) ;
#2376 = CARTESIAN_POINT ( 'NONE',  ( 24.75000000000000000, 0.000000000000000000, 2.500000000000000000 ) ) ;
#2377 = DIRECTION ( 'NONE',  ( -1.000000000000000000, 0.000000000000000000, 0.000000000000000000 ) ) ;
#2378 = VERTEX_POINT ( 'NONE', #148 ) ;
#2379 = CARTESIAN_POINT ( 'NONE',  ( 0.8096150907983626910, 5.561843613440345280, 3.504384506608003935 ) ) ;
#2380 = CARTESIAN_POINT ( 'NONE',  ( 12.26732101922436691, -2.498697026394593568, -0.4247361871240949993 ) ) ;
#2381 = CARTESIAN_POINT ( 'NONE',  ( -0.7947949298541624463, 2.209010604185991600, 6.956168073138014663 ) ) ;
#2382 = EDGE_LOOP ( 'NONE', ( #1063, #1239, #3997, #1603, #559, #3723 ) ) ;
#2383 = DIRECTION ( 'NONE',  ( 0.2373605028755660651, 0.9714216343455907010, 0.000000000000000000 ) ) ;
#2384 = CARTESIAN_POINT ( 'NONE',  ( -24.75000000000000000, 0.000000000000000000, 0.000000000000000000 ) ) ;
#2385 = EDGE_CURVE ( 'NONE', #1816, #2990, #4622, .T. ) ;
#2386 = CARTESIAN_POINT ( 'NONE',  ( 15.17233545036545372, 1.677742938349394031, 1.907072287095049390 ) ) ;
#2387 = CARTESIAN_POINT ( 'NONE',  ( -13.80901127760828651, -1.835660558644846230, -2.500000000000000000 ) ) ;
#2388 = CARTESIAN_POINT ( 'NONE',  ( 15.01818997635090014, 1.725172314968953291, 2.249999999999999112 ) ) ;
#2389 =( BOUNDED_SURFACE ( )  B_SPLINE_SURFACE ( 3, 2, ( 
 ( #3229, #3276, #3354 ),
 ( #2899, #95, #2569 ),
 ( #3326, #4050, #828 ),
 ( #778, #426, #4407 ) ),
 .UNSPECIFIED., .F., .F., .F. ) 
 B_SPLINE_SURFACE_WITH_KNOTS ( ( 4, 4 ),
 ( 3, 3 ),
 ( 0.5240012602887416104, 0.7956029534845421303 ),
 ( 0.000000000000000000, 1.000000000000000000 ),
 .UNSPECIFIED. ) 
 GEOMETRIC_REPRESENTATION_ITEM ( )  RATIONAL_B_SPLINE_SURFACE ( (
 ( 1.000000000000000000, 0.9559122584498943587, 1.000000000000000000),
 ( 1.000000000000000000, 0.9445902474892675649, 1.000000000000000000),
 ( 1.000000000000000000, 0.9304003179300889270, 1.000000000000000000),
 ( 1.000000000000000000, 0.9134839804860035439, 1.000000000000000000) ) ) 
 REPRESENTATION_ITEM ( '' )  SURFACE ( )  );
#2390 = DIRECTION ( 'NONE',  ( -0.2373605028755662871, -0.9714216343455907010, 0.000000000000000000 ) ) ;
#2391 = DIRECTION ( 'NONE',  ( 1.000000000000000000, 0.000000000000000000, 0.000000000000000000 ) ) ;
#2392 = ORIENTED_EDGE ( 'NONE', *, *, #1269, .T. ) ;
#2393 = B_SPLINE_CURVE_WITH_KNOTS ( 'NONE', 3,
 ( #254, #1702, #3131, #1010, #2447, #3536, #2012 ),
 .UNSPECIFIED., .F., .F.,
 ( 4, 3, 4 ),
 ( 0.000000000000000000, 0.0005000688095823482057, 0.0008464771968572405714 ),
 .UNSPECIFIED. ) ;
#2394 = CARTESIAN_POINT ( 'NONE',  ( -15.77381990457075389, 1.259746078159581062, 2.500000000000000000 ) ) ;
#2395 = FACE_OUTER_BOUND ( 'NONE', #3578, .T. ) ;
#2396 = CARTESIAN_POINT ( 'NONE',  ( 16.56504834046418750, 1.237007823719366240, -2.500000000000000444 ) ) ;
#2397 = EDGE_CURVE ( 'NONE', #771, #2697, #1254, .T. ) ;
#2398 = CARTESIAN_POINT ( 'NONE',  ( 16.06452596313853221, 1.749635530559412455, 1.785714285714286031 ) ) ;
#2399 = CARTESIAN_POINT ( 'NONE',  ( -4.964411059691882677, -4.573524114991520229, 2.250000000000000444 ) ) ;
#2400 = ORIENTED_EDGE ( 'NONE', *, *, #1884, .T. ) ;
#2401 = CARTESIAN_POINT ( 'NONE',  ( -1.156197954921813986, 5.633716521497170504, 3.433333333333333570 ) ) ;
#2402 = CARTESIAN_POINT ( 'NONE',  ( 12.67700190186692133, -2.451349310867407372, -0.4948587663152090310 ) ) ;
#2403 = AXIS2_PLACEMENT_3D ( 'NONE', #538, #1978, #3409 ) ;
#2404 = CARTESIAN_POINT ( 'NONE',  ( 24.75000000000000000, 0.000000000000000000, 0.000000000000000000 ) ) ;
#2405 = ORIENTED_EDGE ( 'NONE', *, *, #3545, .F. ) ;
#2406 = AXIS2_PLACEMENT_3D ( 'NONE', #1037, #2471, #1322 ) ;
#2407 = CARTESIAN_POINT ( 'NONE',  ( 19.04167559374233321, -0.5469312201195339895, 2.476364280047135491 ) ) ;
#2408 = CARTESIAN_POINT ( 'NONE',  ( -12.16037894695294774, 2.521694553196504263, -0.1168991766981478803 ) ) ;
#2409 = B_SPLINE_CURVE_WITH_KNOTS ( 'NONE', 3,
 ( #3236, #2499, #341, #5, #1380, #3912, #3931, #1001, #737, #2881 ),
 .UNSPECIFIED., .F., .F.,
 ( 4, 2, 2, 2, 4 ),
 ( -4.174195562399390333E-05, 0.001199151176171815714, 0.002440044307967625080, 0.003680937439763434880, 0.004921830571559244680 ),
 .UNSPECIFIED. ) ;
#2410 = CARTESIAN_POINT ( 'NONE',  ( 15.32877851923529811, 1.911338265483275567, 1.627278609483891136 ) ) ;
#2411 = CARTESIAN_POINT ( 'NONE',  ( -1.710005006972488806, 2.863646744449686921, 6.513781790882015699 ) ) ;
#2412 = CARTESIAN_POINT ( 'NONE',  ( -13.65410046537895994, -2.144750100541383819, 1.308819247265643693 ) ) ;
#2413 = ADVANCED_FACE ( 'NONE', ( #2640 ), #3329, .T. ) ;
#2414 = FACE_OUTER_BOUND ( 'NONE', #4110, .T. ) ;
#2415 = FACE_OUTER_BOUND ( 'NONE', #2742, .T. ) ;
#2416 = LINE ( 'NONE', #4532, #4359 ) ;
#2417 = ORIENTED_EDGE ( 'NONE', *, *, #4039, .T. ) ;
#2418 = CARTESIAN_POINT ( 'NONE',  ( 18.99290911004131388, -0.4990041321755193660, -2.500000000000000888 ) ) ;
#2419 = CARTESIAN_POINT ( 'NONE',  ( -15.21863630992861260, -1.401929785063070533, 2.500000000000000444 ) ) ;
#2420 = CARTESIAN_POINT ( 'NONE',  ( 14.17661858865518987, -2.164560228248059826, -1.250871303646665211 ) ) ;
#2421 = CARTESIAN_POINT ( 'NONE',  ( -15.77044011430101023, -1.493710734061228118, -2.250000000000000888 ) ) ;
#2422 = CARTESIAN_POINT ( 'NONE',  ( 11.03226985042036823, -2.474987477922806267, 2.250000000000000444 ) ) ;
#2423 = VERTEX_POINT ( 'NONE', #2294 ) ;
#2424 = CARTESIAN_POINT ( 'NONE',  ( -1.267108578965612242, 5.610954524827644008, 3.433333333333743020 ) ) ;
#2425 = CARTESIAN_POINT ( 'NONE',  ( -15.67073786004443292, -1.539000684474284952, 2.290900704773911833 ) ) ;
#2426 = CARTESIAN_POINT ( 'NONE',  ( 1.683007495882023585, 3.599361813977817182, 5.885435767877190472 ) ) ;
#2427 = VERTEX_POINT ( 'NONE', #2339 ) ;
#2428 = CARTESIAN_POINT ( 'NONE',  ( 14.94466851414152053, 1.486227562788466017, 2.250000000000000444 ) ) ;
#2429 = CARTESIAN_POINT ( 'NONE',  ( -12.28671157032855810, 2.494740686554060449, 0.1867371269386184363 ) ) ;
#2430 = CYLINDRICAL_SURFACE ( 'NONE', #2853, 1.899999999999999689 ) ;
#2431 = CARTESIAN_POINT ( 'NONE',  ( -12.32322468175127206, -2.486470498879998381, 0.5162149148252445086 ) ) ;
#2432 = FACE_OUTER_BOUND ( 'NONE', #3506, .T. ) ;
#2433 = CARTESIAN_POINT ( 'NONE',  ( -19.01058218006744482, 0.4301052630740552218, -2.500000000000000444 ) ) ;
#2434 = EDGE_LOOP ( 'NONE', ( #184, #2995, #3019, #4463 ) ) ;
#2435 = CARTESIAN_POINT ( 'NONE',  ( -13.88253273981766611, -2.074605310825333504, -1.751219825105330807 ) ) ;
#2436 = CARTESIAN_POINT ( 'NONE',  ( -19.88449767545909808, -0.3691230182084115907, 2.479126514951912164 ) ) ;
#2437 = CARTESIAN_POINT ( 'NONE',  ( 24.75000000000000000, 0.000000000000000000, 0.000000000000000000 ) ) ;
#2438 = CARTESIAN_POINT ( 'NONE',  ( -12.32322468175128982, 2.486470498879996605, -0.5162149148252592745 ) ) ;
#2439 = AXIS2_PLACEMENT_3D ( 'NONE', #2865, #2604, #1578 ) ;
#2440 = AXIS2_PLACEMENT_3D ( 'NONE', #4442, #3033, #3715 ) ;
#2441 = DIRECTION ( 'NONE',  ( -0.000000000000000000, -0.000000000000000000, -1.000000000000000000 ) ) ;
#2442 = CARTESIAN_POINT ( 'NONE',  ( -19.86543050901131835, 0.3181054656590568408, 2.484748997949683957 ) ) ;
#2443 = ADVANCED_FACE ( 'NONE', ( #3730 ), #1948, .F. ) ;
#2444 = ORIENTED_EDGE ( 'NONE', *, *, #3161, .T. ) ;
#2445 = ORIENTED_EDGE ( 'NONE', *, *, #4143, .F. ) ;
#2446 = ORIENTED_EDGE ( 'NONE', *, *, #3580, .T. ) ;
#2447 = CARTESIAN_POINT ( 'NONE',  ( -15.60878442930992449, 1.555761092040773175, 2.287187816283798636 ) ) ;
#2448 = CIRCLE ( 'NONE', #3124, 1.000000000000000000 ) ;
#2449 = CARTESIAN_POINT ( 'NONE',  ( 12.18214323516278164, 2.517097924562849531, 0.2129946580306129322 ) ) ;
#2450 = EDGE_CURVE ( 'NONE', #3781, #540, #1316, .T. ) ;
#2451 = CARTESIAN_POINT ( 'NONE',  ( 0.7472212747050821502, 2.352312477981328698, 6.900919700235712995 ) ) ;
#2452 = ORIENTED_EDGE ( 'NONE', *, *, #3811, .T. ) ;
#2453 = AXIS2_PLACEMENT_3D ( 'NONE', #2239, #3320, #4071 ) ;
#2454 = LINE ( 'NONE', #3889, #115 ) ;
#2455 = ADVANCED_FACE ( 'NONE', ( #3749 ), #2067, .T. ) ;
#2456 = CARTESIAN_POINT ( 'NONE',  ( -18.99290911004134941, -0.4990041321755952497, -2.500000000000000888 ) ) ;
#2457 = CARTESIAN_POINT ( 'NONE',  ( 12.74863044616683894, -2.387491447952319490, -0.9862505538982236919 ) ) ;
#2458 = CARTESIAN_POINT ( 'NONE',  ( -12.54560396319207705, -2.472471519983364008, 0.3753115022598382255 ) ) ;
#2459 = CARTESIAN_POINT ( 'NONE',  ( -15.77381990457084626, -1.259746078159557969, 2.500000000000000000 ) ) ;
#2460 = ORIENTED_EDGE ( 'NONE', *, *, #3766, .F. ) ;
#2461 = DIRECTION ( 'NONE',  ( -0.9714216343455955860, 0.2373605028755459423, -1.428410524475383233E-13 ) ) ;
#2462 = DIRECTION ( 'NONE',  ( 0.9184126158110060834, -0.2825884971726172479, 0.2768790501011355598 ) ) ;
#2463 = CARTESIAN_POINT ( 'NONE',  ( 1.844635147185776036, 3.881562023264896411, 5.736414298223603048 ) ) ;
#2464 = CARTESIAN_POINT ( 'NONE',  ( 15.55899245039931778, 1.567630187750446824, -2.284593894601263386 ) ) ;
#2465 = DIRECTION ( 'NONE',  ( 0.9881499919765303064, 0.1534913461950969393, 0.000000000000000000 ) ) ;
#2466 = EDGE_LOOP ( 'NONE', ( #1912, #3863, #3244 ) ) ;
#2467 = EDGE_LOOP ( 'NONE', ( #2950, #4373, #1557, #1678 ) ) ;
#2468 = CARTESIAN_POINT ( 'NONE',  ( 12.54078786519587574, 2.473232492241650426, 0.3702967483104220303 ) ) ;
#2469 = EDGE_CURVE ( 'NONE', #608, #174, #4017, .T. ) ;
#2470 = CARTESIAN_POINT ( 'NONE',  ( 15.01818997635090014, 1.725172314968953291, -2.249999999999999112 ) ) ;
#2471 = DIRECTION ( 'NONE',  ( -0.9881499919765304174, 0.1534913461950969393, 0.000000000000000000 ) ) ;
#2472 = ORIENTED_EDGE ( 'NONE', *, *, #1275, .T. ) ;
#2473 = CARTESIAN_POINT ( 'NONE',  ( -19.04167756442132031, -0.5469306280626993200, -2.476364396979117810 ) ) ;
#2474 = CARTESIAN_POINT ( 'NONE',  ( 16.06452596313853221, 2.449489742783177881, -2.500000000000000000 ) ) ;
#2475 = CARTESIAN_POINT ( 'NONE',  ( -12.75360587204042417, -2.438774963180573963, -0.5526651272999815179 ) ) ;
#2476 = AXIS2_PLACEMENT_3D ( 'NONE', #3839, #2334, #2057 ) ;
#2477 = DIRECTION ( 'NONE',  ( 1.000000000000000000, 0.000000000000000000, 0.000000000000000000 ) ) ;
#2478 = VERTEX_POINT ( 'NONE', #1662 ) ;
#2479 = CARTESIAN_POINT ( 'NONE',  ( 14.69179196195495862, -2.051335311039647724, 1.446800454728412566 ) ) ;
#2480 = B_SPLINE_CURVE_WITH_KNOTS ( 'NONE', 3,
 ( #820, #1605, #4447, #1199, #4045, #3673, #1221, #4350, #3645, #1865 ),
 .UNSPECIFIED., .F., .F.,
 ( 4, 2, 2, 2, 4 ),
 ( 0.000000000000000000, 0.001239372065399672309, 0.002478744130799344619, 0.003718116196199016711, 0.004957488261598689237 ),
 .UNSPECIFIED. ) ;
#2481 = FACE_OUTER_BOUND ( 'NONE', #234, .T. ) ;
#2482 = CARTESIAN_POINT ( 'NONE',  ( -1.919307898347269781, 5.158549634006413420, 4.041883719026732713 ) ) ;
#2483 = EDGE_CURVE ( 'NONE', #3477, #305, #566, .T. ) ;
#2484 = DESIGN_CONTEXT ( 'detailed design', #1111, 'design' ) ;
#2485 = CARTESIAN_POINT ( 'NONE',  ( 15.28738770794583779, 1.642342243708973859, -2.267973411581427623 ) ) ;
#2486 = FACE_OUTER_BOUND ( 'NONE', #3585, .T. ) ;
#2487 = ORIENTED_EDGE ( 'NONE', *, *, #3022, .F. ) ;
#2488 = ORIENTED_EDGE ( 'NONE', *, *, #3968, .F. ) ;
#2489 = CARTESIAN_POINT ( 'NONE',  ( 12.45979362724643558, 2.455742739102161565, -0.6992279231534578310 ) ) ;
#2490 = CARTESIAN_POINT ( 'NONE',  ( 12.51878185960651457, 2.442196843928992944, 0.7645712394897870023 ) ) ;
#2491 = CARTESIAN_POINT ( 'NONE',  ( 1.337525506363431038, 2.869996465156546606, 6.510648268345764933 ) ) ;
#2492 = ORIENTED_EDGE ( 'NONE', *, *, #2357, .T. ) ;
#2493 = CARTESIAN_POINT ( 'NONE',  ( -19.83342403763409578, -0.2737909059117654142, -2.500000000000000444 ) ) ;
#2494 = ADVANCED_FACE ( 'NONE', ( #3994 ), #796, .F. ) ;
#2495 = ORIENTED_EDGE ( 'NONE', *, *, #3028, .T. ) ;
#2496 = CARTESIAN_POINT ( 'NONE',  ( 12.18512076645479425, -2.516461656922417411, 0.2228526950171476062 ) ) ;
#2497 = CARTESIAN_POINT ( 'NONE',  ( -16.22972041366887908, -1.387969527576146112, 2.345931927244464088 ) ) ;
#2498 = CARTESIAN_POINT ( 'NONE',  ( -16.64229904359726575, 1.289442362248261364, 2.348787546751574418 ) ) ;
#2499 = CARTESIAN_POINT ( 'NONE',  ( 20.25483595700107387, 0.1845797784857809709, -2.499999999999999556 ) ) ;
#2500 = EDGE_CURVE ( 'NONE', #1250, #4281, #487, .T. ) ;
#2501 = DIRECTION ( 'NONE',  ( -1.000000000000000000, -0.000000000000000000, -0.000000000000000000 ) ) ;
#2502 = CARTESIAN_POINT ( 'NONE',  ( 1.559488541161738739, 4.783586754130931595, 4.572285898372730806 ) ) ;
#2503 = CARTESIAN_POINT ( 'NONE',  ( 1.564655860199358539, 3.044488020366992842, 6.450650703248596685 ) ) ;
#2504 = B_SPLINE_CURVE_WITH_KNOTS ( 'NONE', 3,
 ( #3594, #3916, #1119, #741, #1429, #3240 ),
 .UNSPECIFIED., .F., .F.,
 ( 4, 2, 4 ),
 ( 0.000000000000000000, 0.002514224739041510948, 0.005028449478083021895 ),
 .UNSPECIFIED. ) ;
#2505 = DIRECTION ( 'NONE',  ( 0.4699767530242041635, 0.000000000000000000, -0.8826787930027696349 ) ) ;
#2506 = FACE_OUTER_BOUND ( 'NONE', #3380, .T. ) ;
#2507 = ORIENTED_EDGE ( 'NONE', *, *, #4499, .T. ) ;
#2508 =( BOUNDED_CURVE ( )  B_SPLINE_CURVE ( 3, ( #2624, #1194, #1883, #4085 ),
 .UNSPECIFIED., .F., .F. ) 
 B_SPLINE_CURVE_WITH_KNOTS ( ( 4, 4 ),
 ( 0.5240012602887429427, 0.6982224733625593815 ),
 .UNSPECIFIED. ) 
 CURVE ( )  GEOMETRIC_REPRESENTATION_ITEM ( )  RATIONAL_B_SPLINE_CURVE ( ( 1.000000000000000000, 0.9974721798288450625, 0.9974721798288450625, 1.000000000000000000 ) ) 
 REPRESENTATION_ITEM ( '' )  );
#2509 = VERTEX_POINT ( 'NONE', #1960 ) ;
#2510 = CIRCLE ( 'NONE', #2969, 0.9500000000000001776 ) ;
#2511 = CARTESIAN_POINT ( 'NONE',  ( 12.99562152375058588, 2.397546808432248877, 0.7101291076347756581 ) ) ;
#2512 = CARTESIAN_POINT ( 'NONE',  ( 13.16523814817274918, 2.281614088821652953, 1.310772239002488515 ) ) ;
#2513 = TOROIDAL_SURFACE ( 'NONE', #2222, 5.250000000000000000, 0.2500000000000000000 ) ;
#2514 = CARTESIAN_POINT ( 'NONE',  ( -12.43558860389514820, 2.461571357272429150, -0.4491860457788408034 ) ) ;
#2515 = AXIS2_PLACEMENT_3D ( 'NONE', #3256, #50, #2928 ) ;
#2516 = DIRECTION ( 'NONE',  ( -0.9881499919765303064, 0.1534913461950969393, 0.000000000000000000 ) ) ;
#2517 = EDGE_LOOP ( 'NONE', ( #3806, #501, #4539 ) ) ;
#2518 = AXIS2_PLACEMENT_3D ( 'NONE', #147, #3631, #759 ) ;
#2519 = AXIS2_PLACEMENT_3D ( 'NONE', #3440, #205, #4516 ) ;
#2520 = EDGE_LOOP ( 'NONE', ( #1080, #2782, #4580, #1461 ) ) ;
#2521 = ORIENTED_EDGE ( 'NONE', *, *, #4658, .T. ) ;
#2522 = CARTESIAN_POINT ( 'NONE',  ( 12.99963962741987267, -2.324972455801468829, 1.193394268085385734 ) ) ;
#2523 = CARTESIAN_POINT ( 'NONE',  ( -13.70202992429975275, -2.130144638676998436, -1.650306864093564529 ) ) ;
#2524 = DIRECTION ( 'NONE',  ( 0.000000000000000000, 0.000000000000000000, -1.000000000000000000 ) ) ;
#2525 = ORIENTED_EDGE ( 'NONE', *, *, #3947, .F. ) ;
#2526 = CARTESIAN_POINT ( 'NONE',  ( -16.06452596313858550, -1.749635530559401353, 1.785714285714297578 ) ) ;
#2527 = CARTESIAN_POINT ( 'NONE',  ( 8.058162930698971493, -3.189959577880047359, 2.250000000000000888 ) ) ;
#2528 = CARTESIAN_POINT ( 'NONE',  ( 15.77381990457075389, 1.259746078159581062, 2.500000000000000444 ) ) ;
#2529 = CARTESIAN_POINT ( 'NONE',  ( -0.2203024333287042780, 2.043948518036152073, 7.144552815093633491 ) ) ;
#2530 = EDGE_CURVE ( 'NONE', #2032, #2847, #800, .T. ) ;
#2531 = DIRECTION ( 'NONE',  ( -0.1534913461950967450, 0.9881499919765304174, 0.000000000000000000 ) ) ;
#2532 = CARTESIAN_POINT ( 'NONE',  ( 15.21861771911655481, 1.401935499719225708, -2.500000000000000000 ) ) ;
#2533 = ORIENTED_EDGE ( 'NONE', *, *, #4663, .T. ) ;
#2534 = ORIENTED_EDGE ( 'NONE', *, *, #2059, .F. ) ;
#2535 = CARTESIAN_POINT ( 'NONE',  ( 12.27088406181650448, 2.497919058051252694, -0.4308616036097165924 ) ) ;
#2536 = ADVANCED_FACE ( 'NONE', ( #3321 ), #3396, .T. ) ;
#2537 = CARTESIAN_POINT ( 'NONE',  ( 17.44379202975107646, 1.044582608126195744, -2.403803285919067001 ) ) ;
#2538 = CARTESIAN_POINT ( 'NONE',  ( -12.39248711081538978, 2.496237148862063382, 0.1558465374634400713 ) ) ;
#2539 =( BOUNDED_SURFACE ( )  B_SPLINE_SURFACE ( 3, 2, ( 
 ( #729, #44, #2170 ),
 ( #3675, #1823, #1460 ),
 ( #91, #4330, #4047 ),
 ( #2610, #4403, #3971 ),
 ( #3996, #1487, #4352 ),
 ( #2565, #1513, #2945 ),
 ( #4377, #2588, #656 ),
 ( #273, #983, #1201 ),
 ( #4073, #3828, #118 ),
 ( #1002, #2769, #4561 ) ),
 .UNSPECIFIED., .F., .F., .F. ) 
 B_SPLINE_SURFACE_WITH_KNOTS ( ( 4, 2, 2, 2, 4 ),
 ( 3, 3 ),
 ( 4.218223658544100006E-05, 0.0001266057408950269547, 0.0002110292452046129094, 0.0003798762538237848187, 0.0007175702710621286373 ),
 ( 0.000000000000000000, 1.000000000000000000 ),
 .UNSPECIFIED. ) 
 GEOMETRIC_REPRESENTATION_ITEM ( )  RATIONAL_B_SPLINE_SURFACE ( (
 ( 1.000000000000000000, 0.3223282928008603943, 1.000000000000000000),
 ( 1.000000000000000000, 0.3515079328383537427, 1.000000000000000000),
 ( 1.000000000000000000, 0.3808797009576684878, 1.000000000000000000),
 ( 1.000000000000000000, 0.4373371254770214711, 1.000000000000000000),
 ( 1.000000000000000000, 0.4642296548474932338, 1.000000000000000000),
 ( 1.000000000000000000, 0.5392356494989681837, 1.000000000000000000),
 ( 1.000000000000000000, 0.5835436059588695601, 1.000000000000000000),
 ( 1.000000000000000000, 0.7019176580148284161, 1.000000000000000000),
 ( 1.000000000000000000, 0.7640105918182438227, 1.000000000000000000),
 ( 1.000000000000000000, 0.8164965809249077333, 1.000000000000000000) ) ) 
 REPRESENTATION_ITEM ( '' )  SURFACE ( )  );
#2540 = CYLINDRICAL_SURFACE ( 'NONE', #3608, 0.2500000000000001110 ) ;
#2541 = ORIENTED_EDGE ( 'NONE', *, *, #1949, .F. ) ;
#2542 = EDGE_CURVE ( 'NONE', #3620, #2847, #1576, .T. ) ;
#2543 = DIRECTION ( 'NONE',  ( 0.2940858488375239777, -0.9557790087219497632, 1.734723475976806306E-15 ) ) ;
#2544 = VERTEX_POINT ( 'NONE', #3720 ) ;
#2545 = CARTESIAN_POINT ( 'NONE',  ( 14.94466851414152053, 1.486227562788466683, 2.500000000000000000 ) ) ;
#2546 = CARTESIAN_POINT ( 'NONE',  ( -18.79254616729903304, -0.8737779896258084378, 2.348171783531815215 ) ) ;
#2547 = CARTESIAN_POINT ( 'NONE',  ( -14.69347916059988712, -2.050964498150324111, 1.447442124922628359 ) ) ;
#2548 = CARTESIAN_POINT ( 'NONE',  ( 15.83196111628431346, -1.497694811084301580, 2.299999999999986056 ) ) ;
#2549 = AXIS2_PLACEMENT_3D ( 'NONE', #4131, #2743, #4182 ) ;
#2550 = APPROVAL_STATUS ( 'not_yet_approved' ) ;
#2551 = DIRECTION ( 'NONE',  ( 0.9881499919765303064, 0.1534913461950969393, 0.000000000000000000 ) ) ;
#2552 = CARTESIAN_POINT ( 'NONE',  ( 0.8170708155572261600, 2.395469469036615173, 6.952001458769311526 ) ) ;
#2553 = DIRECTION ( 'NONE',  ( 0.8518212536923538414, 0.2620988472899543065, -0.4535468509506643819 ) ) ;
#2554 = AXIS2_PLACEMENT_3D ( 'NONE', #704, #3840, #3887 ) ;
#2555 = CARTESIAN_POINT ( 'NONE',  ( 1.207600072339991781, 5.449926794488569648, 3.599999999999999645 ) ) ;
#2556 = DIRECTION ( 'NONE',  ( 1.000000000000000000, 0.000000000000000000, 0.000000000000000000 ) ) ;
#2557 = AXIS2_PLACEMENT_3D ( 'NONE', #3933, #1026, #319 ) ;
#2558 = ORIENTED_EDGE ( 'NONE', *, *, #4258, .F. ) ;
#2559 = EDGE_CURVE ( 'NONE', #2427, #1795, #1013, .T. ) ;
#2560 = EDGE_CURVE ( 'NONE', #1816, #853, #3637, .T. ) ;
#2561 = ORIENTED_EDGE ( 'NONE', *, *, #285, .T. ) ;
#2562 = CARTESIAN_POINT ( 'NONE',  ( 12.75958439183747295, 2.437783573334794784, -0.5570247446212485132 ) ) ;
#2563 = CARTESIAN_POINT ( 'NONE',  ( -8.058162930698971493, -3.189959577880047359, 2.250000000000000888 ) ) ;
#2564 = CARTESIAN_POINT ( 'NONE',  ( -13.88253273981738900, 2.074605310825415661, -1.751219825105182037 ) ) ;
#2565 = CARTESIAN_POINT ( 'NONE',  ( -1.498381937021540544, 5.356986059679456069, 3.535799497114238577 ) ) ;
#2566 = ADVANCED_FACE ( 'NONE', ( #1176 ), #2587, .T. ) ;
#2567 = ORIENTED_EDGE ( 'NONE', *, *, #197, .T. ) ;
#2568 =( BOUNDED_SURFACE ( )  B_SPLINE_SURFACE ( 3, 2, ( 
 ( #3712, #1526, #3008 ),
 ( #1192, #3754, #4439 ),
 ( #884, #4418, #486 ),
 ( #2935, #461, #2668 ),
 ( #1214, #813, #81 ),
 ( #3734, #3366, #1551 ) ),
 .UNSPECIFIED., .F., .F., .F. ) 
 B_SPLINE_SURFACE_WITH_KNOTS ( ( 4, 2, 4 ),
 ( 3, 3 ),
 ( -3.556183125752454544E-17, 0.002506048180549228649, 0.005012096361098492860 ),
 ( 0.000000000000000000, 1.000000000000000000 ),
 .UNSPECIFIED. ) 
 GEOMETRIC_REPRESENTATION_ITEM ( )  RATIONAL_B_SPLINE_SURFACE ( (
 ( 1.000000000000000000, 0.7745966692414902877, 1.000000000000000000),
 ( 1.000000000000000000, 0.8377268153092936043, 1.000000000000000000),
 ( 1.000000000000000000, 0.8954944063763021767, 1.000000000000000000),
 ( 1.000000000000000000, 0.9769270073278593092, 1.000000000000000000),
 ( 1.000000000000000000, 1.000317017015292853, 1.000000000000000000),
 ( 1.000000000000000000, 1.000000000000000000, 1.000000000000000000) ) ) 
 REPRESENTATION_ITEM ( '' )  SURFACE ( )  );
#2569 = CARTESIAN_POINT ( 'NONE',  ( 14.69179196195423920, 2.051335311039265363, -1.446800454729073371 ) ) ;
#2570 = EDGE_CURVE ( 'NONE', #700, #619, #3539, .T. ) ;
#2571 = EDGE_LOOP ( 'NONE', ( #4394, #1886, #3298 ) ) ;
#2572 = CYLINDRICAL_SURFACE ( 'NONE', #1396, 2.500000000000000000 ) ;
#2573 = CARTESIAN_POINT ( 'NONE',  ( 15.83196111628438274, -1.497694811084282041, 2.300000000000000266 ) ) ;
#2574 = CARTESIAN_POINT ( 'NONE',  ( 15.28614106449013299, 1.642725826310729831, -2.267890177407663188 ) ) ;
#2575 = DIRECTION ( 'NONE',  ( -0.000000000000000000, -0.000000000000000000, -1.000000000000000000 ) ) ;
#2576 = COORDINATED_UNIVERSAL_TIME_OFFSET ( 5, 30, .AHEAD. ) ;
#2577 = CARTESIAN_POINT ( 'NONE',  ( 20.22984999193888811, -0.1365435918677442295, 2.499999999999252154 ) ) ;
#2578 = CARTESIAN_POINT ( 'NONE',  ( 1.662682570193259268, 3.231769780106513057, 6.300746059694136925 ) ) ;
#2579 = CARTESIAN_POINT ( 'NONE',  ( 14.17661858865518987, -2.164560228248059826, -1.250871303646665211 ) ) ;
#2580 = CARTESIAN_POINT ( 'NONE',  ( -11.03226985042036823, -2.474987477922806267, -2.250000000000000888 ) ) ;
#2581 = EDGE_LOOP ( 'NONE', ( #2638, #2023, #895, #13 ) ) ;
#2582 = ORIENTED_EDGE ( 'NONE', *, *, #1263, .F. ) ;
#2583 = CARTESIAN_POINT ( 'NONE',  ( -14.17661858865518809, 2.164560228248057605, -1.250871303646669430 ) ) ;
#2584 = EDGE_CURVE ( 'NONE', #1482, #761, #2510, .T. ) ;
#2585 = PLANE ( 'NONE',  #2453 ) ;
#2586 = ADVANCED_FACE ( 'NONE', ( #3700 ), #3807, .F. ) ;
#2587 = CYLINDRICAL_SURFACE ( 'NONE', #2891, 0.2500000000000001110 ) ;
#2588 = CARTESIAN_POINT ( 'NONE',  ( -1.476336687578787776, 5.491766190929764591, 3.612016441520500276 ) ) ;
#2589 = CIRCLE ( 'NONE', #562, 1.800000000000000044 ) ;
#2590 = VERTEX_POINT ( 'NONE', #4586 ) ;
#2591 = AXIS2_PLACEMENT_3D ( 'NONE', #928, #2359, #212 ) ;
#2592 = FACE_OUTER_BOUND ( 'NONE', #1980, .T. ) ;
#2593 = EDGE_CURVE ( 'NONE', #2745, #4169, #1267, .T. ) ;
#2594 = CARTESIAN_POINT ( 'NONE',  ( 14.17661858865518987, 2.164560228248059826, 1.250871303646665211 ) ) ;
#2595 = CIRCLE ( 'NONE', #1240, 0.2499999999999999445 ) ;
#2596 = ORIENTED_EDGE ( 'NONE', *, *, #506, .T. ) ;
#2597 = CARTESIAN_POINT ( 'NONE',  ( 1.126494695778222477, 5.389278707620839270, 3.588790944245791259 ) ) ;
#2598 = CARTESIAN_POINT ( 'NONE',  ( -16.64229932410990287, -1.289442290158036464, 2.348787563640235998 ) ) ;
#2599 = CARTESIAN_POINT ( 'NONE',  ( -12.97230039938245483, 2.401999919866585120, -0.6996259650533321883 ) ) ;
#2600 = CARTESIAN_POINT ( 'NONE',  ( 16.87074907635977539, -1.555346748633307685, 1.962830243799197349 ) ) ;
#2601 = CARTESIAN_POINT ( 'NONE',  ( -0.7181265275187098673, 2.114135419458723408, 7.078130604340816312 ) ) ;
#2602 = B_SPLINE_CURVE_WITH_KNOTS ( 'NONE', 3,
 ( #3263, #791, #2234, #1479, #488, #1141 ),
 .UNSPECIFIED., .F., .F.,
 ( 4, 2, 4 ),
 ( 0.000000000000000000, 0.002514224739041510080, 0.005028449478083020160 ),
 .UNSPECIFIED. ) ;
#2603 = CARTESIAN_POINT ( 'NONE',  ( 15.77381990457075389, -1.259746078159580840, -2.500000000000000000 ) ) ;
#2604 = DIRECTION ( 'NONE',  ( -0.000000000000000000, -0.000000000000000000, -1.000000000000000000 ) ) ;
#2605 = CARTESIAN_POINT ( 'NONE',  ( 15.27185534967080649, -1.629046572555174155, 2.500000000000359268 ) ) ;
#2606 = VERTEX_POINT ( 'NONE', #1314 ) ;
#2607 = VERTEX_POINT ( 'NONE', #1723 ) ;
#2608 = DIRECTION ( 'NONE',  ( -0.000000000000000000, -0.000000000000000000, -1.000000000000000000 ) ) ;
#2609 = DIRECTION ( 'NONE',  ( 0.000000000000000000, 0.000000000000000000, -1.000000000000000000 ) ) ;
#2610 = CARTESIAN_POINT ( 'NONE',  ( -1.571086482232646686, 5.303193871015078997, 3.562277029332339584 ) ) ;
#2611 = ORIENTED_EDGE ( 'NONE', *, *, #506, .F. ) ;
#2612 = CARTESIAN_POINT ( 'NONE',  ( 12.18660158051977760, -2.516148034411774592, 0.2285925086428557129 ) ) ;
#2613 = CARTESIAN_POINT ( 'NONE',  ( 12.37908795793797090, 2.498250832608064798, 0.1037346987360806411 ) ) ;
#2614 = VERTEX_POINT ( 'NONE', #204 ) ;
#2615 = ORIENTED_EDGE ( 'NONE', *, *, #4400, .F. ) ;
#2616 = CARTESIAN_POINT ( 'NONE',  ( 1.013755851350142123, 5.641987185744612887, 3.486488827195814988 ) ) ;
#2617 = CARTESIAN_POINT ( 'NONE',  ( -20.62500000000000000, 0.000000000000000000, 2.500000000000000000 ) ) ;
#2618 = CARTESIAN_POINT ( 'NONE',  ( -0.1846507328338020670, 4.014086380134340715, 7.500000000000000000 ) ) ;
#2619 = DIRECTION ( 'NONE',  ( 0.000000000000000000, -0.000000000000000000, -1.000000000000000000 ) ) ;
#2620 = COORDINATED_UNIVERSAL_TIME_OFFSET ( 5, 30, .AHEAD. ) ;
#2621 = CARTESIAN_POINT ( 'NONE',  ( -19.13889244685700675, 0.7200303368510558855, 2.400807611626978755 ) ) ;
#2622 = CARTESIAN_POINT ( 'NONE',  ( 1.642176642275179788, 3.483748819698602173, 5.988134472644412121 ) ) ;
#2623 = AXIS2_PLACEMENT_3D ( 'NONE', #129, #835, #1573 ) ;
#2624 = CARTESIAN_POINT ( 'NONE',  ( 13.88253273981766611, 2.074605310825333504, -1.751219825105336136 ) ) ;
#2625 = CARTESIAN_POINT ( 'NONE',  ( 14.94466851414152586, -1.486227562788464462, 2.500000000000000444 ) ) ;
#2626 = ORIENTED_EDGE ( 'NONE', *, *, #3743, .F. ) ;
#2627 = EDGE_CURVE ( 'NONE', #1795, #545, #3150, .T. ) ;
#2628 = ORIENTED_EDGE ( 'NONE', *, *, #4170, .F. ) ;
#2629 = AXIS2_PLACEMENT_3D ( 'NONE', #4381, #3678, #1898 ) ;
#2630 = FACE_OUTER_BOUND ( 'NONE', #3013, .T. ) ;
#2631 = FACE_OUTER_BOUND ( 'NONE', #887, .T. ) ;
#2632 = CARTESIAN_POINT ( 'NONE',  ( -14.17661858865518987, 2.164560228248059826, 1.250871303646665433 ) ) ;
#2633 = CIRCLE ( 'NONE', #453, 0.2500000000000004996 ) ;
#2634 = CARTESIAN_POINT ( 'NONE',  ( -18.76478540632441749, -0.8857044216658488400, 2.343709057253289263 ) ) ;
#2635 = ORIENTED_EDGE ( 'NONE', *, *, #1643, .F. ) ;
#2636 = CARTESIAN_POINT ( 'NONE',  ( 12.27088406181659153, -2.497919058051235819, 0.4308616036096858393 ) ) ;
#2637 = DIRECTION ( 'NONE',  ( -0.9881499919765303064, -0.1534913461950969393, -0.000000000000000000 ) ) ;
#2638 = ORIENTED_EDGE ( 'NONE', *, *, #434, .T. ) ;
#2639 = CARTESIAN_POINT ( 'NONE',  ( -17.44531805577653216, -1.055017192353572941, 2.400057332312767855 ) ) ;
#2640 = FACE_OUTER_BOUND ( 'NONE', #3341, .T. ) ;
#2641 = ADVANCED_FACE ( 'NONE', ( #635 ), #4188, .F. ) ;
#2642 = FACE_OUTER_BOUND ( 'NONE', #949, .T. ) ;
#2643 = CARTESIAN_POINT ( 'NONE',  ( 15.01818997635090192, -1.725172314968952403, 2.250000000000000000 ) ) ;
#2644 = CARTESIAN_POINT ( 'NONE',  ( 1.213766443257043193, 2.723443025157698649, 6.625578251240272110 ) ) ;
#2645 = CARTESIAN_POINT ( 'NONE',  ( 13.82481130021693261, -2.241880511421301403, -1.117073038944485175 ) ) ;
#2646 = DIRECTION ( 'NONE',  ( -0.2940858488375206470, 0.9557790087219508735, 0.000000000000000000 ) ) ;
#2647 = EDGE_CURVE ( 'NONE', #3850, #3679, #2971, .T. ) ;
#2648 = CARTESIAN_POINT ( 'NONE',  ( 24.75000000000000000, 0.000000000000000000, 0.000000000000000000 ) ) ;
#2649 = B_SPLINE_CURVE_WITH_KNOTS ( 'NONE', 3,
 ( #2671, #2765, #3097, #3825 ),
 .UNSPECIFIED., .F., .F.,
 ( 4, 4 ),
 ( 0.000000000000000000, 0.0008595308109149241366 ),
 .UNSPECIFIED. ) ;
#2650 = ORIENTED_EDGE ( 'NONE', *, *, #2570, .F. ) ;
#2651 = VERTEX_POINT ( 'NONE', #2398 ) ;
#2652 = CARTESIAN_POINT ( 'NONE',  ( 8.825619661674457106, -8.130709537762699668, 2.500000000000000000 ) ) ;
#2653 = DIRECTION ( 'NONE',  ( -0.9557790087219500963, 0.2940858488375230895, 0.000000000000000000 ) ) ;
#2654 = EDGE_CURVE ( 'NONE', #1876, #3620, #1081, .T. ) ;
#2655 = CARTESIAN_POINT ( 'NONE',  ( -13.43132697264464781, 2.318302032987967554, 0.9399201392968953295 ) ) ;
#2656 = CARTESIAN_POINT ( 'NONE',  ( 15.01818997635090014, -1.725172314968953291, -2.249999999999999112 ) ) ;
#2657 = ORIENTED_EDGE ( 'NONE', *, *, #4052, .T. ) ;
#2658 = CARTESIAN_POINT ( 'NONE',  ( 13.98788730104559264, -2.206039631057107986, 1.179093603294761206 ) ) ;
#2659 = CYLINDRICAL_SURFACE ( 'NONE', #4505, 2.500000000000000000 ) ;
#2660 = EDGE_LOOP ( 'NONE', ( #3167, #1672, #2153, #3739 ) ) ;
#2661 = AXIS2_PLACEMENT_3D ( 'NONE', #1583, #799, #868 ) ;
#2662 = AXIS2_PLACEMENT_3D ( 'NONE', #3242, #3575, #1794 ) ;
#2663 = CARTESIAN_POINT ( 'NONE',  ( -18.71584004920476829, 0.7654929993389378851, -2.386671735392360549 ) ) ;
#2664 = CARTESIAN_POINT ( 'NONE',  ( -17.44652770891942950, 1.054649202266797037, 2.400126150653640877 ) ) ;
#2665 = CARTESIAN_POINT ( 'NONE',  ( -8.058162930698971493, 3.189959577880047359, -2.250000000000000888 ) ) ;
#2666 = CARTESIAN_POINT ( 'NONE',  ( 18.64503537227431451, -0.6709590886328082870, 2.458588103113019230 ) ) ;
#2667 = CARTESIAN_POINT ( 'NONE',  ( 13.80901127760828651, -1.835660558644846008, 2.250000000000000444 ) ) ;
#2668 = CARTESIAN_POINT ( 'NONE',  ( -19.04167559374234031, -0.5469312201194780343, 2.476364280047181676 ) ) ;
#2669 = EDGE_CURVE ( 'NONE', #3125, #2590, #564, .T. ) ;
#2670 = VECTOR ( 'NONE', #4617, 1000.000000000000000 ) ;
#2671 = CARTESIAN_POINT ( 'NONE',  ( -14.94466851414152408, 1.486227562788465129, -2.500000000000000000 ) ) ;
#2672 = CARTESIAN_POINT ( 'NONE',  ( 0.000000000000000000, 0.000000000000000000, 2.500000000000000000 ) ) ;
#2673 = AXIS2_PLACEMENT_3D ( 'NONE', #862, #3289, #56 ) ;
#2674 = EDGE_LOOP ( 'NONE', ( #3990, #2705, #956 ) ) ;
#2675 = ORIENTED_EDGE ( 'NONE', *, *, #3862, .T. ) ;
#2676 = CARTESIAN_POINT ( 'NONE',  ( 13.65213643973978996, 2.145346156840088447, 1.307903226120072704 ) ) ;
#2677 = CARTESIAN_POINT ( 'NONE',  ( -17.93777057993065682, -1.028669704029451237, -2.288844333386344854 ) ) ;
#2678 = CARTESIAN_POINT ( 'NONE',  ( 8.825619661674457106, -8.130709537762699668, -2.250000000000000888 ) ) ;
#2679 = ORIENTED_EDGE ( 'NONE', *, *, #3973, .T. ) ;
#2680 = EDGE_CURVE ( 'NONE', #2128, #4562, #939, .T. ) ;
#2681 = CARTESIAN_POINT ( 'NONE',  ( 14.01569931280399572, -2.033630980675689592, 1.477436771399732951 ) ) ;
#2682 = CARTESIAN_POINT ( 'NONE',  ( 0.000000000000000000, 0.000000000000000000, -2.250000000000000888 ) ) ;
#2683 = ORIENTED_EDGE ( 'NONE', *, *, #3998, .T. ) ;
#2684 = EDGE_CURVE ( 'NONE', #3189, #3587, #4542, .T. ) ;
#2685 = CARTESIAN_POINT ( 'NONE',  ( -17.93777185321670586, 1.028671560488491510, -2.288843369348394940 ) ) ;
#2686 = CARTESIAN_POINT ( 'NONE',  ( -15.28614106449013299, 1.642725826310729831, -2.267890177407663188 ) ) ;
#2687 = CARTESIAN_POINT ( 'NONE',  ( -13.47470268547232131, 2.311399678563223148, 0.9712216892265804757 ) ) ;
#2688 =( BOUNDED_SURFACE ( )  B_SPLINE_SURFACE ( 3, 2, ( 
 ( #1138, #3732, #3663 ),
 ( #3385, #2984, #151 ),
 ( #4458, #511, #2600 ),
 ( #3634, #1596, #411 ),
 ( #3029, #1230, #3286 ),
 ( #2666, #1905, #435 ),
 ( #764, #53, #2204 ),
 ( #1498, #1856, #4365 ),
 ( #2577, #4008, #787 ),
 ( #1930, #1212, #3689 ) ),
 .UNSPECIFIED., .F., .F., .F. ) 
 B_SPLINE_SURFACE_WITH_KNOTS ( ( 4, 2, 2, 2, 4 ),
 ( 3, 3 ),
 ( 0.006071148258653430441, 0.007398017313136694313, 0.008724886367619958186, 0.01005175542210322293, 0.01137862447658648593 ),
 ( 0.2153179211703261098, 1.000000000000000000 ),
 .UNSPECIFIED. ) 
 GEOMETRIC_REPRESENTATION_ITEM ( )  RATIONAL_B_SPLINE_SURFACE ( (
 ( 0.9707651790895084343, 0.9321124299556896586, 1.000000000000000000),
 ( 0.9757130779720573077, 0.9436021816114166239, 1.000000000000000000),
 ( 0.9799549964071327945, 0.9534525424453389464, 1.000000000000000000),
 ( 0.9872224386242531846, 0.9703286161544373289, 1.000000000000000000),
 ( 0.9902532454249457494, 0.9773665969788364327, 1.000000000000000000),
 ( 0.9951014585398642032, 0.9886248635656739170, 1.000000000000000000),
 ( 0.9969283489586455715, 0.9928671728190132661, 1.000000000000000000),
 ( 0.9993836114062469855, 0.9985686546888371540, 1.000000000000000000),
 ( 0.9999999698160754180, 0.9999999299084709747, 1.000000000000000000),
 ( 1.000000000000000000, 1.000000000000000000, 1.000000000000000000) ) ) 
 REPRESENTATION_ITEM ( '' )  SURFACE ( )  );
#2689 = CARTESIAN_POINT ( 'NONE',  ( 16.47222280646357717, 1.660031827966151008, 1.873507625881321470 ) ) ;
#2690 = CARTESIAN_POINT ( 'NONE',  ( -2.066682265130696194, 4.317274597501915778, 4.948821860599539768 ) ) ;
#2691 = CARTESIAN_POINT ( 'NONE',  ( -13.88253273981766256, -2.074605310825330839, 1.751219825105335914 ) ) ;
#2692 = DIRECTION ( 'NONE',  ( 0.000000000000000000, -0.000000000000000000, -1.000000000000000000 ) ) ;
#2693 = CARTESIAN_POINT ( 'NONE',  ( -24.75000000000000000, 0.000000000000000000, -1.250000000000000000 ) ) ;
#2694 = APPROVAL ( #4387, 'UNSPECIFIED' ) ;
#2695 = ADVANCED_FACE ( 'NONE', ( #3810 ), #1278, .T. ) ;
#2696 = EDGE_LOOP ( 'NONE', ( #1632, #2237, #1514 ) ) ;
#2697 = VERTEX_POINT ( 'NONE', #4633 ) ;
#2698 = CARTESIAN_POINT ( 'NONE',  ( -15.01818997635090902, -1.725172314968952181, 2.499999999999999556 ) ) ;
#2699 = CIRCLE ( 'NONE', #3081, 0.2499999999999999445 ) ;
#2700 = DIRECTION ( 'NONE',  ( -0.1534913461950991320, -0.9881499919765299733, 0.000000000000000000 ) ) ;
#2701 = CARTESIAN_POINT ( 'NONE',  ( -17.39682752338321237, -0.8631748150213855997, 2.500000000000000000 ) ) ;
#2702 = EDGE_CURVE ( 'NONE', #1379, #584, #2913, .T. ) ;
#2703 = AXIS2_PLACEMENT_3D ( 'NONE', #2404, #310, #1781 ) ;
#2704 = DIRECTION ( 'NONE',  ( -0.000000000000000000, 0.000000000000000000, -1.000000000000000000 ) ) ;
#2705 = ORIENTED_EDGE ( 'NONE', *, *, #2021, .F. ) ;
#2706 = CARTESIAN_POINT ( 'NONE',  ( 0.6237048256047436068, 5.622365364373498764, 3.499999999999908518 ) ) ;
#2707 = AXIS2_PLACEMENT_3D ( 'NONE', #2312, #1608, #69 ) ;
#2708 = LINE ( 'NONE', #4593, #154 ) ;
#2709 = CARTESIAN_POINT ( 'NONE',  ( -13.47345587384019083, -2.311661680238950467, 0.9708453533794072499 ) ) ;
#2710 = EDGE_LOOP ( 'NONE', ( #1308, #3837, #516, #2611, #2567, #3420 ) ) ;
#2711 = CARTESIAN_POINT ( 'NONE',  ( 19.83342671261641854, -0.2737915602401884141, 2.500000000000003109 ) ) ;
#2712 = CARTESIAN_POINT ( 'NONE',  ( -16.56504028873315093, 1.237010219683667422, 2.500000000000000444 ) ) ;
#2713 = EDGE_CURVE ( 'NONE', #3252, #4087, #1967, .T. ) ;
#2714 = CARTESIAN_POINT ( 'NONE',  ( 13.88253273981766611, -2.074605310825333504, -2.250000000000000888 ) ) ;
#2715 = DIRECTION ( 'NONE',  ( 1.000000000000000000, -0.000000000000000000, -0.000000000000000000 ) ) ;
#2716 = DIRECTION ( 'NONE',  ( 0.9557790087219500963, -0.2940858488375230895, -0.000000000000000000 ) ) ;
#2717 = CARTESIAN_POINT ( 'NONE',  ( -13.30122068519373357, -2.245162658867012162, 1.121188275711065163 ) ) ;
#2718 = CARTESIAN_POINT ( 'NONE',  ( -15.17233545036443054, -1.677742938350710977, -1.907072287093360519 ) ) ;
#2719 =( BOUNDED_CURVE ( )  B_SPLINE_CURVE ( 3, ( #1406, #3613, #1359, #2435 ),
 .UNSPECIFIED., .F., .F. ) 
 B_SPLINE_CURVE_WITH_KNOTS ( ( 4, 4 ),
 ( 5.584962833817026961, 5.759184046890844400 ),
 .UNSPECIFIED. ) 
 CURVE ( )  GEOMETRIC_REPRESENTATION_ITEM ( )  RATIONAL_B_SPLINE_CURVE ( ( 1.000000000000000000, 0.9974721798288450625, 0.9974721798288450625, 1.000000000000000000 ) ) 
 REPRESENTATION_ITEM ( '' )  );
#2720 = DIRECTION ( 'NONE',  ( 0.000000000000000000, 0.000000000000000000, -1.000000000000000000 ) ) ;
#2721 = ORIENTED_EDGE ( 'NONE', *, *, #2713, .F. ) ;
#2722 = DIRECTION ( 'NONE',  ( 0.1534913461950991320, 0.9881499919765299733, 0.000000000000000000 ) ) ;
#2723 = CARTESIAN_POINT ( 'NONE',  ( -12.18512076645479603, 2.516461656922417411, -0.2228526950171692000 ) ) ;
#2724 = CARTESIAN_POINT ( 'NONE',  ( 16.06452596313853221, -1.749635530559412455, -1.785714285714286031 ) ) ;
#2725 = CARTESIAN_POINT ( 'NONE',  ( -19.16224559184434639, 0.7093541216002222649, 2.403817586563579578 ) ) ;
#2726 = CARTESIAN_POINT ( 'NONE',  ( -19.04086666048549503, 0.5472056999572151303, -2.476336607108322596 ) ) ;
#2727 = ORIENTED_EDGE ( 'NONE', *, *, #2936, .F. ) ;
#2728 = CARTESIAN_POINT ( 'NONE',  ( -1.667618931810418204, 5.456637228522190242, 3.558085699523416690 ) ) ;
#2729 = EDGE_CURVE ( 'NONE', #3991, #4299, #743, .T. ) ;
#2730 = CARTESIAN_POINT ( 'NONE',  ( 14.01569931280400105, -2.033630980675691813, -1.477436771399729842 ) ) ;
#2731 = CARTESIAN_POINT ( 'NONE',  ( -12.36837296760980642, -2.499874750632454123, -0.05459553665017234658 ) ) ;
#2732 = VERTEX_POINT ( 'NONE', #660 ) ;
#2733 = CARTESIAN_POINT ( 'NONE',  ( -20.62499999999999289, 1.914284349463474816E-15, -2.500000000000000000 ) ) ;
#2734 = DIRECTION ( 'NONE',  ( 0.000000000000000000, 0.000000000000000000, 1.000000000000000000 ) ) ;
#2735 = CARTESIAN_POINT ( 'NONE',  ( -12.37908795793797090, 2.498250832608064798, 0.1037346987360806411 ) ) ;
#2736 = CIRCLE ( 'NONE', #706, 0.2499999999999999445 ) ;
#2737 = CARTESIAN_POINT ( 'NONE',  ( -2.087930529463650764, 3.332709638964194809, 6.069909468080902926 ) ) ;
#2738 = CARTESIAN_POINT ( 'NONE',  ( 19.04144040587407005, -0.5405723256546344224, -2.473616974438588745 ) ) ;
#2739 = ADVANCED_FACE ( 'NONE', ( #2163 ), #4257, .F. ) ;
#2740 = AXIS2_PLACEMENT_3D ( 'NONE', #201, #3253, #1271 ) ;
#2741 = CARTESIAN_POINT ( 'NONE',  ( 14.94466851414152586, -1.486227562788464462, 2.500000000000000000 ) ) ;
#2742 = EDGE_LOOP ( 'NONE', ( #4382, #3704, #2628, #489, #2805, #2801 ) ) ;
#2743 = DIRECTION ( 'NONE',  ( -0.9881499919765299733, -0.1534913461950988545, 2.130120332831376336E-15 ) ) ;
#2744 = CARTESIAN_POINT ( 'NONE',  ( 11.07064268696914411, -2.722024975916939038, 2.500000000000000000 ) ) ;
#2745 = VERTEX_POINT ( 'NONE', #1454 ) ;
#2746 = AXIS2_PLACEMENT_3D ( 'NONE', #495, #4089, #541 ) ;
#2747 = VERTEX_POINT ( 'NONE', #3618 ) ;
#2748 = CARTESIAN_POINT ( 'NONE',  ( -15.82227091433211363, -1.458036688930162361, 2.500000000000000888 ) ) ;
#2749 = CARTESIAN_POINT ( 'NONE',  ( 17.39430156524678139, 0.8531784273515136130, -2.500000000000000444 ) ) ;
#2750 = CIRCLE ( 'NONE', #718, 1.800000000000000044 ) ;
#2751 = DIRECTION ( 'NONE',  ( 0.9881499919765303064, 0.1534913461950969393, 0.000000000000000000 ) ) ;
#2752 = DIRECTION ( 'NONE',  ( -0.9557790087219509845, -0.2940858488375207025, 2.550788129655075718E-16 ) ) ;
#2753 = ORIENTED_EDGE ( 'NONE', *, *, #38, .T. ) ;
#2754 = CYLINDRICAL_SURFACE ( 'NONE', #33, 0.2500000000000001110 ) ;
#2755 = CARTESIAN_POINT ( 'NONE',  ( 12.87263647006946954, -2.357132931570418588, -0.8472557163325488139 ) ) ;
#2756 = CARTESIAN_POINT ( 'NONE',  ( 24.75000000000000000, 0.000000000000000000, 0.000000000000000000 ) ) ;
#2757 = B_SPLINE_CURVE_WITH_KNOTS ( 'NONE', 3,
 ( #3044, #233, #2289, #4546 ),
 .UNSPECIFIED., .F., .F.,
 ( 4, 4 ),
 ( 0.000000000000000000, 0.005012088390337722695 ),
 .UNSPECIFIED. ) ;
#2758 = EDGE_CURVE ( 'NONE', #2371, #2745, #1463, .T. ) ;
#2759 = ORIENTED_EDGE ( 'NONE', *, *, #462, .T. ) ;
#2760 = CARTESIAN_POINT ( 'NONE',  ( -15.49539755805281160, 1.327776751808118050, 2.500000000000000000 ) ) ;
#2761 = CARTESIAN_POINT ( 'NONE',  ( -12.37604217152422237, 2.474939559944530298, -0.3684621789922166712 ) ) ;
#2762 = CARTESIAN_POINT ( 'NONE',  ( -12.81326757888682799, 2.429093534259385123, 0.6042548253451004436 ) ) ;
#2763 = CARTESIAN_POINT ( 'NONE',  ( -2.223080169593905975, 4.232846479167819531, 5.196727812672880198 ) ) ;
#2764 = CARTESIAN_POINT ( 'NONE',  ( 16.87074907635977539, -1.555346748633339438, -1.962830243799175811 ) ) ;
#2765 = CARTESIAN_POINT ( 'NONE',  ( -15.21861771911655481, 1.401935499719225708, -2.500000000000000000 ) ) ;
#2766 = ORIENTED_EDGE ( 'NONE', *, *, #2559, .F. ) ;
#2767 = DIRECTION ( 'NONE',  ( -0.9557790087219500963, 0.2940858488375230895, 0.000000000000000000 ) ) ;
#2768 = ADVANCED_FACE ( 'NONE', ( #723 ), #4314, .T. ) ;
#2769 = CARTESIAN_POINT ( 'NONE',  ( -1.151459438712802763, 5.610627519359703719, 3.500000000000690559 ) ) ;
#2770 = ORIENTED_EDGE ( 'NONE', *, *, #3173, .T. ) ;
#2771 = CARTESIAN_POINT ( 'NONE',  ( 19.81778066648066883, -0.2150133328716820891, -2.500000000000000444 ) ) ;
#2772 = CARTESIAN_POINT ( 'NONE',  ( -12.51607587871924210, 2.443115853429855377, -0.7765003709821475253 ) ) ;
#2773 = CARTESIAN_POINT ( 'NONE',  ( 15.82227091433213140, 1.458036688930160807, -2.500000000000000444 ) ) ;
#2774 = CARTESIAN_POINT ( 'NONE',  ( -20.62500000000000000, 0.000000000000000000, -2.500000000000000000 ) ) ;
#2775 = EDGE_CURVE ( 'NONE', #479, #1467, #3219, .T. ) ;
#2776 = DIRECTION ( 'NONE',  ( -0.000000000000000000, -0.000000000000000000, -1.000000000000000000 ) ) ;
#2777 = ORIENTED_EDGE ( 'NONE', *, *, #249, .F. ) ;
#2778 = DIRECTION ( 'NONE',  ( 0.9557790087219500963, 0.2940858488375230895, 0.000000000000000000 ) ) ;
#2779 = DIRECTION ( 'NONE',  ( -0.000000000000000000, -0.000000000000000000, -1.000000000000000000 ) ) ;
#2780 = AXIS2_PLACEMENT_3D ( 'NONE', #674, #1045, #3190 ) ;
#2781 = CARTESIAN_POINT ( 'NONE',  ( -0.5168801589031803978, 2.137867281381007345, 7.019630882481339818 ) ) ;
#2782 = ORIENTED_EDGE ( 'NONE', *, *, #3968, .T. ) ;
#2783 = AXIS2_PLACEMENT_3D ( 'NONE', #1921, #4332, #2543 ) ;
#2784 = DIRECTION ( 'NONE',  ( -0.9557790087219500963, -0.2940858488375230895, -0.000000000000000000 ) ) ;
#2785 = CARTESIAN_POINT ( 'NONE',  ( -12.18660158051986464, 2.516148034411754164, -0.2285925086428527986 ) ) ;
#2786 = CARTESIAN_POINT ( 'NONE',  ( 14.53320012074073020, -1.874399962849556900, -1.705069307576357884 ) ) ;
#2787 = VECTOR ( 'NONE', #459, 1000.000000000000000 ) ;
#2788 = DIRECTION ( 'NONE',  ( 0.000000000000000000, 0.000000000000000000, -1.000000000000000000 ) ) ;
#2789 = CARTESIAN_POINT ( 'NONE',  ( -12.68529209423020276, -2.402836663973531017, 0.9301608303356745377 ) ) ;
#2790 = EDGE_CURVE ( 'NONE', #4299, #4068, #2217, .T. ) ;
#2791 = CARTESIAN_POINT ( 'NONE',  ( -15.82227091433214383, 1.458036688930151259, -2.500000000000000444 ) ) ;
#2792 = EDGE_LOOP ( 'NONE', ( #795, #2086, #2247, #2915 ) ) ;
#2793 = CARTESIAN_POINT ( 'NONE',  ( 17.44531749961075562, -1.055017355401145718, -2.400057296706061383 ) ) ;
#2794 = CYLINDRICAL_SURFACE ( 'NONE', #4130, 5.000000000000000000 ) ;
#2795 = EDGE_LOOP ( 'NONE', ( #1537, #1505, #2615, #3676 ) ) ;
#2796 = CARTESIAN_POINT ( 'NONE',  ( -12.16031458184322567, 2.521708236481192245, -0.1137825343127752131 ) ) ;
#2797 = CARTESIAN_POINT ( 'NONE',  ( 14.94466851414152053, 1.486227562788466683, 2.500000000000000000 ) ) ;
#2798 = CARTESIAN_POINT ( 'NONE',  ( -19.89782527458106642, 0.3625192527929482766, 2.479939928840619423 ) ) ;
#2799 = ORIENTED_EDGE ( 'NONE', *, *, #3851, .F. ) ;
#2800 = ORIENTED_EDGE ( 'NONE', *, *, #2304, .T. ) ;
#2801 = ORIENTED_EDGE ( 'NONE', *, *, #223, .T. ) ;
#2802 = CARTESIAN_POINT ( 'NONE',  ( 0.9419042447608813040, 5.501801138204333697, 3.523595931262295533 ) ) ;
#2803 = CARTESIAN_POINT ( 'NONE',  ( 0.6340999060320007263, 5.716071453780627643, 3.433333333333334014 ) ) ;
#2804 = CARTESIAN_POINT ( 'NONE',  ( -1.156197954921813986, 5.633716521497170504, 3.433333333333333570 ) ) ;
#2805 = ORIENTED_EDGE ( 'NONE', *, *, #1144, .F. ) ;
#2806 = FACE_OUTER_BOUND ( 'NONE', #1587, .T. ) ;
#2807 = CARTESIAN_POINT ( 'NONE',  ( -12.52728253342795206, 2.440224954443516392, 0.7737311775429401850 ) ) ;
#2808 = CARTESIAN_POINT ( 'NONE',  ( 15.77044011430100312, -1.493710734061229450, -2.499999999999998668 ) ) ;
#2809 = CARTESIAN_POINT ( 'NONE',  ( -11.07064268696914411, 2.722024975916939038, 2.500000000000000000 ) ) ;
#2810 = CARTESIAN_POINT ( 'NONE',  ( -12.26167922807686317, -2.500163527472439640, -0.09099965342809965274 ) ) ;
#2811 = CARTESIAN_POINT ( 'NONE',  ( -19.81778172019705053, 0.2150151070912060813, -2.500000000000000444 ) ) ;
#2812 = DIRECTION ( 'NONE',  ( 0.6775591281468905658, -0.7354683051395386473, -0.000000000000000000 ) ) ;
#2813 = AXIS2_PLACEMENT_3D ( 'NONE', #4653, #2866, #4298 ) ;
#2814 = FACE_OUTER_BOUND ( 'NONE', #4464, .T. ) ;
#2815 = EDGE_CURVE ( 'NONE', #3826, #3477, #1386, .T. ) ;
#2816 = CARTESIAN_POINT ( 'NONE',  ( 15.01818997635090014, 1.725172314968953735, 2.250000000000000000 ) ) ;
#2817 = CARTESIAN_POINT ( 'NONE',  ( -11.07064268696914411, 2.722024975916939038, 2.250000000000000444 ) ) ;
#2818 = CIRCLE ( 'NONE', #643, 5.751135153650587029 ) ;
#2819 = AXIS2_PLACEMENT_3D ( 'NONE', #2384, #1972, #3403 ) ;
#2820 = B_SPLINE_CURVE_WITH_KNOTS ( 'NONE', 3,
 ( #3482, #4488, #224, #2394 ),
 .UNSPECIFIED., .F., .F.,
 ( 4, 4 ),
 ( -1.942333608765039950E-05, 0.004992762574236558892 ),
 .UNSPECIFIED. ) ;
#2821 = CARTESIAN_POINT ( 'NONE',  ( -2.072748679466533517, 4.256044478763613803, 5.018441070062151788 ) ) ;
#2822 = DIRECTION ( 'NONE',  ( 0.9557790087219500963, -0.2940858488375230895, 0.000000000000000000 ) ) ;
#2823 = CIRCLE ( 'NONE', #790, 7.000000000000001776 ) ;
#2824 = EDGE_LOOP ( 'NONE', ( #2897, #4595, #1055 ) ) ;
#2825 = ADVANCED_FACE ( 'NONE', ( #1433 ), #4275, .F. ) ;
#2826 = EDGE_LOOP ( 'NONE', ( #4509, #970, #725, #3841 ) ) ;
#2827 = DIRECTION ( 'NONE',  ( 1.000000000000000000, 0.000000000000000000, 0.000000000000000000 ) ) ;
#2828 = CIRCLE ( 'NONE', #793, 0.9500000000000001776 ) ;
#2829 = CARTESIAN_POINT ( 'NONE',  ( 20.24551319808691119, 0.1589816114952247450, -2.499999999998263167 ) ) ;
#2830 = CARTESIAN_POINT ( 'NONE',  ( 11.07064268696914411, 2.722024975916939038, 2.500000000000000000 ) ) ;
#2831 = EDGE_CURVE ( 'NONE', #2055, #784, #3499, .T. ) ;
#2832 = ORIENTED_EDGE ( 'NONE', *, *, #1143, .T. ) ;
#2833 = AXIS2_PLACEMENT_3D ( 'NONE', #421, #2307, #4090 ) ;
#2834 = CARTESIAN_POINT ( 'NONE',  ( -20.62499999999999645, 8.263889991991311394E-16, -2.500000000000000444 ) ) ;
#2835 = ADVANCED_FACE ( 'NONE', ( #2486 ), #28, .F. ) ;
#2836 = CARTESIAN_POINT ( 'NONE',  ( -12.15893386379308794, -2.522001759552651823, -0.1038704611634015396 ) ) ;
#2837 = CARTESIAN_POINT ( 'NONE',  ( -12.45432637161528433, -2.456990758681867337, -0.6928022735089005568 ) ) ;
#2838 = CARTESIAN_POINT ( 'NONE',  ( -20.62499999999998934, 5.627339881247536653E-15, -2.500000000000000444 ) ) ;
#2839 = ORIENTED_EDGE ( 'NONE', *, *, #834, .T. ) ;
#2840 = LINE ( 'NONE', #2157, #747 ) ;
#2841 = DIRECTION ( 'NONE',  ( 0.9881499919765299733, 0.1534913461950988545, 0.000000000000000000 ) ) ;
#2842 = DIRECTION ( 'NONE',  ( -0.9557790087219500963, 0.2940858488375230895, 0.000000000000000000 ) ) ;
#2843 = DIRECTION ( 'NONE',  ( 1.000000000000000000, 0.000000000000000000, 0.000000000000000000 ) ) ;
#2844 = CARTESIAN_POINT ( 'NONE',  ( 8.825619661674457106, -8.130709537762699668, 2.250000000000000444 ) ) ;
#2845 = EDGE_LOOP ( 'NONE', ( #1671, #465, #596, #3965 ) ) ;
#2846 =( BOUNDED_SURFACE ( )  B_SPLINE_SURFACE ( 3, 2, ( 
 ( #3102, #914, #4563 ),
 ( #4510, #1626, #3457 ),
 ( #4583, #3060, #1310 ),
 ( #275, #3436, #4185 ) ),
 .UNSPECIFIED., .F., .F., .F. ) 
 B_SPLINE_SURFACE_WITH_KNOTS ( ( 4, 4 ),
 ( 3, 3 ),
 ( 5.487582353695048987, 5.759184046890845288 ),
 ( 0.000000000000000000, 1.000000000000000000 ),
 .UNSPECIFIED. ) 
 GEOMETRIC_REPRESENTATION_ITEM ( )  RATIONAL_B_SPLINE_SURFACE ( (
 ( 1.000000000000000000, 0.9134839804860044321, 1.000000000000000000),
 ( 1.000000000000000000, 0.9304003179300892601, 1.000000000000000000),
 ( 1.000000000000000000, 0.9445902474892678979, 1.000000000000000000),
 ( 1.000000000000000000, 0.9559122584498946917, 1.000000000000000000) ) ) 
 REPRESENTATION_ITEM ( '' )  SURFACE ( )  );
#2847 = VERTEX_POINT ( 'NONE', #699 ) ;
#2848 = CARTESIAN_POINT ( 'NONE',  ( 12.56882170445285851, 2.430812297030358060, -0.5971931058046304752 ) ) ;
#2849 = EDGE_CURVE ( 'NONE', #1715, #479, #177, .T. ) ;
#2850 = CYLINDRICAL_SURFACE ( 'NONE', #26, 0.2499999999999999445 ) ;
#2851 = DIRECTION ( 'NONE',  ( 1.000000000000000000, 0.000000000000000000, 0.000000000000000000 ) ) ;
#2852 = ORIENTED_EDGE ( 'NONE', *, *, #867, .T. ) ;
#2853 = AXIS2_PLACEMENT_3D ( 'NONE', #707, #4598, #4664 ) ;
#2854 = FACE_OUTER_BOUND ( 'NONE', #1324, .T. ) ;
#2855 = ORIENTED_EDGE ( 'NONE', *, *, #1744, .F. ) ;
#2856 = AXIS2_PLACEMENT_3D ( 'NONE', #1371, #4238, #1014 ) ;
#2857 = CARTESIAN_POINT ( 'NONE',  ( -12.51878185960651990, -2.442196843928989836, -0.7645712394897984376 ) ) ;
#2858 = CARTESIAN_POINT ( 'NONE',  ( -13.52338110009293182, -2.182302104248019958, -1.544102074574228878 ) ) ;
#2859 = VECTOR ( 'NONE', #930, 1000.000000000000114 ) ;
#2860 = CARTESIAN_POINT ( 'NONE',  ( 17.39684398325523773, -0.8631707931596515060, -2.500000000000000000 ) ) ;
#2861 = DIRECTION ( 'NONE',  ( 0.9881499919765303064, -0.1534913461950969393, 0.000000000000000000 ) ) ;
#2862 = CARTESIAN_POINT ( 'NONE',  ( 15.17233545036522813, -1.677742938350217594, 1.907072287094198515 ) ) ;
#2863 = CARTESIAN_POINT ( 'NONE',  ( 8.825619661674457106, 8.130709537762699668, 2.250000000000000444 ) ) ;
#2864 = CARTESIAN_POINT ( 'NONE',  ( 1.680677459446574096, 4.900218104328685875, 4.630649354515343319 ) ) ;
#2865 = CARTESIAN_POINT ( 'NONE',  ( 8.000815763067205211, 17.04097486361366975, 2.250000000000000444 ) ) ;
#2866 = DIRECTION ( 'NONE',  ( -0.000000000000000000, 0.000000000000000000, 1.000000000000000000 ) ) ;
#2867 = ORIENTED_EDGE ( 'NONE', *, *, #1845, .T. ) ;
#2868 = ORIENTED_EDGE ( 'NONE', *, *, #2680, .F. ) ;
#2869 = CARTESIAN_POINT ( 'NONE',  ( 12.79875464787520301, 2.375507141372891429, -0.7931293339652504271 ) ) ;
#2870 = CARTESIAN_POINT ( 'NONE',  ( 12.26646794535749230, 2.498880383442157793, -0.4222981033321924760 ) ) ;
#2871 =( BOUNDED_SURFACE ( )  B_SPLINE_SURFACE ( 3, 2, ( 
 ( #4212, #3857, #1984 ),
 ( #4589, #2031, #638 ),
 ( #2079, #3513, #1366 ),
 ( #2537, #3206, #2191 ),
 ( #3969, #3886, #749 ),
 ( #3623, #396, #4614 ),
 ( #2126, #1841, #4637 ),
 ( #1798, #3921, #1458 ),
 ( #42, #2829, #4302 ),
 ( #3179, #2893, #1057 ) ),
 .UNSPECIFIED., .F., .F., .F. ) 
 B_SPLINE_SURFACE_WITH_KNOTS ( ( 4, 2, 2, 2, 4 ),
 ( 3, 3 ),
 ( 0.006071148258653430441, 0.007398017313136694313, 0.008724886367619958186, 0.01005175542210322293, 0.01137862447658648593 ),
 ( 0.2153179210946423727, 1.000000000000000000 ),
 .UNSPECIFIED. ) 
 GEOMETRIC_REPRESENTATION_ITEM ( )  RATIONAL_B_SPLINE_SURFACE ( (
 ( 0.9707651790969646921, 0.9321124299491418963, 1.000000000000000000),
 ( 0.9757130779782581254, 0.9436021816059920742, 1.000000000000000000),
 ( 0.9799549964122369339, 0.9534525424408299976, 1.000000000000000000),
 ( 0.9872224386275205710, 0.9703286161515949360, 1.000000000000000000),
 ( 0.9902532454274233231, 0.9773665969766340833, 1.000000000000000000),
 ( 0.9951014585411219748, 0.9886248635645962235, 1.000000000000000000),
 ( 0.9969283489594289449, 0.9928671728183253720, 1.000000000000000000),
 ( 0.9993836114064043041, 0.9985686546886991533, 1.000000000000000000),
 ( 0.9999999698160756401, 0.9999999299084714188, 1.000000000000000000),
 ( 1.000000000000000000, 1.000000000000000000, 1.000000000000000000) ) ) 
 REPRESENTATION_ITEM ( '' )  SURFACE ( )  );
#2872 = DIRECTION ( 'NONE',  ( 0.1534913461950954960, -0.9881499919765306394, 0.000000000000000000 ) ) ;
#2873 = ORIENTED_EDGE ( 'NONE', *, *, #269, .T. ) ;
#2874 = ADVANCED_FACE ( 'NONE', ( #2506 ), #1600, .T. ) ;
#2875 = CARTESIAN_POINT ( 'NONE',  ( 15.88831121229684307, -1.457442703908663706, -2.072003618432619820 ) ) ;
#2876 = VERTEX_POINT ( 'NONE', #2960 ) ;
#2877 = CARTESIAN_POINT ( 'NONE',  ( 20.62500000000000000, 0.000000000000000000, -2.500000000000000000 ) ) ;
#2878 = CARTESIAN_POINT ( 'NONE',  ( -12.99562152375058588, -2.397546808432230225, -0.7101291076348367204 ) ) ;
#2879 = DIRECTION ( 'NONE',  ( 0.000000000000000000, -0.000000000000000000, -1.000000000000000000 ) ) ;
#2880 = ORIENTED_EDGE ( 'NONE', *, *, #1830, .F. ) ;
#2881 = CARTESIAN_POINT ( 'NONE',  ( 16.06452596313853221, 1.749635530559412677, -1.785714285714285809 ) ) ;
#2882 = PERSON_AND_ORGANIZATION ( #1181, #910 ) ;
#2883 = CARTESIAN_POINT ( 'NONE',  ( 15.77381990457075389, -1.259746078159580174, -2.250000000000000444 ) ) ;
#2884 = EDGE_CURVE ( 'NONE', #2371, #355, #3932, .T. ) ;
#2885 = CARTESIAN_POINT ( 'NONE',  ( 1.824306382493368517, 4.423450018302776954, 5.191961527015390487 ) ) ;
#2886 = CARTESIAN_POINT ( 'NONE',  ( 0.1604847085891550063, 2.061637631170791796, 7.144430167014051314 ) ) ;
#2887 = CARTESIAN_POINT ( 'NONE',  ( 0.000000000000000000, 0.000000000000000000, 1.399999999999998579 ) ) ;
#2888 = CARTESIAN_POINT ( 'NONE',  ( -14.94466851414152053, -1.486227562788466017, -2.500000000000000444 ) ) ;
#2889 = ORIENTED_EDGE ( 'NONE', *, *, #3255, .F. ) ;
#2890 = ORIENTED_EDGE ( 'NONE', *, *, #2344, .T. ) ;
#2891 = AXIS2_PLACEMENT_3D ( 'NONE', #4022, #445, #1892 ) ;
#2892 = CARTESIAN_POINT ( 'NONE',  ( 13.00818758510569140, 2.322760517146738923, -1.199661508643448560 ) ) ;
#2893 = CARTESIAN_POINT ( 'NONE',  ( 20.62499999999999645, 2.386069853150353264E-15, -2.500000000000000000 ) ) ;
#2894 = AXIS2_PLACEMENT_3D ( 'NONE', #2474, #1, #4289 ) ;
#2895 = CARTESIAN_POINT ( 'NONE',  ( -12.54560396319208593, 2.472471519983356014, -0.3753115022598843553 ) ) ;
#2896 = CARTESIAN_POINT ( 'NONE',  ( 18.76481280397662843, 0.8856928294755926911, 2.343713585021567791 ) ) ;
#2897 = ORIENTED_EDGE ( 'NONE', *, *, #1602, .T. ) ;
#2898 = CIRCLE ( 'NONE', #3507, 7.000000000000001776 ) ;
#2899 = CARTESIAN_POINT ( 'NONE',  ( 14.39773847516732275, 1.916080469179285650, -2.025537867590180063 ) ) ;
#2900 = VECTOR ( 'NONE', #1813, 1000.000000000000000 ) ;
#2901 = EDGE_LOOP ( 'NONE', ( #3786, #3203, #3316 ) ) ;
#2902 = CARTESIAN_POINT ( 'NONE',  ( 1.065679587282272633, 5.625303184044685878, 3.505588841108085774 ) ) ;
#2903 = CARTESIAN_POINT ( 'NONE',  ( -12.56882170445294555, -2.430812297030311431, 0.5971931058046033858 ) ) ;
#2904 = CARTESIAN_POINT ( 'NONE',  ( 15.27182452474117902, 1.629058253561175063, -2.500000000000000888 ) ) ;
#2905 = ADVANCED_FACE ( 'NONE', ( #1170 ), #286, .T. ) ;
#2906 = CARTESIAN_POINT ( 'NONE',  ( 0.000000000000000000, 4.000000000000001776, 3.500000000000000000 ) ) ;
#2907 = DATE_AND_TIME ( #1091, #4285 ) ;
#2908 = CARTESIAN_POINT ( 'NONE',  ( 14.39773847516831395, -1.916080469178980117, 2.025537867589340291 ) ) ;
#2909 = B_SPLINE_CURVE_WITH_KNOTS ( 'NONE', 3,
 ( #1522, #4386, #1164, #2599, #4149, #881, #4104, #3844, #1301, #905, #2735, #2317, #2360, #4199, #2018, #2762, #1255, #2687, #4125, #3751 ),
 .UNSPECIFIED., .F., .F.,
 ( 4, 2, 2, 2, 2, 2, 2, 2, 2, 4 ),
 ( 0.000000000000000000, 0.001152926857977034552, 0.001729390286965551936, 0.002017622001459812471, 0.002305853715954073006, 0.002449969573201203708, 0.002594085430448333542, 0.002882317144942594511, 0.003458780573931110811, 0.004611707431908145145 ),
 .UNSPECIFIED. ) ;
#2910 = CARTESIAN_POINT ( 'NONE',  ( 17.38978185626649164, -0.9870815700747685995, -2.500000000000000888 ) ) ;
#2911 = CARTESIAN_POINT ( 'NONE',  ( 1.853195499665961199, 4.067448429980667690, 5.558775595251752577 ) ) ;
#2912 = DIRECTION ( 'NONE',  ( 0.9881499919765304174, 0.1534913461950969393, 0.000000000000000000 ) ) ;
#2913 = LINE ( 'NONE', #3264, #3722 ) ;
#2914 = ORIENTED_EDGE ( 'NONE', *, *, #469, .T. ) ;
#2915 = ORIENTED_EDGE ( 'NONE', *, *, #1845, .F. ) ;
#2916 = CARTESIAN_POINT ( 'NONE',  ( 12.15887357748948183, 2.522014575734797592, 0.1063637323379143518 ) ) ;
#2917 = DIRECTION ( 'NONE',  ( 0.9557790087219509845, -0.2940858488375207025, -2.040630503724116978E-15 ) ) ;
#2918 = ADVANCED_FACE ( 'NONE', ( #2209 ), #1142, .F. ) ;
#2919 = CARTESIAN_POINT ( 'NONE',  ( -13.98788730104607936, 2.206039631057162609, -1.179093603294657511 ) ) ;
#2920 = DIRECTION ( 'NONE',  ( 0.000000000000000000, 1.000000000000000000, 0.000000000000000000 ) ) ;
#2921 = ORIENTED_EDGE ( 'NONE', *, *, #2328, .F. ) ;
#2922 = B_SPLINE_CURVE_WITH_KNOTS ( 'NONE', 3,
 ( #1988, #1249, #3090, #187, #3790, #3068, #573, #2014, #3444, #209, #2381, #2781, #2058, #1394, #4218, #3922, #259, #2451, #2127, #1728, #969, #2491, #3181, #3540, #1799, #2426, #4615, #354 ),
 .UNSPECIFIED., .F., .F.,
 ( 4, 2, 2, 2, 2, 2, 2, 2, 2, 2, 2, 2, 2, 4 ),
 ( 0.002170369035547233243, 0.003050495849481799429, 0.003930622663416365181, 0.004370686070383648925, 0.004810749477350932668, 0.005250812884318215544, 0.005690876291285499287, 0.006130939698252782163, 0.006571003105220065907, 0.007011066512187349650, 0.007451129919154633394, 0.007891193326121917137, 0.008331256733089200880, 0.009211383547023771837 ),
 .UNSPECIFIED. ) ;
#2923 = DIRECTION ( 'NONE',  ( 0.2373605028755662871, -0.9714216343455907010, 0.000000000000000000 ) ) ;
#2924 = EDGE_LOOP ( 'NONE', ( #2080, #3764, #4194, #4408, #3950, #4363, #2417, #2868 ) ) ;
#2925 = CARTESIAN_POINT ( 'NONE',  ( 1.077007422494289379, 5.425418425543586665, 3.562024450341382042 ) ) ;
#2926 = TOROIDAL_SURFACE ( 'NONE', #3389, 19.75000000000000000, 0.2500000000000000000 ) ;
#2927 = CARTESIAN_POINT ( 'NONE',  ( -14.69179196195423920, 2.051335311039265363, -1.446800454729073371 ) ) ;
#2928 = DIRECTION ( 'NONE',  ( 1.000000000000000000, 0.000000000000000000, 0.000000000000000000 ) ) ;
#2929 = ORIENTED_EDGE ( 'NONE', *, *, #1704, .T. ) ;
#2930 = DIRECTION ( 'NONE',  ( -0.000000000000000000, -0.000000000000000000, -1.000000000000000000 ) ) ;
#2931 = AXIS2_PLACEMENT_3D ( 'NONE', #992, #2104, #667 ) ;
#2932 = PERSON_AND_ORGANIZATION ( #1181, #910 ) ;
#2933 = FACE_OUTER_BOUND ( 'NONE', #3416, .T. ) ;
#2934 = CARTESIAN_POINT ( 'NONE',  ( 1.511016075553452742, 2.958316402257415767, 6.517737527844866818 ) ) ;
#2935 = CARTESIAN_POINT ( 'NONE',  ( -19.01058001613322901, -0.4301058239162919294, 2.500000000000000444 ) ) ;
#2936 = EDGE_CURVE ( 'NONE', #771, #4122, #3268, .T. ) ;
#2937 = LOCAL_TIME ( 19, 30, 25.00000000000000000, #1523 ) ;
#2938 = CARTESIAN_POINT ( 'NONE',  ( -14.94466851414152408, 1.486227562788465129, -2.500000000000000000 ) ) ;
#2939 = EDGE_LOOP ( 'NONE', ( #1009, #4284, #4158 ) ) ;
#2940 = ORIENTED_EDGE ( 'NONE', *, *, #817, .T. ) ;
#2941 = CARTESIAN_POINT ( 'NONE',  ( 12.48064628180850377, 2.482629011280667264, 0.3033829905349380018 ) ) ;
#2942 = EDGE_CURVE ( 'NONE', #3728, #2651, #1235, .T. ) ;
#2943 = CARTESIAN_POINT ( 'NONE',  ( -16.06452596313852865, -1.749635530559412677, -1.785714285714285809 ) ) ;
#2944 = CARTESIAN_POINT ( 'NONE',  ( 20.62500000000000000, 0.000000000000000000, -2.500000000000000000 ) ) ;
#2945 = CARTESIAN_POINT ( 'NONE',  ( -1.578773245119495794, 5.503171183432392866, 3.506125613640001859 ) ) ;
#2946 = ORIENTED_EDGE ( 'NONE', *, *, #4177, .T. ) ;
#2947 = EDGE_CURVE ( 'NONE', #3107, #1531, #792, .T. ) ;
#2948 = CARTESIAN_POINT ( 'NONE',  ( 13.25855617608076997, -2.350676630417900537, 0.8569010768962157520 ) ) ;
#2949 = CARTESIAN_POINT ( 'NONE',  ( -18.76478540632441749, 0.8857044216658488400, -2.343709057253289263 ) ) ;
#2950 = ORIENTED_EDGE ( 'NONE', *, *, #4484, .T. ) ;
#2951 = CARTESIAN_POINT ( 'NONE',  ( 15.77381990457075389, 1.259746078159581062, 2.500000000000000000 ) ) ;
#2952 = CARTESIAN_POINT ( 'NONE',  ( -14.01569931280399928, 2.033630980675692257, -1.477436771399727844 ) ) ;
#2953 = CARTESIAN_POINT ( 'NONE',  ( 15.01818997635090014, 1.725172314968953291, 2.249999999999999112 ) ) ;
#2954 = CARTESIAN_POINT ( 'NONE',  ( 14.21347605840616701, 1.972776597413486988, 1.927428506607880676 ) ) ;
#2955 = SHAPE_DEFINITION_REPRESENTATION ( #235, #4156 ) ;
#2956 = DIRECTION ( 'NONE',  ( -0.1534913461950991320, 0.9881499919765299733, 0.000000000000000000 ) ) ;
#2957 = CARTESIAN_POINT ( 'NONE',  ( -0.5661507399683941566, 2.149068930782940257, 7.009429234148376153 ) ) ;
#2958 = CARTESIAN_POINT ( 'NONE',  ( 12.52253946055686384, -2.476085019099792284, -0.3539283770754439451 ) ) ;
#2959 = CARTESIAN_POINT ( 'NONE',  ( 14.94466851414152053, -1.486227562788466017, -2.500000000000000444 ) ) ;
#2960 = CARTESIAN_POINT ( 'NONE',  ( 0.9500000000000001776, 4.000000000000001776, 3.500000000000000000 ) ) ;
#2961 = EDGE_CURVE ( 'NONE', #4122, #47, #4167, .T. ) ;
#2962 = VERTEX_POINT ( 'NONE', #4462 ) ;
#2963 = B_SPLINE_CURVE_WITH_KNOTS ( 'NONE', 3,
 ( #3616, #3217, #697, #2137, #2864, #413, #1792, #2911, #2463, #367, #4273, #4319, #3553, #2503, #3171, #1095, #3570, #2206, #1072, #1811, #4631, #346, #2886, #2529, #720, #4607, #3961, #4295, #3636, #389, #9, #2161, #1049, #1835, #4342, #4254, #3896, #4651, #321, #1768, #678, #2482, #3195, #1409 ),
 .UNSPECIFIED., .F., .F.,
 ( 4, 2, 2, 2, 2, 2, 2, 2, 2, 2, 2, 2, 2, 2, 2, 2, 2, 2, 2, 2, 2, 4 ),
 ( 0.000000000000000000, 0.0007586433257546318538, 0.001517286651509263708, 0.002275929977263895562, 0.003034573303018527415, 0.003413894965895842258, 0.003793216628773157535, 0.004172538291650472811, 0.004551859954527788521, 0.004931181617405103364, 0.005310503280282417339, 0.006069146606037046157, 0.006448468268914361000, 0.006827789931791674975, 0.007207111594668989818, 0.007586433257546303793, 0.008345076583300933479, 0.009103719909055563164, 0.009862363234810191115, 0.01062100656056482254, 0.01137964988631945396, 0.01213829321207408191 ),
 .UNSPECIFIED. ) ;
#2964 = VERTEX_POINT ( 'NONE', #2938 ) ;
#2965 = CARTESIAN_POINT ( 'NONE',  ( 12.50000000000000000, 2.500000000000000000, 2.250000000000000444 ) ) ;
#2966 = CARTESIAN_POINT ( 'NONE',  ( -15.82196239302755636, -1.494400202766044350, -2.329803393086470997 ) ) ;
#2967 = CARTESIAN_POINT ( 'NONE',  ( -14.17661858865518809, 2.164560228248057605, -1.250871303646669430 ) ) ;
#2968 = CARTESIAN_POINT ( 'NONE',  ( 8.058162930698971493, -3.189959577880047359, -2.500000000000000000 ) ) ;
#2969 = AXIS2_PLACEMENT_3D ( 'NONE', #4402, #2609, #498 ) ;
#2970 = ORIENTED_EDGE ( 'NONE', *, *, #1919, .F. ) ;
#2971 = B_SPLINE_CURVE_WITH_KNOTS ( 'NONE', 3,
 ( #3414, #2701, #2077, #917 ),
 .UNSPECIFIED., .F., .F.,
 ( 4, 4 ),
 ( 0.000000000000000000, 0.005012096361098492860 ),
 .UNSPECIFIED. ) ;
#2972 = AXIS2_PLACEMENT_3D ( 'NONE', #3011, #34, #1934 ) ;
#2973 = AXIS2_PLACEMENT_3D ( 'NONE', #3004, #4362, #833 ) ;
#2974 = CARTESIAN_POINT ( 'NONE',  ( 12.29002087765450391, -2.494015144057407873, 0.1956345036995847386 ) ) ;
#2975 = CARTESIAN_POINT ( 'NONE',  ( -8.825619661674457106, -8.130709537762699668, 2.500000000000000000 ) ) ;
#2976 = ORIENTED_EDGE ( 'NONE', *, *, #3250, .F. ) ;
#2977 = CARTESIAN_POINT ( 'NONE',  ( 15.83196111628431346, 1.497694811084301802, -2.299999999999986056 ) ) ;
#2978 = CARTESIAN_POINT ( 'NONE',  ( -14.53320012073907286, 1.874399962850322954, -1.705069307578258808 ) ) ;
#2979 = AXIS2_PLACEMENT_3D ( 'NONE', #3458, #3782, #3126 ) ;
#2980 = CARTESIAN_POINT ( 'NONE',  ( 15.01818997635090369, 1.725172314968952847, -2.250000000000000000 ) ) ;
#2981 = ADVANCED_FACE ( 'NONE', ( #815 ), #4011, .F. ) ;
#2982 = CARTESIAN_POINT ( 'NONE',  ( 15.34987493958980664, -1.627356278133848422, 2.271398976816448201 ) ) ;
#2983 = PERSON_AND_ORGANIZATION ( #1181, #910 ) ;
#2984 = CARTESIAN_POINT ( 'NONE',  ( 16.33555557943427772, -1.448865395618559093, 2.058577510199034233 ) ) ;
#2985 = CARTESIAN_POINT ( 'NONE',  ( -0.2153286932599275949, 2.110424183568345935, 7.120977158968688769 ) ) ;
#2986 = CARTESIAN_POINT ( 'NONE',  ( -8.825619661674457106, -8.130709537762699668, -2.500000000000000000 ) ) ;
#2987 = CARTESIAN_POINT ( 'NONE',  ( 15.01818997635090014, -1.725172314968953291, -2.250000000000000000 ) ) ;
#2988 = CARTESIAN_POINT ( 'NONE',  ( 18.99290889435638974, 0.4990041957358706814, 2.500000000000000444 ) ) ;
#2989 = ORIENTED_EDGE ( 'NONE', *, *, #3699, .F. ) ;
#2990 = VERTEX_POINT ( 'NONE', #440 ) ;
#2991 = DIRECTION ( 'NONE',  ( -0.4699767530242041635, 0.000000000000000000, -0.8826787930027697460 ) ) ;
#2992 = CARTESIAN_POINT ( 'NONE',  ( -0.9500000000000001776, 4.000000000000001776, -2.500000000000000000 ) ) ;
#2993 = CARTESIAN_POINT ( 'NONE',  ( -13.29574036034547468, 2.246684444989656804, 1.118144448301844562 ) ) ;
#2994 = CARTESIAN_POINT ( 'NONE',  ( -16.06452596313853221, -1.749635530559412455, 1.785714285714286031 ) ) ;
#2995 = ORIENTED_EDGE ( 'NONE', *, *, #3139, .F. ) ;
#2996 = EDGE_CURVE ( 'NONE', #174, #3781, #2589, .T. ) ;
#2997 = CARTESIAN_POINT ( 'NONE',  ( 20.26117717742540592, 0.1814194387002013853, 2.500000000000000000 ) ) ;
#2998 = DIRECTION ( 'NONE',  ( -0.9714216343455919223, -0.2373605028755608193, 4.117548366078961861E-16 ) ) ;
#2999 = VERTEX_POINT ( 'NONE', #1935 ) ;
#3000 =( BOUNDED_CURVE ( )  B_SPLINE_CURVE ( 3, ( #1853, #1874, #431, #1572 ),
 .UNSPECIFIED., .F., .F. ) 
 B_SPLINE_CURVE_WITH_KNOTS ( ( 4, 4 ),
 ( 0.5240012602887429427, 0.6982224733625593815 ),
 .UNSPECIFIED. ) 
 CURVE ( )  GEOMETRIC_REPRESENTATION_ITEM ( )  RATIONAL_B_SPLINE_CURVE ( ( 1.000000000000000000, 0.9974721798288450625, 0.9974721798288450625, 1.000000000000000000 ) ) 
 REPRESENTATION_ITEM ( '' )  );
#3001 = CYLINDRICAL_SURFACE ( 'NONE', #3576, 2.500000000000000000 ) ;
#3002 = CARTESIAN_POINT ( 'NONE',  ( -19.86543090925131239, -0.3181060143950265595, 2.484748938533387630 ) ) ;
#3003 = EDGE_CURVE ( 'NONE', #2032, #2128, #3191, .T. ) ;
#3004 = CARTESIAN_POINT ( 'NONE',  ( 13.80901127760828473, -1.835660558644842455, -2.250000000000000888 ) ) ;
#3005 = CYLINDRICAL_SURFACE ( 'NONE', #1961, 0.2500000000000001110 ) ;
#3006 = CARTESIAN_POINT ( 'NONE',  ( 1.710262321574402833, -5.558352545116810539, 2.500000000000000000 ) ) ;
#3007 = CARTESIAN_POINT ( 'NONE',  ( 1.311768210058813722, 2.837948252131796245, 6.640020209892369074 ) ) ;
#3008 = CARTESIAN_POINT ( 'NONE',  ( -15.83196111628440050, -1.497694811084276489, 2.300000000000005596 ) ) ;
#3009 = ADVANCED_FACE ( 'NONE', ( #1885 ), #467, .T. ) ;
#3010 = CIRCLE ( 'NONE', #1046, 19.75000000000000000 ) ;
#3011 = CARTESIAN_POINT ( 'NONE',  ( 14.94466851414152586, -1.486227562788464240, 2.250000000000000444 ) ) ;
#3012 = CARTESIAN_POINT ( 'NONE',  ( 15.28617478323479340, -1.642715451312372732, 2.267892428692168227 ) ) ;
#3013 = EDGE_LOOP ( 'NONE', ( #2267, #966, #1000, #123 ) ) ;
#3014 = ORIENTED_EDGE ( 'NONE', *, *, #2110, .F. ) ;
#3015 = AXIS2_PLACEMENT_3D ( 'NONE', #2070, #4227, #1334 ) ;
#3016 = CARTESIAN_POINT ( 'NONE',  ( -13.88253273981766611, -2.074605310825333504, 1.751219825105331029 ) ) ;
#3017 = FACE_OUTER_BOUND ( 'NONE', #4048, .T. ) ;
#3018 = FACE_OUTER_BOUND ( 'NONE', #1751, .T. ) ;
#3019 = ORIENTED_EDGE ( 'NONE', *, *, #1015, .F. ) ;
#3020 = CARTESIAN_POINT ( 'NONE',  ( 20.24551300483311422, 0.1589813346694265439, 2.499999999998262723 ) ) ;
#3021 = CARTESIAN_POINT ( 'NONE',  ( -14.17661858865518987, -2.164560228248059826, -1.250871303646665211 ) ) ;
#3022 = EDGE_CURVE ( 'NONE', #709, #4396, #1775, .T. ) ;
#3023 = ORIENTED_EDGE ( 'NONE', *, *, #4027, .F. ) ;
#3024 = CARTESIAN_POINT ( 'NONE',  ( -18.03864087796205595, -1.175739230187722528, 2.212472816268504339 ) ) ;
#3025 = DIRECTION ( 'NONE',  ( 1.000000000000000000, -0.000000000000000000, -0.000000000000000000 ) ) ;
#3026 = CARTESIAN_POINT ( 'NONE',  ( -15.28737959399721724, -1.642344740308549378, -2.267972869840837014 ) ) ;
#3027 =( BOUNDED_CURVE ( )  B_SPLINE_CURVE ( 3, ( #4582, #1585, #3374, #1360 ),
 .UNSPECIFIED., .F., .F. ) 
 B_SPLINE_CURVE_WITH_KNOTS ( ( 4, 4 ),
 ( 0.5240012602887417215, 0.6982224733625596036 ),
 .UNSPECIFIED. ) 
 CURVE ( )  GEOMETRIC_REPRESENTATION_ITEM ( )  RATIONAL_B_SPLINE_CURVE ( ( 1.000000000000000000, 0.9974721798288449515, 0.9974721798288449515, 1.000000000000000000 ) ) 
 REPRESENTATION_ITEM ( '' )  );
#3028 = EDGE_CURVE ( 'NONE', #399, #4087, #3567, .T. ) ;
#3029 = CARTESIAN_POINT ( 'NONE',  ( 17.84717124470891036, -0.9227136938407768385, 2.423713209572892602 ) ) ;
#3030 = CARTESIAN_POINT ( 'NONE',  ( 8.825619661674457106, -8.130709537762699668, -2.250000000000000888 ) ) ;
#3031 = CARTESIAN_POINT ( 'NONE',  ( 12.51477162236403728, -2.477304951736782002, 0.3455142252734975661 ) ) ;
#3032 = FACE_OUTER_BOUND ( 'NONE', #1414, .T. ) ;
#3033 = DIRECTION ( 'NONE',  ( 0.9557790087219509845, 0.2940858488375207025, 2.040630503724116978E-15 ) ) ;
#3034 = EDGE_CURVE ( 'NONE', #1690, #2607, #606, .T. ) ;
#3035 = ORIENTED_EDGE ( 'NONE', *, *, #323, .F. ) ;
#3036 = ORIENTED_EDGE ( 'NONE', *, *, #4499, .F. ) ;
#3037 = CARTESIAN_POINT ( 'NONE',  ( -13.88253273981766611, -2.074605310825333504, 2.500000000000000000 ) ) ;
#3038 = CARTESIAN_POINT ( 'NONE',  ( 12.50000000000000000, 2.500000000000000000, 2.500000000000000000 ) ) ;
#3039 = CARTESIAN_POINT ( 'NONE',  ( -13.98710836962923487, 2.206210824734912812, 1.178797362566219586 ) ) ;
#3040 = EDGE_CURVE ( 'NONE', #2378, #1962, #2736, .T. ) ;
#3041 = ORIENTED_EDGE ( 'NONE', *, *, #3998, .F. ) ;
#3042 = CARTESIAN_POINT ( 'NONE',  ( 13.70277322150074539, -2.129915931845920873, 1.650722416016012106 ) ) ;
#3043 = VECTOR ( 'NONE', #1291, 1000.000000000000000 ) ;
#3044 = CARTESIAN_POINT ( 'NONE',  ( -15.77381990457081962, 1.259746078159565297, -2.500000000000000000 ) ) ;
#3045 = ORIENTED_EDGE ( 'NONE', *, *, #774, .T. ) ;
#3046 = AXIS2_PLACEMENT_3D ( 'NONE', #3104, #2327, #2700 ) ;
#3047 = CARTESIAN_POINT ( 'NONE',  ( 19.01058001613322901, -0.4301058239162919294, 2.500000000000000444 ) ) ;
#3048 = VECTOR ( 'NONE', #961, 1000.000000000000114 ) ;
#3049 = DIRECTION ( 'NONE',  ( 0.000000000000000000, 0.8685609752915566251, 0.4955823162710507601 ) ) ;
#3050 = CARTESIAN_POINT ( 'NONE',  ( 17.54097115874694879, 1.148553628383564895, 2.231930575922029369 ) ) ;
#3051 = CARTESIAN_POINT ( 'NONE',  ( -1.674549756581703575, 2.819347682451332382, 6.438941285971933937 ) ) ;
#3052 = CARTESIAN_POINT ( 'NONE',  ( 17.65350046962013764, -1.313458538391825359, -2.132283457325184983 ) ) ;
#3053 = AXIS2_PLACEMENT_3D ( 'NONE', #4010, #1908, #4460 ) ;
#3054 = ADVANCED_FACE ( 'NONE', ( #2415 ), #2370, .T. ) ;
#3055 = CARTESIAN_POINT ( 'NONE',  ( -0.1846507328338020670, 4.014086380134340715, 3.600000000000000089 ) ) ;
#3056 =( BOUNDED_SURFACE ( )  B_SPLINE_SURFACE ( 3, 2, ( 
 ( #4461, #3778, #1285 ),
 ( #3433, #2718, #934 ),
 ( #2022, #218, #1305 ),
 ( #4181, #955, #1043 ) ),
 .UNSPECIFIED., .F., .F., .F. ) 
 B_SPLINE_SURFACE_WITH_KNOTS ( ( 4, 4 ),
 ( 3, 3 ),
 ( 5.487582353695051651, 5.759184046890845288 ),
 ( 0.000000000000000000, 1.000000000000000000 ),
 .UNSPECIFIED. ) 
 GEOMETRIC_REPRESENTATION_ITEM ( )  RATIONAL_B_SPLINE_SURFACE ( (
 ( 1.000000000000000000, 0.9134839804860049872, 1.000000000000000000),
 ( 1.000000000000000000, 0.9304003179300880388, 1.000000000000000000),
 ( 1.000000000000000000, 0.9445902474892685641, 1.000000000000000000),
 ( 1.000000000000000000, 0.9559122584498942476, 1.000000000000000000) ) ) 
 REPRESENTATION_ITEM ( '' )  SURFACE ( )  );
#3057 = FACE_OUTER_BOUND ( 'NONE', #3357, .T. ) ;
#3058 = VECTOR ( 'NONE', #3783, 1000.000000000000114 ) ;
#3059 = ORIENTED_EDGE ( 'NONE', *, *, #3622, .F. ) ;
#3060 = CARTESIAN_POINT ( 'NONE',  ( -14.53320012073744749, 1.874399962849873313, 1.705069307580236559 ) ) ;
#3061 = CARTESIAN_POINT ( 'NONE',  ( -15.01818997635090192, -1.725172314968952403, 2.250000000000000000 ) ) ;
#3062 = EDGE_CURVE ( 'NONE', #1957, #3079, #3099, .T. ) ;
#3063 = CARTESIAN_POINT ( 'NONE',  ( -20.62499999999999289, -2.386068119270603510E-15, -2.500000000000000000 ) ) ;
#3064 = CARTESIAN_POINT ( 'NONE',  ( -17.93777057993066038, 1.028669704029479881, 2.288844333386213403 ) ) ;
#3065 = CARTESIAN_POINT ( 'NONE',  ( -14.17661858865518987, -3.030384319547283933, -1.751219825105331029 ) ) ;
#3066 = EDGE_LOOP ( 'NONE', ( #1016, #1293, #1436, #522 ) ) ;
#3067 = CARTESIAN_POINT ( 'NONE',  ( 12.45432637161547085, -2.456990758681824261, -0.6928022735088635864 ) ) ;
#3068 = CARTESIAN_POINT ( 'NONE',  ( -1.574035588930243312, 2.712336156606296900, 6.530335430263403573 ) ) ;
#3069 = VERTEX_POINT ( 'NONE', #1623 ) ;
#3070 = CARTESIAN_POINT ( 'NONE',  ( -16.06452596313852865, 1.749635530559412233, -1.785714285714286254 ) ) ;
#3071 = CARTESIAN_POINT ( 'NONE',  ( -15.83196111628430280, 1.497694811084300914, 2.299999999999999822 ) ) ;
#3072 = CARTESIAN_POINT ( 'NONE',  ( -15.77381990457075389, -1.259746078159580174, -2.250000000000000444 ) ) ;
#3073 = CARTESIAN_POINT ( 'NONE',  ( 16.06452596313852865, 1.749635530559413121, 1.785714285714285365 ) ) ;
#3074 = CARTESIAN_POINT ( 'NONE',  ( 20.22984960544764732, -0.1365430382070336734, -2.499999999999251710 ) ) ;
#3075 = CARTESIAN_POINT ( 'NONE',  ( 11.03226985042036823, -2.474987477922803158, -2.500000000000000000 ) ) ;
#3076 = DIRECTION ( 'NONE',  ( 1.000000000000000000, -0.000000000000000000, -0.000000000000000000 ) ) ;
#3077 = VERTEX_POINT ( 'NONE', #3779 ) ;
#3078 = EDGE_CURVE ( 'NONE', #584, #843, #3757, .T. ) ;
#3079 = VERTEX_POINT ( 'NONE', #3478 ) ;
#3080 = CARTESIAN_POINT ( 'NONE',  ( -12.15893386379309682, 2.522001759552652711, 0.1038704611633801539 ) ) ;
#3081 = AXIS2_PLACEMENT_3D ( 'NONE', #4005, #3661, #432 ) ;
#3082 = CARTESIAN_POINT ( 'NONE',  ( 14.69347916059988002, -2.050964498150325888, -1.447442124922625029 ) ) ;
#3083 = CARTESIAN_POINT ( 'NONE',  ( -8.825619661674457106, -8.130709537762699668, 2.500000000000000000 ) ) ;
#3084 = VECTOR ( 'NONE', #331, 1000.000000000000000 ) ;
#3085 = DIRECTION ( 'NONE',  ( -1.000000000000000000, 0.000000000000000000, 0.000000000000000000 ) ) ;
#3086 = EDGE_LOOP ( 'NONE', ( #4219, #4533, #2353, #3925 ) ) ;
#3087 = CARTESIAN_POINT ( 'NONE',  ( 0.000000000000000000, 4.000000000000001776, 3.500000000000000000 ) ) ;
#3088 = CC_DESIGN_APPROVAL ( #1641, ( #906 ) ) ;
#3089 = CARTESIAN_POINT ( 'NONE',  ( 13.12147208170592272, -2.293539683640042348, -1.016761036289206332 ) ) ;
#3090 = CARTESIAN_POINT ( 'NONE',  ( -2.054470284279285242, 3.612314858964577713, 5.708153815733874481 ) ) ;
#3091 = EDGE_LOOP ( 'NONE', ( #777, #4568, #1196, #2291, #3480, #900, #4233, #1106, #1802, #39, #200, #1219, #2525, #4053, #2242, #1197, #243, #1086, #4337, #4164, #3533, #1489, #1601, #358, #2679, #2675 ) ) ;
#3092 = CARTESIAN_POINT ( 'NONE',  ( -15.82196492933767118, 1.494400926260933016, -2.329795718515676572 ) ) ;
#3093 = CARTESIAN_POINT ( 'NONE',  ( -8.825619661674457106, 8.130709537762699668, -2.250000000000000888 ) ) ;
#3094 = CARTESIAN_POINT ( 'NONE',  ( 16.06452596313853221, -1.749635530559412455, -1.785714285714286031 ) ) ;
#3095 = CARTESIAN_POINT ( 'NONE',  ( -1.289337565470038305, 2.464587307440282871, 6.740514546343519875 ) ) ;
#3096 = CARTESIAN_POINT ( 'NONE',  ( -13.43700056235513252, -2.317204066774232629, 0.9425331027229341130 ) ) ;
#3097 = CARTESIAN_POINT ( 'NONE',  ( -15.49541502293650730, 1.327772484378371809, -2.500000000000000000 ) ) ;
#3098 = ORIENTED_EDGE ( 'NONE', *, *, #977, .F. ) ;
#3099 = LINE ( 'NONE', #4155, #1352 ) ;
#3100 = CARTESIAN_POINT ( 'NONE',  ( -13.88253273981766611, 2.074605310825333504, 1.751219825105331029 ) ) ;
#3101 = ORIENTED_EDGE ( 'NONE', *, *, #2729, .F. ) ;
#3102 = CARTESIAN_POINT ( 'NONE',  ( -16.06452596313854997, 1.749635530559409347, 1.785714285714289584 ) ) ;
#3103 = CARTESIAN_POINT ( 'NONE',  ( -15.01818997635090014, 1.725172314968953291, -2.249999999999999112 ) ) ;
#3104 = CARTESIAN_POINT ( 'NONE',  ( 8.019790094150197390, 2.942922079885914588, -2.250000000000000888 ) ) ;
#3105 = CARTESIAN_POINT ( 'NONE',  ( -18.71583909195766893, 0.7654916480061035866, 2.386672215849102052 ) ) ;
#3106 = CARTESIAN_POINT ( 'NONE',  ( -13.80901127760828651, 1.835660558644846008, -2.250000000000000888 ) ) ;
#3107 = VERTEX_POINT ( 'NONE', #3802 ) ;
#3108 = CARTESIAN_POINT ( 'NONE',  ( -0.1846507328338020670, 4.014086380134340715, 7.500000000000000000 ) ) ;
#3109 = CARTESIAN_POINT ( 'NONE',  ( 13.29574036034470552, -2.246684444989559992, -1.118144448302372584 ) ) ;
#3110 = CARTESIAN_POINT ( 'NONE',  ( -13.47470268547233552, -2.311399678563219151, -0.9712216892265899126 ) ) ;
#3111 = ORIENTED_EDGE ( 'NONE', *, *, #3771, .F. ) ;
#3112 = CARTESIAN_POINT ( 'NONE',  ( -18.79254616729903304, 0.8737779896257279466, -2.348171783531851187 ) ) ;
#3113 = CARTESIAN_POINT ( 'NONE',  ( -12.56882170445285851, 2.430812297030358060, -0.5971931058046304752 ) ) ;
#3114 = DIRECTION ( 'NONE',  ( -0.9881499919765303064, 0.1534913461950969393, 0.000000000000000000 ) ) ;
#3115 = AXIS2_PLACEMENT_3D ( 'NONE', #3083, #4514, #543 ) ;
#3116 = CARTESIAN_POINT ( 'NONE',  ( -1.930055860717601490, 5.172789372534095875, 4.043018765852020913 ) ) ;
#3117 = CARTESIAN_POINT ( 'NONE',  ( 17.44378967286843718, -1.044580086513149597, -2.403807454327575588 ) ) ;
#3118 = EDGE_CURVE ( 'NONE', #3587, #818, #4091, .T. ) ;
#3119 = VECTOR ( 'NONE', #2716, 1000.000000000000000 ) ;
#3120 = FACE_OUTER_BOUND ( 'NONE', #3906, .T. ) ;
#3121 = CARTESIAN_POINT ( 'NONE',  ( 17.44652770891941529, 1.054649202266762176, 2.400126150653729251 ) ) ;
#3122 = CARTESIAN_POINT ( 'NONE',  ( -16.06452596313852865, -2.449489742783178325, -2.500000000000000444 ) ) ;
#3123 = VERTEX_POINT ( 'NONE', #1237 ) ;
#3124 = AXIS2_PLACEMENT_3D ( 'NONE', #866, #4113, #2991 ) ;
#3125 = VERTEX_POINT ( 'NONE', #2693 ) ;
#3126 = DIRECTION ( 'NONE',  ( -0.1534913461950991320, -0.9881499919765299733, 0.000000000000000000 ) ) ;
#3127 = CARTESIAN_POINT ( 'NONE',  ( -8.058162930698971493, 3.189959577880047359, 2.250000000000000444 ) ) ;
#3128 = CARTESIAN_POINT ( 'NONE',  ( -17.65350046962013764, 1.313458538391857999, 2.132283457325161891 ) ) ;
#3129 = DIRECTION ( 'NONE',  ( 0.2940858488375206470, -0.9557790087219508735, 0.000000000000000000 ) ) ;
#3130 = VERTEX_POINT ( 'NONE', #172 ) ;
#3131 = CARTESIAN_POINT ( 'NONE',  ( -15.33710543790749448, 1.630187717238710254, 2.270764507646248820 ) ) ;
#3132 = CARTESIAN_POINT ( 'NONE',  ( 12.37240576153028826, -2.475753624161068256, -0.3632350155787551493 ) ) ;
#3133 = DIRECTION ( 'NONE',  ( 0.000000000000000000, -0.000000000000000000, -1.000000000000000000 ) ) ;
#3134 = ORIENTED_EDGE ( 'NONE', *, *, #4170, .T. ) ;
#3135 = ADVANCED_FACE ( 'NONE', ( #935 ), #3454, .T. ) ;
#3136 = CARTESIAN_POINT ( 'NONE',  ( 17.39430785048798711, -0.8531767877273940259, 2.500000000000000444 ) ) ;
#3137 = CARTESIAN_POINT ( 'NONE',  ( -12.26167922807684008, 2.500163527472390346, 0.09099965342808045976 ) ) ;
#3138 = CARTESIAN_POINT ( 'NONE',  ( -17.44652278244041455, -1.054650732795199941, -2.400125890948737961 ) ) ;
#3139 = EDGE_CURVE ( 'NONE', #1518, #2195, #3228, .T. ) ;
#3140 = CARTESIAN_POINT ( 'NONE',  ( 19.04086666048549503, 0.5472056999572151303, -2.476336607108322596 ) ) ;
#3141 = CARTESIAN_POINT ( 'NONE',  ( 15.92901501664386288, -1.524936257035094167, -2.005873711997746778 ) ) ;
#3142 = ORIENTED_EDGE ( 'NONE', *, *, #2160, .T. ) ;
#3143 = CARTESIAN_POINT ( 'NONE',  ( -15.49542326494250766, -1.327770470498282895, -2.500000000000000000 ) ) ;
#3144 = FACE_OUTER_BOUND ( 'NONE', #4498, .T. ) ;
#3145 = ORIENTED_EDGE ( 'NONE', *, *, #1750, .T. ) ;
#3146 = ADVANCED_FACE ( 'NONE', ( #3057 ), #4531, .T. ) ;
#3147 = CARTESIAN_POINT ( 'NONE',  ( 20.62499999999999645, 8.263889991991311394E-16, -2.500000000000000444 ) ) ;
#3148 = CARTESIAN_POINT ( 'NONE',  ( -12.26299853286558417, 2.499636914254130371, 0.4161558951547023599 ) ) ;
#3149 = CARTESIAN_POINT ( 'NONE',  ( -5.148278135976766201, -4.742913897028242509, -2.250000000000000888 ) ) ;
#3150 = LINE ( 'NONE', #1007, #3418 ) ;
#3151 = PLANE ( 'NONE',  #2519 ) ;
#3152 = EDGE_LOOP ( 'NONE', ( #2683, #2759 ) ) ;
#3153 = CARTESIAN_POINT ( 'NONE',  ( -0.1846507328338020670, 4.014086380134340715, 3.600000000000000089 ) ) ;
#3154 = CARTESIAN_POINT ( 'NONE',  ( -15.34987493958980664, -1.627356278133848422, 2.271398976816448201 ) ) ;
#3155 = AXIS2_PLACEMENT_3D ( 'NONE', #3308, #1928, #1854 ) ;
#3156 = DIRECTION ( 'NONE',  ( -1.000000000000000000, 1.652117596168387756E-15, 0.000000000000000000 ) ) ;
#3157 = ORIENTED_EDGE ( 'NONE', *, *, #3180, .T. ) ;
#3158 = AXIS2_PLACEMENT_3D ( 'NONE', #1129, #2920, #3949 ) ;
#3159 = B_SPLINE_CURVE_WITH_KNOTS ( 'NONE', 3,
 ( #3270, #328, #1778, #1417, #4262, #1078 ),
 .UNSPECIFIED., .F., .F.,
 ( 4, 2, 4 ),
 ( 0.009211383547023771837, 0.01042485121253353825, 0.01163831887804330466 ),
 .UNSPECIFIED. ) ;
#3160 = CARTESIAN_POINT ( 'NONE',  ( -12.91951591070148275, 2.410733740816936699, -0.6644005925856066863 ) ) ;
#3161 = EDGE_CURVE ( 'NONE', #1773, #1876, #3481, .T. ) ;
#3162 = CARTESIAN_POINT ( 'NONE',  ( -15.55793212042672735, 1.567901847302110685, 2.284534051067611760 ) ) ;
#3163 = VECTOR ( 'NONE', #2715, 1000.000000000000000 ) ;
#3164 = CARTESIAN_POINT ( 'NONE',  ( -13.51906626267705214, -2.183556699472867457, -1.541525243972981851 ) ) ;
#3165 = CARTESIAN_POINT ( 'NONE',  ( -12.43090729223516000, -2.462633092805423640, -0.4431986352182927247 ) ) ;
#3166 = CARTESIAN_POINT ( 'NONE',  ( -18.99290927476282320, 0.4990040809983444792, -2.500000000000000000 ) ) ;
#3167 = ORIENTED_EDGE ( 'NONE', *, *, #38, .F. ) ;
#3168 = FACE_OUTER_BOUND ( 'NONE', #1342, .T. ) ;
#3169 = FACE_OUTER_BOUND ( 'NONE', #2696, .T. ) ;
#3170 = CARTESIAN_POINT ( 'NONE',  ( 17.44652278244040744, -1.054650732795225920, -2.400125890948714424 ) ) ;
#3171 = CARTESIAN_POINT ( 'NONE',  ( 1.508795232646776396, 2.954965234428052590, 6.520325769415579842 ) ) ;
#3172 = DIRECTION ( 'NONE',  ( 0.000000000000000000, -0.000000000000000000, -1.000000000000000000 ) ) ;
#3173 = EDGE_CURVE ( 'NONE', #3826, #92, #4127, .T. ) ;
#3174 = CARTESIAN_POINT ( 'NONE',  ( 8.000815763067205211, 17.04097486361366975, 2.250000000000000444 ) ) ;
#3175 = ORIENTED_EDGE ( 'NONE', *, *, #1275, .F. ) ;
#3176 =( BOUNDED_SURFACE ( )  B_SPLINE_SURFACE ( 3, 2, ( 
 ( #3073, #882, #532 ),
 ( #2689, #1282, #3405 ),
 ( #1256, #1994, #2318 ),
 ( #3752, #3050, #2362 ),
 ( #169, #1616, #4481 ),
 ( #4126, #2341, #3774 ),
 ( #554, #194, #4028 ),
 ( #121, #4451, #1248 ),
 ( #2997, #3020, #3299 ),
 ( #1965, #162, #4098 ) ),
 .UNSPECIFIED., .F., .F., .F. ) 
 B_SPLINE_SURFACE_WITH_KNOTS ( ( 4, 2, 2, 2, 4 ),
 ( 3, 3 ),
 ( 0.006071148258653430441, 0.007398017313136694313, 0.008724886367619958186, 0.01005175542210322293, 0.01137862447658648593 ),
 ( 0.000000000000000000, 0.7846917598839836527 ),
 .UNSPECIFIED. ) 
 GEOMETRIC_REPRESENTATION_ITEM ( )  RATIONAL_B_SPLINE_SURFACE ( (
 ( 1.000000000000000000, 0.9321115923894059963, 0.9707661328661685296),
 ( 1.000000000000000000, 0.9436014858005182804, 0.9757138703251029277),
 ( 1.000000000000000000, 0.9534519681637582122, 0.9799556503689490494),
 ( 1.000000000000000000, 0.9703282500822583145, 0.9872228554880968510),
 ( 1.000000000000000000, 0.9773663177380778055, 0.9902535634096807371),
 ( 1.000000000000000000, 0.9886247232243798866, 0.9951016183532173098),
 ( 1.000000000000000000, 0.9928670848174018237, 0.9969284491702760098),
 ( 1.000000000000000000, 0.9985686370295429048, 0.9993836315157271777),
 ( 1.000000000000000000, 0.9999999299076065551, 0.9999999698170602969),
 ( 1.000000000000000000, 1.000000000000000000, 1.000000000000000000) ) ) 
 REPRESENTATION_ITEM ( '' )  SURFACE ( )  );
#3177 = ORIENTED_EDGE ( 'NONE', *, *, #180, .T. ) ;
#3178 = CARTESIAN_POINT ( 'NONE',  ( 8.000815763067205211, -17.04097486361366975, 2.250000000000000444 ) ) ;
#3179 = CARTESIAN_POINT ( 'NONE',  ( 20.62499999999999645, 2.245531957263555183E-15, -2.500000000000000000 ) ) ;
#3180 = EDGE_CURVE ( 'NONE', #4169, #3629, #2719, .T. ) ;
#3181 = CARTESIAN_POINT ( 'NONE',  ( 1.407079906598117214, 2.969856745613715265, 6.430267071361026154 ) ) ;
#3182 = ORIENTED_EDGE ( 'NONE', *, *, #878, .T. ) ;
#3183 = CARTESIAN_POINT ( 'NONE',  ( 14.17661858865518809, -2.164560228248057161, 1.250871303646670096 ) ) ;
#3184 = CARTESIAN_POINT ( 'NONE',  ( -15.21863630992867833, 1.401929785063210199, 2.500000000000000444 ) ) ;
#3185 = CARTESIAN_POINT ( 'NONE',  ( -12.44644559143877416, -2.458785366965602570, -0.6833662969318894387 ) ) ;
#3186 = PRODUCT_RELATED_PRODUCT_CATEGORY ( 'detail', '', ( #4601 ) ) ;
#3187 = CARTESIAN_POINT ( 'NONE',  ( -13.88253273981766611, -2.074605310825332616, -1.751219825105333250 ) ) ;
#3188 = CARTESIAN_POINT ( 'NONE',  ( 20.62500000000000000, 0.000000000000000000, -2.500000000000000000 ) ) ;
#3189 = VERTEX_POINT ( 'NONE', #1068 ) ;
#3190 = DIRECTION ( 'NONE',  ( 0.7354683051395386473, -0.6775591281468905658, 0.000000000000000000 ) ) ;
#3191 = CIRCLE ( 'NONE', #3789, 2.500000000000000000 ) ;
#3192 = FACE_OUTER_BOUND ( 'NONE', #2348, .T. ) ;
#3193 = FACE_OUTER_BOUND ( 'NONE', #2434, .T. ) ;
#3194 = ADVANCED_FACE ( 'NONE', ( #3168 ), #3957, .F. ) ;
#3195 = CARTESIAN_POINT ( 'NONE',  ( -1.830817246781234253, 5.288509844135295346, 3.840206276655092843 ) ) ;
#3196 = ADVANCED_FACE ( 'NONE', ( #2134 ), #4007, .F. ) ;
#3197 = AXIS2_PLACEMENT_3D ( 'NONE', #3055, #885, #2369 ) ;
#3198 = AXIS2_PLACEMENT_3D ( 'NONE', #3093, #4524, #4242 ) ;
#3199 = DIRECTION ( 'NONE',  ( 0.9557790087219500963, -0.2940858488375230895, -0.000000000000000000 ) ) ;
#3200 = CARTESIAN_POINT ( 'NONE',  ( 8.825619661674457106, 8.130709537762699668, 2.250000000000000444 ) ) ;
#3201 = VECTOR ( 'NONE', #580, 1000.000000000000000 ) ;
#3202 = VERTEX_POINT ( 'NONE', #716 ) ;
#3203 = ORIENTED_EDGE ( 'NONE', *, *, #4229, .F. ) ;
#3204 = CARTESIAN_POINT ( 'NONE',  ( 12.63768248246664072, 2.414578695066242453, 0.6605110387701630392 ) ) ;
#3205 = CIRCLE ( 'NONE', #2746, 0.2499999999999998335 ) ;
#3206 = CARTESIAN_POINT ( 'NONE',  ( 17.54097258950759297, 1.148555725076966905, -2.231929308953011670 ) ) ;
#3207 =( BOUNDED_SURFACE ( )  B_SPLINE_SURFACE ( 3, 2, ( 
 ( #2808, #2875, #265 ),
 ( #4305, #2152, #1062 ),
 ( #1375, #2786, #1084 ),
 ( #1443, #3211, #4620 ) ),
 .UNSPECIFIED., .F., .F., .F. ) 
 B_SPLINE_SURFACE_WITH_KNOTS ( ( 4, 4 ),
 ( 3, 3 ),
 ( 5.487582353695051651, 5.759184046890845288 ),
 ( 0.000000000000000000, 1.000000000000000000 ),
 .UNSPECIFIED. ) 
 GEOMETRIC_REPRESENTATION_ITEM ( )  RATIONAL_B_SPLINE_SURFACE ( (
 ( 1.000000000000000000, 0.9134839804860049872, 1.000000000000000000),
 ( 1.000000000000000000, 0.9304003179300880388, 1.000000000000000000),
 ( 1.000000000000000000, 0.9445902474892685641, 1.000000000000000000),
 ( 1.000000000000000000, 0.9559122584498942476, 1.000000000000000000) ) ) 
 REPRESENTATION_ITEM ( '' )  SURFACE ( )  );
#3208 = DIRECTION ( 'NONE',  ( -1.000000000000000000, 0.000000000000000000, 0.000000000000000000 ) ) ;
#3209 = VERTEX_POINT ( 'NONE', #4251 ) ;
#3210 = EDGE_CURVE ( 'NONE', #2876, #761, #2840, .T. ) ;
#3211 = CARTESIAN_POINT ( 'NONE',  ( 14.01569931280401171, -2.033630980675688704, -1.477436771399734949 ) ) ;
#3212 = CARTESIAN_POINT ( 'NONE',  ( 12.67400535355675650, -2.406118869294707086, 0.9250580683978734120 ) ) ;
#3213 = CARTESIAN_POINT ( 'NONE',  ( -13.98710836962904835, -2.206210824735068687, -1.178797362565950468 ) ) ;
#3214 = CARTESIAN_POINT ( 'NONE',  ( 3.735172737399428132E-16, 0.000000000000000000, 7.500000000000000000 ) ) ;
#3215 = DIRECTION ( 'NONE',  ( -0.2940858488375239777, -0.9557790087219497632, -2.602085213965209458E-15 ) ) ;
#3216 = DIRECTION ( 'NONE',  ( -0.000000000000000000, -0.000000000000000000, -1.000000000000000000 ) ) ;
#3217 = CARTESIAN_POINT ( 'NONE',  ( 1.337553962207860714, 5.434265848526069753, 3.840190310101256443 ) ) ;
#3218 = CARTESIAN_POINT ( 'NONE',  ( 16.06452596313853221, -1.749635530559412455, 1.785714285714286031 ) ) ;
#3219 = LINE ( 'NONE', #2099, #2075 ) ;
#3220 = EDGE_CURVE ( 'NONE', #2847, #1742, #2409, .T. ) ;
#3221 = ORIENTED_EDGE ( 'NONE', *, *, #117, .F. ) ;
#3222 = ORIENTED_EDGE ( 'NONE', *, *, #2584, .F. ) ;
#3223 = CARTESIAN_POINT ( 'NONE',  ( 12.64348997591884860, 2.413196442523889651, -0.6656949861711939365 ) ) ;
#3224 = DIRECTION ( 'NONE',  ( -0.9557790087219500963, -0.2940858488375230895, 0.000000000000000000 ) ) ;
#3225 = EDGE_CURVE ( 'NONE', #1876, #2847, #4033, .T. ) ;
#3226 = FACE_OUTER_BOUND ( 'NONE', #925, .T. ) ;
#3227 = ORIENTED_EDGE ( 'NONE', *, *, #893, .T. ) ;
#3228 = CIRCLE ( 'NONE', #2403, 5.250000000000000000 ) ;
#3229 = CARTESIAN_POINT ( 'NONE',  ( 13.88253273981766434, 2.074605310825333948, -1.751219825105330807 ) ) ;
#3230 = VERTEX_POINT ( 'NONE', #3873 ) ;
#3231 = CIRCLE ( 'NONE', #2629, 5.250000000000000000 ) ;
#3232 = CARTESIAN_POINT ( 'NONE',  ( 13.52105817015298861, -2.182967636486405905, 1.542674731480488060 ) ) ;
#3233 = CARTESIAN_POINT ( 'NONE',  ( -12.68274252029294402, -2.450413295900262689, 0.4994485159979904498 ) ) ;
#3234 = AXIS2_PLACEMENT_3D ( 'NONE', #3491, #256, #1705 ) ;
#3235 = DIRECTION ( 'NONE',  ( 0.6775591281468905658, 0.7354683051395386473, -0.000000000000000000 ) ) ;
#3236 = CARTESIAN_POINT ( 'NONE',  ( 20.62500000000000000, 0.000000000000000000, -2.500000000000000000 ) ) ;
#3237 = PERSON_AND_ORGANIZATION_ROLE ( 'creator' ) ;
#3238 = CARTESIAN_POINT ( 'NONE',  ( 15.88831121229689991, -1.457442703908645942, 2.072003618432633143 ) ) ;
#3239 = CARTESIAN_POINT ( 'NONE',  ( 0.9694479921828350610, 5.541557747369769693, 3.776459310869970221 ) ) ;
#3240 = CARTESIAN_POINT ( 'NONE',  ( -20.62500000000000000, 0.000000000000000000, -2.500000000000000000 ) ) ;
#3241 = CYLINDRICAL_SURFACE ( 'NONE', #2367, 0.2500000000000001665 ) ;
#3242 = CARTESIAN_POINT ( 'NONE',  ( -0.1846507328338020670, 4.014086380134340715, 3.600000000000000089 ) ) ;
#3243 = VERTEX_POINT ( 'NONE', #4313 ) ;
#3244 = ORIENTED_EDGE ( 'NONE', *, *, #491, .T. ) ;
#3245 = CARTESIAN_POINT ( 'NONE',  ( 12.67700190186700659, 2.451349310867417586, 0.4948587663151520211 ) ) ;
#3246 = DIRECTION ( 'NONE',  ( 0.2940858488375206470, -0.9557790087219508735, 0.000000000000000000 ) ) ;
#3247 = CARTESIAN_POINT ( 'NONE',  ( -12.67700190186700659, 2.451349310867417586, 0.4948587663151520211 ) ) ;
#3248 = CARTESIAN_POINT ( 'NONE',  ( 17.62445736398000662, 1.323161139713720402, 2.126119222640175721 ) ) ;
#3249 = ORIENTED_EDGE ( 'NONE', *, *, #1263, .T. ) ;
#3250 = EDGE_CURVE ( 'NONE', #584, #2174, #4585, .T. ) ;
#3251 = CARTESIAN_POINT ( 'NONE',  ( 12.52253946055684963, 2.476085019099798057, 0.3539283770754095837 ) ) ;
#3252 = VERTEX_POINT ( 'NONE', #296 ) ;
#3253 = DIRECTION ( 'NONE',  ( -0.000000000000000000, 0.000000000000000000, 1.000000000000000000 ) ) ;
#3254 = CARTESIAN_POINT ( 'NONE',  ( -12.37240576153028826, -2.475753624161068256, -0.3632350155787559265 ) ) ;
#3255 = EDGE_CURVE ( 'NONE', #1707, #1774, #4656, .T. ) ;
#3256 = CARTESIAN_POINT ( 'NONE',  ( -8.825619661674457106, -8.130709537762699668, -2.250000000000000888 ) ) ;
#3257 = DIRECTION ( 'NONE',  ( -1.000000000000000000, 0.000000000000000000, -0.000000000000000000 ) ) ;
#3258 = DATE_AND_TIME ( #1904, #1593 ) ;
#3259 = CARTESIAN_POINT ( 'NONE',  ( 15.32877851923514356, -1.911338265483615073, 1.627278609483560068 ) ) ;
#3260 = CARTESIAN_POINT ( 'NONE',  ( 1.336217173083304122, 5.435562058135140262, 3.837713064266605745 ) ) ;
#3261 = CARTESIAN_POINT ( 'NONE',  ( -14.94466851414152053, -1.486227562788466239, -2.500000000000000000 ) ) ;
#3262 = EDGE_CURVE ( 'NONE', #3243, #3850, #1124, .T. ) ;
#3263 = CARTESIAN_POINT ( 'NONE',  ( 15.83196111628430636, 1.497694811084300470, 2.299999999999999822 ) ) ;
#3264 = CARTESIAN_POINT ( 'NONE',  ( 13.88253273981766611, 2.074605310825333504, -2.250000000000000888 ) ) ;
#3265 = ORIENTED_EDGE ( 'NONE', *, *, #3989, .F. ) ;
#3266 = AXIS2_PLACEMENT_3D ( 'NONE', #1748, #3172, #2843 ) ;
#3267 = ORIENTED_EDGE ( 'NONE', *, *, #2542, .F. ) ;
#3268 = CIRCLE ( 'NONE', #2440, 0.2499999999999999445 ) ;
#3269 = CARTESIAN_POINT ( 'NONE',  ( 12.32918547731713943, 2.485153695065176915, -0.5254361024075304698 ) ) ;
#3270 = CARTESIAN_POINT ( 'NONE',  ( 1.715349267166197844, 4.014086380133838006, 5.473280934458533586 ) ) ;
#3271 = TOROIDAL_SURFACE ( 'NONE', #1625, 5.250000000000000000, 0.2500000000000000000 ) ;
#3272 = CARTESIAN_POINT ( 'NONE',  ( -12.27088406181650448, 2.497919058051252694, -0.4308616036097165924 ) ) ;
#3273 = CARTESIAN_POINT ( 'NONE',  ( -11.03226985042036823, -2.474987477922803158, 2.500000000000000000 ) ) ;
#3274 = ORIENTED_EDGE ( 'NONE', *, *, #1494, .T. ) ;
#3275 = AXIS2_PLACEMENT_3D ( 'NONE', #2428, #3521, #1730 ) ;
#3276 = CARTESIAN_POINT ( 'NONE',  ( 14.01569931280399928, 2.033630980675692257, -1.477436771399728288 ) ) ;
#3277 = AXIS2_PLACEMENT_3D ( 'NONE', #2887, #1793, #742 ) ;
#3278 = EDGE_CURVE ( 'NONE', #4068, #2423, #4055, .T. ) ;
#3279 = ADVANCED_FACE ( 'NONE', ( #4270 ), #2926, .T. ) ;
#3280 = ORIENTED_EDGE ( 'NONE', *, *, #3285, .F. ) ;
#3281 = CARTESIAN_POINT ( 'NONE',  ( -15.77381990457075389, 1.259746078159581062, 2.500000000000000000 ) ) ;
#3282 = CARTESIAN_POINT ( 'NONE',  ( 0.000000000000000000, 4.000000000000001776, -2.500000000000000000 ) ) ;
#3283 = DIRECTION ( 'NONE',  ( 0.7354683051395386473, 0.6775591281468905658, 0.000000000000000000 ) ) ;
#3284 = DIRECTION ( 'NONE',  ( 0.7354683051395386473, -0.6775591281468905658, 0.000000000000000000 ) ) ;
#3285 = EDGE_CURVE ( 'NONE', #545, #3489, #3605, .T. ) ;
#3286 = CARTESIAN_POINT ( 'NONE',  ( 18.03864087796205595, -1.175739230187564210, 2.212472816268575393 ) ) ;
#3287 = CARTESIAN_POINT ( 'NONE',  ( 1.683098274814840423, 3.646094984253662741, 5.994681133427427255 ) ) ;
#3288 = CARTESIAN_POINT ( 'NONE',  ( 12.37908795793796735, -2.498250832608062577, -0.1037346987361278672 ) ) ;
#3289 = DIRECTION ( 'NONE',  ( 0.6775591281468905658, 0.7354683051395386473, 0.000000000000000000 ) ) ;
#3290 = CARTESIAN_POINT ( 'NONE',  ( 15.82227091433211363, -1.458036688930162361, 2.500000000000000888 ) ) ;
#3291 = ORIENTED_EDGE ( 'NONE', *, *, #1566, .T. ) ;
#3292 = VERTEX_POINT ( 'NONE', #2296 ) ;
#3293 = CARTESIAN_POINT ( 'NONE',  ( 12.52728253342795206, 2.440224954443516392, 0.7737311775429401850 ) ) ;
#3294 = CYLINDRICAL_SURFACE ( 'NONE', #2661, 1.250000000000000000 ) ;
#3295 = B_SPLINE_CURVE_WITH_KNOTS ( 'NONE', 3,
 ( #429, #2224, #1850, #1872 ),
 .UNSPECIFIED., .F., .F.,
 ( 4, 4 ),
 ( 0.000000000000000000, 0.0008595362456403582516 ),
 .UNSPECIFIED. ) ;
#3296 = DIRECTION ( 'NONE',  ( 0.000000000000000000, -0.000000000000000000, -1.000000000000000000 ) ) ;
#3297 = CARTESIAN_POINT ( 'NONE',  ( -14.69347916059988002, 2.050964498150325888, 1.447442124922625029 ) ) ;
#3298 = ORIENTED_EDGE ( 'NONE', *, *, #3028, .F. ) ;
#3299 = CARTESIAN_POINT ( 'NONE',  ( 20.22984960544758692, 0.1365430382071099180, 2.499999999999252154 ) ) ;
#3300 = FACE_OUTER_BOUND ( 'NONE', #3942, .T. ) ;
#3301 = ORIENTED_EDGE ( 'NONE', *, *, #1042, .F. ) ;
#3302 = CARTESIAN_POINT ( 'NONE',  ( -11.03226985042036823, -2.474987477922803158, -2.500000000000000000 ) ) ;
#3303 = CIRCLE ( 'NONE', #1882, 0.2500000000000004996 ) ;
#3304 = CARTESIAN_POINT ( 'NONE',  ( 15.77381990457084626, -1.259746078159557969, 2.500000000000000444 ) ) ;
#3305 = EDGE_CURVE ( 'NONE', #1467, #4453, #2326, .T. ) ;
#3306 = CARTESIAN_POINT ( 'NONE',  ( 15.77381990457081606, 1.259746078159565075, -2.500000000000000444 ) ) ;
#3307 = ORIENTED_EDGE ( 'NONE', *, *, #2450, .F. ) ;
#3308 = CARTESIAN_POINT ( 'NONE',  ( -8.000815763067205211, -17.04097486361366975, -2.250000000000000888 ) ) ;
#3309 = AXIS2_PLACEMENT_3D ( 'NONE', #2756, #2851, #4638 ) ;
#3310 = DATE_AND_TIME ( #2229, #378 ) ;
#3311 = LINE ( 'NONE', #3006, #535 ) ;
#3312 = CARTESIAN_POINT ( 'NONE',  ( 0.7528150612957916765, 2.274067191308481561, 7.011424372972698826 ) ) ;
#3313 = CARTESIAN_POINT ( 'NONE',  ( -4.964411059691882677, -4.573524114991520229, 2.500000000000000000 ) ) ;
#3314 = CIRCLE ( 'NONE', #681, 1.250000000000000000 ) ;
#3315 = DIRECTION ( 'NONE',  ( -0.9557790087219500963, -0.2940858488375230895, 0.000000000000000000 ) ) ;
#3316 = ORIENTED_EDGE ( 'NONE', *, *, #2397, .F. ) ;
#3317 = ORIENTED_EDGE ( 'NONE', *, *, #4412, .F. ) ;
#3318 = CARTESIAN_POINT ( 'NONE',  ( -14.59298780803982609, -1.856003751372361510, 2.094109905508399816 ) ) ;
#3319 = ADVANCED_FACE ( 'NONE', ( #3731 ), #3005, .T. ) ;
#3320 = DIRECTION ( 'NONE',  ( -0.2940858488375230895, -0.9557790087219500963, 0.000000000000000000 ) ) ;
#3321 = FACE_OUTER_BOUND ( 'NONE', #210, .T. ) ;
#3322 = DIRECTION ( 'NONE',  ( -0.9881499919765304174, -0.1534913461950969393, 0.000000000000000000 ) ) ;
#3323 = VERTEX_POINT ( 'NONE', #1497 ) ;
#3324 = ADVANCED_FACE ( 'NONE', ( #4058 ), #1188, .F. ) ;
#3325 = CARTESIAN_POINT ( 'NONE',  ( 12.37604217152451547, -2.474939559944435263, 0.3684621789921004309 ) ) ;
#3326 = CARTESIAN_POINT ( 'NONE',  ( 15.03468451701441744, 1.720097071687871848, -2.278187595231210061 ) ) ;
#3327 = ORIENTED_EDGE ( 'NONE', *, *, #3402, .F. ) ;
#3328 = ORIENTED_EDGE ( 'NONE', *, *, #1262, .T. ) ;
#3329 =( BOUNDED_SURFACE ( )  B_SPLINE_SURFACE ( 3, 2, ( 
 ( #4080, #3472, #509 ),
 ( #4174, #855, #3794 ),
 ( #1228, #3424, #951 ),
 ( #1300, #903, #2664 ),
 ( #1685, #2712, #238 ),
 ( #4434, #1594, #3071 ) ),
 .UNSPECIFIED., .F., .F., .F. ) 
 B_SPLINE_SURFACE_WITH_KNOTS ( ( 4, 2, 4 ),
 ( 3, 3 ),
 ( -1.942333608765485489E-05, 0.002486669619074450069, 0.004992762574236555423 ),
 ( 0.000000000000000000, 1.000000000000000000 ),
 .UNSPECIFIED. ) 
 GEOMETRIC_REPRESENTATION_ITEM ( )  RATIONAL_B_SPLINE_SURFACE ( (
 ( 1.000000000000000000, 1.000000000000000000, 1.000000000000000000),
 ( 1.000000000000000000, 1.000316946226709636, 1.000000000000000000),
 ( 1.000000000000000000, 0.9769270819283077945, 1.000000000000000000),
 ( 1.000000000000000000, 0.8954943458805442180, 1.000000000000000000),
 ( 1.000000000000000000, 0.8377271275362975222, 1.000000000000000000),
 ( 1.000000000000000000, 0.7745966692414830712, 1.000000000000000000) ) ) 
 REPRESENTATION_ITEM ( '' )  SURFACE ( )  );
#3330 = CARTESIAN_POINT ( 'NONE',  ( 1.227726740212325085, 5.540758907730045202, 3.636666666666665826 ) ) ;
#3331 = CARTESIAN_POINT ( 'NONE',  ( -19.16224559184434639, -0.7093541216002438032, 2.403817586563574693 ) ) ;
#3332 = B_SPLINE_CURVE_WITH_KNOTS ( 'NONE', 3,
 ( #2168, #1011, #1035, #2512, #728, #1391, #4328, #2490, #4280, #703, #2144, #2449, #3582, #666, #3537, #2870, #685, #3601, #3903, #353, #2103, #1102, #309, #1439 ),
 .UNSPECIFIED., .F., .F.,
 ( 4, 2, 2, 2, 2, 2, 2, 2, 2, 2, 2, 4 ),
 ( 0.000000000000000000, 0.0006501087612733331533, 0.001300217522546666307, 0.001625271903183334726, 0.001950326283820003363, 0.002275380664456672000, 0.002600435045093340419, 0.002925489425730009273, 0.003250543806366678126, 0.003900652567640016267, 0.004550761328913352673, 0.005200870090186690380 ),
 .UNSPECIFIED. ) ;
#3333 = FACE_OUTER_BOUND ( 'NONE', #274, .T. ) ;
#3334 = DIRECTION ( 'NONE',  ( 1.000000000000000000, 0.000000000000000000, 0.000000000000000000 ) ) ;
#3335 = PERSON_AND_ORGANIZATION ( #1181, #910 ) ;
#3336 = CARTESIAN_POINT ( 'NONE',  ( -16.85091355726473594, 1.560701279336792480, 1.958404929325157529 ) ) ;
#3337 = CARTESIAN_POINT ( 'NONE',  ( 1.483107920335783536, 3.096865302873343939, 6.444191076453764211 ) ) ;
#3338 = CARTESIAN_POINT ( 'NONE',  ( 8.019790094150197390, -2.942922079885914588, -2.500000000000000000 ) ) ;
#3339 = CYLINDRICAL_SURFACE ( 'NONE', #1462, 0.2500000000000001110 ) ;
#3340 = DIRECTION ( 'NONE',  ( -1.000000000000000000, 0.000000000000000000, 0.000000000000000000 ) ) ;
#3341 = EDGE_LOOP ( 'NONE', ( #417, #913, #993 ) ) ;
#3342 = ADVANCED_FACE ( 'NONE', ( #2642, #510 ), #1114, .F. ) ;
#3343 = EDGE_LOOP ( 'NONE', ( #4655, #2392, #3328, #1968 ) ) ;
#3344 = CARTESIAN_POINT ( 'NONE',  ( 13.88253273981766611, 2.074605310825333060, 1.751219825105331696 ) ) ;
#3345 = CYLINDRICAL_SURFACE ( 'NONE', #4093, 0.2499999999999999445 ) ;
#3346 = CARTESIAN_POINT ( 'NONE',  ( -15.92901501664386288, 1.524936257035093723, 2.005873711997746334 ) ) ;
#3347 = CARTESIAN_POINT ( 'NONE',  ( -8.825619661674457106, 8.130709537762699668, 2.500000000000000000 ) ) ;
#3348 = AXIS2_PLACEMENT_3D ( 'NONE', #3763, #3296, #1149 ) ;
#3349 = EDGE_CURVE ( 'NONE', #3655, #3826, #4353, .T. ) ;
#3350 = EDGE_LOOP ( 'NONE', ( #1592, #1270, #605, #3280 ) ) ;
#3351 = VECTOR ( 'NONE', #195, 1000.000000000000000 ) ;
#3352 = AXIS2_PLACEMENT_3D ( 'NONE', #4, #4268, #4312 ) ;
#3353 = CARTESIAN_POINT ( 'NONE',  ( 12.26167922807686317, -2.500163527472414771, -0.09099965342809793190 ) ) ;
#3354 = CARTESIAN_POINT ( 'NONE',  ( 14.17661858865518809, 2.164560228248060270, -1.250871303646664767 ) ) ;
#3355 = ORIENTED_EDGE ( 'NONE', *, *, #1465, .T. ) ;
#3356 = EDGE_CURVE ( 'NONE', #4112, #3209, #897, .T. ) ;
#3357 = EDGE_LOOP ( 'NONE', ( #2727, #2072, #1756, #2929 ) ) ;
#3358 = CARTESIAN_POINT ( 'NONE',  ( 0.8213705255115396620, 5.557334424950754581, 3.505177876411787796 ) ) ;
#3359 = CARTESIAN_POINT ( 'NONE',  ( -17.84717124470889971, -0.9227136938407878297, 2.423713209572928129 ) ) ;
#3360 = AXIS2_PLACEMENT_3D ( 'NONE', #567, #4492, #2352 ) ;
#3361 = CARTESIAN_POINT ( 'NONE',  ( 8.058162930698971493, 3.189959577880047359, 2.500000000000000000 ) ) ;
#3362 = DIRECTION ( 'NONE',  ( 1.000000000000000000, 0.000000000000000000, 0.000000000000000000 ) ) ;
#3363 =( BOUNDED_CURVE ( )  B_SPLINE_CURVE ( 3, ( #376, #3297, #1843, #65 ),
 .UNSPECIFIED., .F., .F. ) 
 B_SPLINE_CURVE_WITH_KNOTS ( ( 4, 4 ),
 ( 0.5240012602887417215, 0.7956029534845354689 ),
 .UNSPECIFIED. ) 
 CURVE ( )  GEOMETRIC_REPRESENTATION_ITEM ( )  RATIONAL_B_SPLINE_CURVE ( ( 1.000000000000000000, 0.9938621515090062530, 0.9938621515090062530, 1.000000000000000000 ) ) 
 REPRESENTATION_ITEM ( '' )  );
#3364 = LINE ( 'NONE', #857, #2787 ) ;
#3365 = CARTESIAN_POINT ( 'NONE',  ( -0.9532753633838368934, 2.193193245922097745, 7.013164072864332077 ) ) ;
#3366 = CARTESIAN_POINT ( 'NONE',  ( -20.62499999999998934, -5.627339881247536653E-15, 2.500000000000000444 ) ) ;
#3367 = DIRECTION ( 'NONE',  ( 0.1534913461950967450, -0.9881499919765304174, 0.000000000000000000 ) ) ;
#3368 = CARTESIAN_POINT ( 'NONE',  ( 20.62499999999999645, -8.263889991991311394E-16, 2.500000000000000444 ) ) ;
#3369 = ORIENTED_EDGE ( 'NONE', *, *, #1709, .F. ) ;
#3370 = ORIENTED_EDGE ( 'NONE', *, *, #536, .T. ) ;
#3371 = CARTESIAN_POINT ( 'NONE',  ( 14.17661858865518987, 2.164560228248059826, 1.250871303646665433 ) ) ;
#3372 = CARTESIAN_POINT ( 'NONE',  ( 15.32666803614528028, 1.911802107920567373, -1.626824138566925315 ) ) ;
#3373 = CARTESIAN_POINT ( 'NONE',  ( 16.46012385473530060, -1.662690938999683787, -1.870902239800696254 ) ) ;
#3374 = CARTESIAN_POINT ( 'NONE',  ( 14.59298780803982609, -1.856003751372361510, 2.094109905508399816 ) ) ;
#3375 = ORIENTED_EDGE ( 'NONE', *, *, #4198, .F. ) ;
#3376 = CARTESIAN_POINT ( 'NONE',  ( 12.28671157032836625, -2.494740686554059117, -0.1867371269386449428 ) ) ;
#3377 = EDGE_CURVE ( 'NONE', #355, #1938, #457, .T. ) ;
#3378 = CARTESIAN_POINT ( 'NONE',  ( -14.17661858865518809, -2.164560228248057161, 1.250871303646670096 ) ) ;
#3379 = EDGE_LOOP ( 'NONE', ( #1008, #2227, #4326, #2799 ) ) ;
#3380 = EDGE_LOOP ( 'NONE', ( #3747, #2171, #4590, #4096 ) ) ;
#3381 = CARTESIAN_POINT ( 'NONE',  ( -15.77044011430106529, 1.493710734061210799, -2.500000000000017319 ) ) ;
#3382 = EDGE_CURVE ( 'NONE', #850, #4471, #891, .T. ) ;
#3383 = CARTESIAN_POINT ( 'NONE',  ( -24.75000000000000000, 0.000000000000000000, 0.000000000000000000 ) ) ;
#3384 = DIRECTION ( 'NONE',  ( 1.000000000000000000, 0.000000000000000000, 0.000000000000000000 ) ) ;
#3385 = CARTESIAN_POINT ( 'NONE',  ( 16.22972041366887908, -1.387969527576139672, 2.345931927244445880 ) ) ;
#3386 = CARTESIAN_POINT ( 'NONE',  ( 0.7145379342924540467, 2.335976692235230079, 6.991372798262017518 ) ) ;
#3387 = FACE_OUTER_BOUND ( 'NONE', #2792, .T. ) ;
#3388 = EDGE_CURVE ( 'NONE', #2286, #3292, #1247, .T. ) ;
#3389 = AXIS2_PLACEMENT_3D ( 'NONE', #4338, #785, #856 ) ;
#3390 = FACE_OUTER_BOUND ( 'NONE', #3696, .T. ) ;
#3391 = CARTESIAN_POINT ( 'NONE',  ( 15.83196111628437386, -1.497694811084284261, 2.300000000000003819 ) ) ;
#3392 = ORIENTED_EDGE ( 'NONE', *, *, #1262, .F. ) ;
#3393 = EDGE_LOOP ( 'NONE', ( #4494, #1580, #3759 ) ) ;
#3394 = AXIS2_PLACEMENT_3D ( 'NONE', #3905, #3519, #3156 ) ;
#3395 = CARTESIAN_POINT ( 'NONE',  ( 0.6237048256052466488, 5.622365364374386942, 3.500000000000000000 ) ) ;
#3396 = CYLINDRICAL_SURFACE ( 'NONE', #107, 20.00000000000000000 ) ;
#3397 = AXIS2_PLACEMENT_3D ( 'NONE', #4544, #2779, #4192 ) ;
#3398 = ORIENTED_EDGE ( 'NONE', *, *, #2961, .T. ) ;
#3399 = CARTESIAN_POINT ( 'NONE',  ( 13.00818758510588857, -2.322760517146689185, 1.199661508643445451 ) ) ;
#3400 = CARTESIAN_POINT ( 'NONE',  ( 14.17661858865518631, 3.030384319547281269, -1.751219825105335914 ) ) ;
#3401 = ORIENTED_EDGE ( 'NONE', *, *, #1494, .F. ) ;
#3402 = EDGE_CURVE ( 'NONE', #2128, #2032, #447, .T. ) ;
#3403 = DIRECTION ( 'NONE',  ( 0.000000000000000000, 0.000000000000000000, -1.000000000000000000 ) ) ;
#3404 = CARTESIAN_POINT ( 'NONE',  ( 14.17661858865517743, 2.164560228248062490, 1.250871303646660104 ) ) ;
#3405 = CARTESIAN_POINT ( 'NONE',  ( 16.22971788812905203, 1.387968074441443767, 2.345938784399056676 ) ) ;
#3406 = CARTESIAN_POINT ( 'NONE',  ( -2.083196023582140732, 4.888103709301902633, 4.438222762075169747 ) ) ;
#3407 = FACE_OUTER_BOUND ( 'NONE', #2011, .T. ) ;
#3408 = DIRECTION ( 'NONE',  ( -0.000000000000000000, -0.000000000000000000, -1.000000000000000000 ) ) ;
#3409 = DIRECTION ( 'NONE',  ( -1.000000000000000000, 0.000000000000000000, 0.000000000000000000 ) ) ;
#3410 = EDGE_LOOP ( 'NONE', ( #2290, #3227, #136, #3435 ) ) ;
#3411 = EDGE_CURVE ( 'NONE', #305, #1816, #1502, .T. ) ;
#3412 = CYLINDRICAL_SURFACE ( 'NONE', #3432, 0.2499999999999999445 ) ;
#3413 = CARTESIAN_POINT ( 'NONE',  ( 1.715349267166197844, 4.014086380134340715, 3.600000000000000089 ) ) ;
#3414 = CARTESIAN_POINT ( 'NONE',  ( -15.77381990457084626, -1.259746078159557969, 2.500000000000000000 ) ) ;
#3415 = FACE_BOUND ( 'NONE', #4288, .T. ) ;
#3416 = EDGE_LOOP ( 'NONE', ( #418, #662, #2626 ) ) ;
#3417 = CARTESIAN_POINT ( 'NONE',  ( 13.88253273981766611, -2.074605310825332616, -1.751219825105333250 ) ) ;
#3418 = VECTOR ( 'NONE', #2751, 1000.000000000000114 ) ;
#3419 = LINE ( 'NONE', #144, #1888 ) ;
#3420 = ORIENTED_EDGE ( 'NONE', *, *, #3349, .F. ) ;
#3421 = CIRCLE ( 'NONE', #1234, 0.2499999999999999445 ) ;
#3422 = CIRCLE ( 'NONE', #2819, 1.250000000000000000 ) ;
#3423 = CARTESIAN_POINT ( 'NONE',  ( -20.26117717742552671, 0.1814194387004244013, -2.500000000000000000 ) ) ;
#3424 = CARTESIAN_POINT ( 'NONE',  ( -18.99290889435627960, 0.4990041957360353830, 2.500000000000000888 ) ) ;
#3425 = EDGE_CURVE ( 'NONE', #1817, #2747, #2178, .T. ) ;
#3426 = EDGE_CURVE ( 'NONE', #1715, #3209, #2699, .T. ) ;
#3427 = CIRCLE ( 'NONE', #3724, 1.899999999999999689 ) ;
#3428 = DIRECTION ( 'NONE',  ( 0.9881499919765300843, -0.1534913461950988822, 2.662650416039215983E-16 ) ) ;
#3429 = CARTESIAN_POINT ( 'NONE',  ( -11.07064268696914766, -2.722024975916938594, -2.250000000000000888 ) ) ;
#3430 = CARTESIAN_POINT ( 'NONE',  ( -1.538053563489734765, 2.663744839674665688, 6.572121430166442124 ) ) ;
#3431 = CARTESIAN_POINT ( 'NONE',  ( 18.71583909195765827, -0.7654916480061269013, -2.386672215849052314 ) ) ;
#3432 = AXIS2_PLACEMENT_3D ( 'NONE', #176, #1627, #1147 ) ;
#3433 = CARTESIAN_POINT ( 'NONE',  ( -15.32877851923505119, -1.911338265483983445, -1.627278609483196581 ) ) ;
#3434 = CARTESIAN_POINT ( 'NONE',  ( 19.01058153530718897, 0.4301054258082303572, 2.500000000000000444 ) ) ;
#3435 = ORIENTED_EDGE ( 'NONE', *, *, #2469, .F. ) ;
#3436 = CARTESIAN_POINT ( 'NONE',  ( -14.01569931280398862, 2.033630980675696254, 1.477436771399722293 ) ) ;
#3437 = CARTESIAN_POINT ( 'NONE',  ( -12.26646794535749230, 2.498880383442157793, -0.4222981033321924760 ) ) ;
#3438 = CARTESIAN_POINT ( 'NONE',  ( -17.84716903822544509, -0.9227111133517392760, -2.423716494198788318 ) ) ;
#3439 = CARTESIAN_POINT ( 'NONE',  ( -18.03864087796205595, 1.175739230187564210, 2.212472816268575393 ) ) ;
#3440 = CARTESIAN_POINT ( 'NONE',  ( -24.75000000000000000, 0.000000000000000000, 0.000000000000000000 ) ) ;
#3441 = ORIENTED_EDGE ( 'NONE', *, *, #3907, .T. ) ;
#3442 = FACE_OUTER_BOUND ( 'NONE', #1415, .T. ) ;
#3443 = CARTESIAN_POINT ( 'NONE',  ( 13.98710836962906612, -2.206210824735232112, -1.178797362565667362 ) ) ;
#3444 = CARTESIAN_POINT ( 'NONE',  ( -1.171388321376867436, 2.384650796522397975, 6.807594224794959459 ) ) ;
#3445 = ORIENTED_EDGE ( 'NONE', *, *, #427, .T. ) ;
#3446 = CARTESIAN_POINT ( 'NONE',  ( -16.63611146266115881, 1.276909337552089241, -2.364939480456889953 ) ) ;
#3447 = B_SPLINE_CURVE_WITH_KNOTS ( 'NONE', 3,
 ( #693, #4579, #361, #2459 ),
 .UNSPECIFIED., .F., .F.,
 ( 4, 4 ),
 ( 0.000000000000000000, 0.0008595265505675723236 ),
 .UNSPECIFIED. ) ;
#3448 = CARTESIAN_POINT ( 'NONE',  ( -15.83196111628437031, 1.497694811084284261, -2.300000000000003375 ) ) ;
#3449 = CARTESIAN_POINT ( 'NONE',  ( -15.77381990457075389, -1.259746078159580840, -2.500000000000000000 ) ) ;
#3450 = CARTESIAN_POINT ( 'NONE',  ( -1.626932579483897801, 5.250946547988245783, 3.600000000000001421 ) ) ;
#3451 = CARTESIAN_POINT ( 'NONE',  ( 17.54097115874694168, -1.148553628383625735, -2.231930575922040028 ) ) ;
#3452 = DIRECTION ( 'NONE',  ( 0.000000000000000000, 0.000000000000000000, -1.000000000000000000 ) ) ;
#3453 = VERTEX_POINT ( 'NONE', #1877 ) ;
#3454 = CYLINDRICAL_SURFACE ( 'NONE', #2035, 7.000000000000001776 ) ;
#3455 = CARTESIAN_POINT ( 'NONE',  ( -16.85090542378425482, -1.560703405955327749, 1.958403104631924352 ) ) ;
#3456 = ORIENTED_EDGE ( 'NONE', *, *, #1034, .T. ) ;
#3457 = CARTESIAN_POINT ( 'NONE',  ( -15.03468451701457020, 1.720097071687824997, 2.278187595230828588 ) ) ;
#3458 = CARTESIAN_POINT ( 'NONE',  ( 11.03226985042036823, 2.474987477922806267, -2.250000000000000888 ) ) ;
#3459 = AXIS2_PLACEMENT_3D ( 'NONE', #1155, #2998, #2923 ) ;
#3460 = CARTESIAN_POINT ( 'NONE',  ( -19.86543050901132901, -0.3181054656586613794, -2.484748997949003613 ) ) ;
#3461 = CARTESIAN_POINT ( 'NONE',  ( -17.54097115874694879, 1.148553628383668590, 2.231930575922107973 ) ) ;
#3462 = AXIS2_PLACEMENT_3D ( 'NONE', #1177, #1895, #2241 ) ;
#3463 = CARTESIAN_POINT ( 'NONE',  ( 0.000000000000000000, 0.000000000000000000, 2.500000000000000000 ) ) ;
#3464 = ORIENTED_EDGE ( 'NONE', *, *, #2570, .T. ) ;
#3465 = CARTESIAN_POINT ( 'NONE',  ( -1.708683548071309621, 5.430927896792079324, 3.590603418252770407 ) ) ;
#3466 = AXIS2_PLACEMENT_3D ( 'NONE', #4036, #1574, #1879 ) ;
#3467 = CARTESIAN_POINT ( 'NONE',  ( 13.17273120067030057, -2.279594382428813848, -1.315888194516920517 ) ) ;
#3468 = CARTESIAN_POINT ( 'NONE',  ( -13.82310207765998911, -2.242256164730520585, 1.116422992684434234 ) ) ;
#3469 = ORIENTED_EDGE ( 'NONE', *, *, #1777, .T. ) ;
#3470 = EDGE_CURVE ( 'NONE', #619, #4281, #2909, .T. ) ;
#3471 = DIRECTION ( 'NONE',  ( -0.9184126158110055282, -0.2825884971726180250, -0.2768790501011365035 ) ) ;
#3472 = CARTESIAN_POINT ( 'NONE',  ( -20.62499999999999645, -7.276853601411253864E-16, 2.500000000000000444 ) ) ;
#3473 = CARTESIAN_POINT ( 'NONE',  ( 8.058162930698971493, 3.189959577880047359, -2.250000000000000888 ) ) ;
#3474 = CARTESIAN_POINT ( 'NONE',  ( -2.193808001651371242, 3.698452844641124670, 5.733949109235049413 ) ) ;
#3475 = CARTESIAN_POINT ( 'NONE',  ( -13.12812524830540006, -2.291775676477087131, 1.020789071298890072 ) ) ;
#3476 = CARTESIAN_POINT ( 'NONE',  ( 8.019790094150197390, -2.942922079885915476, 2.500000000000000000 ) ) ;
#3477 = VERTEX_POINT ( 'NONE', #2665 ) ;
#3478 = CARTESIAN_POINT ( 'NONE',  ( 11.03226985042036823, -2.474987477922803158, 2.500000000000000000 ) ) ;
#3479 = DIRECTION ( 'NONE',  ( 0.9557790087219500963, 0.2940858488375230895, 0.000000000000000000 ) ) ;
#3480 = ORIENTED_EDGE ( 'NONE', *, *, #756, .F. ) ;
#3481 = B_SPLINE_CURVE_WITH_KNOTS ( 'NONE', 3,
 ( #912, #1307, #2346, #558 ),
 .UNSPECIFIED., .F., .F.,
 ( 4, 4 ),
 ( 0.000000000000000000, 0.0008466442958064554145 ),
 .UNSPECIFIED. ) ;
#3482 = CARTESIAN_POINT ( 'NONE',  ( -20.62500000000000000, 0.000000000000000000, 2.500000000000000000 ) ) ;
#3483 =( BOUNDED_SURFACE ( )  B_SPLINE_SURFACE ( 3, 2, ( 
 ( #3070, #4500, #3092 ),
 ( #237, #2016, #166 ),
 ( #2039, #4477, #3446 ),
 ( #1684, #1279, #1227 ),
 ( #1299, #2685, #528 ),
 ( #3112, #2663, #3793 ),
 ( #2337, #4101, #551 ),
 ( #1326, #926, #1970 ),
 ( #3423, #1991, #2358 ),
 ( #2733, #4173, #950 ) ),
 .UNSPECIFIED., .F., .F., .F. ) 
 B_SPLINE_SURFACE_WITH_KNOTS ( ( 4, 2, 2, 2, 4 ),
 ( 3, 3 ),
 ( 0.006071148258653430441, 0.007398017313136694313, 0.008724886367619958186, 0.01005175542210322293, 0.01137862447658648593 ),
 ( 0.000000000000000000, 0.7846820789053668976 ),
 .UNSPECIFIED. ) 
 GEOMETRIC_REPRESENTATION_ITEM ( )  RATIONAL_B_SPLINE_SURFACE ( (
 ( 1.000000000000000000, 0.9321124299491411191, 0.9707651790969655803),
 ( 1.000000000000000000, 0.9436021816059917411, 0.9757130779782590135),
 ( 1.000000000000000000, 0.9534525424408295535, 0.9799549964122376000),
 ( 1.000000000000000000, 0.9703286161515946029, 0.9872224386275210151),
 ( 1.000000000000000000, 0.9773665969766338613, 0.9902532454274235452),
 ( 1.000000000000000000, 0.9886248635645961125, 0.9951014585411219748),
 ( 1.000000000000000000, 0.9928671728183252609, 0.9969283489594289449),
 ( 1.000000000000000000, 0.9985686546886991533, 0.9993836114064043041),
 ( 1.000000000000000000, 0.9999999299084709747, 0.9999999698160754180),
 ( 1.000000000000000000, 1.000000000000000000, 1.000000000000000000) ) ) 
 REPRESENTATION_ITEM ( '' )  SURFACE ( )  );
#3484 = CARTESIAN_POINT ( 'NONE',  ( -13.51906626267704148, 2.183556699472869234, 1.541525243972979187 ) ) ;
#3485 = CARTESIAN_POINT ( 'NONE',  ( 19.83342505806233902, 0.2737921357421918556, -2.500000000000003109 ) ) ;
#3486 = DIRECTION ( 'NONE',  ( 0.9184126158110060834, 0.2825884971726172479, -0.2768790501011355598 ) ) ;
#3487 = ADVANCED_FACE ( 'NONE', ( #530 ), #4644, .F. ) ;
#3488 = CARTESIAN_POINT ( 'NONE',  ( -16.64229932410990997, 1.289442290158035576, -2.348787563640236442 ) ) ;
#3489 = VERTEX_POINT ( 'NONE', #2714 ) ;
#3490 = CARTESIAN_POINT ( 'NONE',  ( 1.137987532081301989, 5.378134773770858246, 3.599999999999999645 ) ) ;
#3491 = CARTESIAN_POINT ( 'NONE',  ( -13.80901127760828473, -1.835660558644842455, -2.250000000000000888 ) ) ;
#3492 = CARTESIAN_POINT ( 'NONE',  ( -15.01818997635090014, 1.725172314968953291, -2.249999999999999112 ) ) ;
#3493 = EDGE_LOOP ( 'NONE', ( #3317, #2189, #4276 ) ) ;
#3494 = CARTESIAN_POINT ( 'NONE',  ( 17.44652893141612182, -1.054648810832697237, 2.400126207577332860 ) ) ;
#3495 = CARTESIAN_POINT ( 'NONE',  ( -12.39589087160293168, 2.495717275576327054, -0.1632803636894633870 ) ) ;
#3496 = B_SPLINE_CURVE_WITH_KNOTS ( 'NONE', 3,
 ( #4205, #221, #2436, #1563, #2634, #2309, #4094, #3455, #3849, #2994 ),
 .UNSPECIFIED., .F., .F.,
 ( 4, 2, 2, 2, 4 ),
 ( -4.174195562399390333E-05, 0.001199151176171815714, 0.002440044307967625080, 0.003680937439763434880, 0.004921830571559244680 ),
 .UNSPECIFIED. ) ;
#3497 = CARTESIAN_POINT ( 'NONE',  ( -17.38978185626653428, -0.9870815700746604637, -2.500000000000001332 ) ) ;
#3498 = VECTOR ( 'NONE', #3199, 1000.000000000000000 ) ;
#3499 = CIRCLE ( 'NONE', #2363, 5.000000000000000000 ) ;
#3500 = CARTESIAN_POINT ( 'NONE',  ( -15.69691865209162707, 1.254765981880740622, -2.500000000000000000 ) ) ;
#3501 = CARTESIAN_POINT ( 'NONE',  ( -12.76457677030394855, -2.383586551795305652, 1.000049635058041231 ) ) ;
#3502 = CIRCLE ( 'NONE', #1552, 0.2499999999999998335 ) ;
#3503 = CARTESIAN_POINT ( 'NONE',  ( -16.58533021157839826, 1.061458857747809237, -2.500000000000000444 ) ) ;
#3504 = CARTESIAN_POINT ( 'NONE',  ( 17.38978707387386180, 0.9870799838539295878, 2.500000000000000444 ) ) ;
#3505 = PLANE ( 'NONE',  #603 ) ;
#3506 = EDGE_LOOP ( 'NONE', ( #1729, #1943, #3267 ) ) ;
#3507 = AXIS2_PLACEMENT_3D ( 'NONE', #1612, #4195, #4123 ) ;
#3508 = CARTESIAN_POINT ( 'NONE',  ( 13.88253273981766611, -2.074605310825333504, 2.250000000000000444 ) ) ;
#3509 = CARTESIAN_POINT ( 'NONE',  ( -12.74863044616683005, 2.387491447952322599, 0.9862505538982153652 ) ) ;
#3510 = CARTESIAN_POINT ( 'NONE',  ( -14.69347916059988002, -2.050964498150325888, -1.447442124922625029 ) ) ;
#3511 = AXIS2_PLACEMENT_3D ( 'NONE', #4441, #2912, #3367 ) ;
#3512 = CARTESIAN_POINT ( 'NONE',  ( -20.62499999999999289, 2.572108537550039189E-15, 2.500000000000000000 ) ) ;
#3513 = CARTESIAN_POINT ( 'NONE',  ( 16.74166552202445502, 1.358342089282295717, -2.116997319957556467 ) ) ;
#3514 =( BOUNDED_CURVE ( )  B_SPLINE_CURVE ( 3, ( #2656, #1692, #871, #3804 ),
 .UNSPECIFIED., .F., .F. ) 
 B_SPLINE_CURVE_WITH_KNOTS ( ( 4, 4 ),
 ( 5.584962833817026961, 5.759184046890844400 ),
 .UNSPECIFIED. ) 
 CURVE ( )  GEOMETRIC_REPRESENTATION_ITEM ( )  RATIONAL_B_SPLINE_CURVE ( ( 1.000000000000000000, 0.9974721798288450625, 0.9974721798288450625, 1.000000000000000000 ) ) 
 REPRESENTATION_ITEM ( '' )  );
#3515 = VERTEX_POINT ( 'NONE', #952 ) ;
#3516 = DIRECTION ( 'NONE',  ( -0.000000000000000000, -0.000000000000000000, -1.000000000000000000 ) ) ;
#3517 = EDGE_CURVE ( 'NONE', #1038, #1946, #3832, .T. ) ;
#3518 = CARTESIAN_POINT ( 'NONE',  ( -15.83196111628431346, -1.497694811084301580, 2.299999999999986056 ) ) ;
#3519 = DIRECTION ( 'NONE',  ( 0.000000000000000000, 0.000000000000000000, 1.000000000000000000 ) ) ;
#3520 = ORIENTED_EDGE ( 'NONE', *, *, #3278, .T. ) ;
#3521 = DIRECTION ( 'NONE',  ( 0.9557790087219509845, -0.2940858488375207025, 7.652364388965213842E-16 ) ) ;
#3522 = CARTESIAN_POINT ( 'NONE',  ( -12.36835710614172612, 2.499877159467077004, -0.08349941192643432764 ) ) ;
#3523 = CARTESIAN_POINT ( 'NONE',  ( 12.26646794535749407, -2.498880383442160902, 0.4222981033321720479 ) ) ;
#3524 = CARTESIAN_POINT ( 'NONE',  ( -12.18660158051959996, -2.516148034411812784, 0.2285925086429450304 ) ) ;
#3525 = CARTESIAN_POINT ( 'NONE',  ( -17.44652272034679186, 1.054650754003388702, -2.400125888152606635 ) ) ;
#3526 = DIRECTION ( 'NONE',  ( -1.000000000000000000, 7.112366251504909087E-15, 0.000000000000000000 ) ) ;
#3527 = DIRECTION ( 'NONE',  ( -0.2373605028755660651, 0.9714216343455907010, 0.000000000000000000 ) ) ;
#3528 = CARTESIAN_POINT ( 'NONE',  ( 1.239363802386707070, 5.279836110112127834, 3.797750487465587188 ) ) ;
#3529 = CARTESIAN_POINT ( 'NONE',  ( -12.51878185960651457, 2.442196843928992944, 0.7645712394897870023 ) ) ;
#3530 = EDGE_CURVE ( 'NONE', #92, #1032, #3010, .T. ) ;
#3531 = LINE ( 'NONE', #3963, #1012 ) ;
#3532 = CARTESIAN_POINT ( 'NONE',  ( -15.49544310571194750, -1.327765619782586670, -2.500000000000000444 ) ) ;
#3533 = ORIENTED_EDGE ( 'NONE', *, *, #727, .T. ) ;
#3534 = VERTEX_POINT ( 'NONE', #2340 ) ;
#3535 = VECTOR ( 'NONE', #1546, 1000.000000000000114 ) ;
#3536 = CARTESIAN_POINT ( 'NONE',  ( -15.72026304921097761, 1.526312185053917192, 2.293695861799487812 ) ) ;
#3537 = CARTESIAN_POINT ( 'NONE',  ( 12.18512076645479603, 2.516461656922417411, -0.2228526950171692000 ) ) ;
#3538 = AXIS2_PLACEMENT_3D ( 'NONE', #1706, #3133, #4283 ) ;
#3539 =( BOUNDED_CURVE ( )  B_SPLINE_CURVE ( 3, ( #1534, #4448, #1942, #2967 ),
 .UNSPECIFIED., .F., .F. ) 
 B_SPLINE_CURVE_WITH_KNOTS ( ( 4, 4 ),
 ( 5.487582353695050763, 5.759184046890842623 ),
 .UNSPECIFIED. ) 
 CURVE ( )  GEOMETRIC_REPRESENTATION_ITEM ( )  RATIONAL_B_SPLINE_CURVE ( ( 1.000000000000000000, 0.9938621515090062530, 0.9938621515090062530, 1.000000000000000000 ) ) 
 REPRESENTATION_ITEM ( '' )  );
#3540 = CARTESIAN_POINT ( 'NONE',  ( 1.524418703210301596, 3.175573636702667013, 6.259089162748093571 ) ) ;
#3541 = ORIENTED_EDGE ( 'NONE', *, *, #1734, .F. ) ;
#3542 = LOCAL_TIME ( 19, 30, 25.00000000000000000, #2620 ) ;
#3543 = CARTESIAN_POINT ( 'NONE',  ( 19.88449767545909808, -0.3691230182084115907, 2.479126514951912164 ) ) ;
#3544 = CARTESIAN_POINT ( 'NONE',  ( -15.27185534967098590, 1.629046572555465255, 2.499999999999761524 ) ) ;
#3545 = EDGE_CURVE ( 'NONE', #2174, #1817, #149, .T. ) ;
#3546 = CARTESIAN_POINT ( 'NONE',  ( 13.51906626267705214, -2.183556699472867457, -1.541525243972981851 ) ) ;
#3547 = B_SPLINE_CURVE_WITH_KNOTS ( 'NONE', 3,
 ( #2355, #4166, #4519, #3815, #1344, #946, #594, #2803 ),
 .UNSPECIFIED., .F., .F.,
 ( 4, 2, 2, 4 ),
 ( 0.000000000000000000, 0.0001720719718742732651, 0.0003441439437485465302, 0.0006882878874970930604 ),
 .UNSPECIFIED. ) ;
#3548 = CARTESIAN_POINT ( 'NONE',  ( -12.32459871730817191, -2.486168325119394673, -0.5184154469669202125 ) ) ;
#3549 = CARTESIAN_POINT ( 'NONE',  ( 5.148278135976766201, 4.742913897028242509, 2.250000000000000444 ) ) ;
#3550 = CARTESIAN_POINT ( 'NONE',  ( -15.88831121229689991, -1.457442703908645942, 2.072003618432633143 ) ) ;
#3551 = CARTESIAN_POINT ( 'NONE',  ( 16.06452596313858550, -1.749635530559401353, 1.785714285714297578 ) ) ;
#3552 = DIRECTION ( 'NONE',  ( -1.000000000000000000, 0.000000000000000000, 0.000000000000000000 ) ) ;
#3553 = CARTESIAN_POINT ( 'NONE',  ( 1.660946737495808234, 3.228003238775144723, 6.303812681873060875 ) ) ;
#3554 = CARTESIAN_POINT ( 'NONE',  ( 16.06452596313853221, 1.749635530559412455, 1.785714285714286031 ) ) ;
#3555 = DIRECTION ( 'NONE',  ( 0.2940858488375230895, -0.9557790087219500963, 0.000000000000000000 ) ) ;
#3556 = ORIENTED_EDGE ( 'NONE', *, *, #1364, .F. ) ;
#3557 = ORIENTED_EDGE ( 'NONE', *, *, #1465, .F. ) ;
#3558 = CARTESIAN_POINT ( 'NONE',  ( 13.88253273981738900, 2.074605310825415661, -1.751219825105182037 ) ) ;
#3559 = CARTESIAN_POINT ( 'NONE',  ( 13.80901127760828651, -1.835660558644846230, 2.500000000000000000 ) ) ;
#3560 = VERTEX_POINT ( 'NONE', #579 ) ;
#3561 = CARTESIAN_POINT ( 'NONE',  ( -15.82227091433204436, -1.458036688930180791, -2.500000000000000000 ) ) ;
#3562 = CARTESIAN_POINT ( 'NONE',  ( 12.51878185960651990, -2.442196843928989836, -0.7645712394897984376 ) ) ;
#3563 = CARTESIAN_POINT ( 'NONE',  ( -12.39248711081529919, -2.496237148862063382, -0.1558465374634463718 ) ) ;
#3564 = EDGE_CURVE ( 'NONE', #3077, #3587, #3303, .T. ) ;
#3565 = CARTESIAN_POINT ( 'NONE',  ( 15.77381990457075389, -1.259746078159580840, -2.500000000000000000 ) ) ;
#3566 = CARTESIAN_POINT ( 'NONE',  ( -15.03468451701409769, -1.720097071687969548, 2.278187595230268592 ) ) ;
#3567 = CIRCLE ( 'NONE', #2142, 0.2500000000000002776 ) ;
#3568 = DIRECTION ( 'NONE',  ( -1.000000000000000000, -1.776356839400250465E-15, 0.000000000000000000 ) ) ;
#3569 = CARTESIAN_POINT ( 'NONE',  ( 1.137987532081301545, 5.378134773770858246, 3.600000000000000533 ) ) ;
#3570 = CARTESIAN_POINT ( 'NONE',  ( 1.306113360887579677, 2.696847688191124526, 6.714820207831308174 ) ) ;
#3571 = CIRCLE ( 'NONE', #4248, 0.2499999999999999445 ) ;
#3572 = VECTOR ( 'NONE', #2524, 1000.000000000000000 ) ;
#3573 = EDGE_CURVE ( 'NONE', #575, #3560, #3681, .T. ) ;
#3574 = CARTESIAN_POINT ( 'NONE',  ( -8.000815763067205211, 17.04097486361366975, -2.250000000000000888 ) ) ;
#3575 = DIRECTION ( 'NONE',  ( 0.000000000000000000, 0.000000000000000000, -1.000000000000000000 ) ) ;
#3576 = AXIS2_PLACEMENT_3D ( 'NONE', #758, #1519, #4431 ) ;
#3577 = ORIENTED_EDGE ( 'NONE', *, *, #3210, .F. ) ;
#3578 = EDGE_LOOP ( 'NONE', ( #1203, #3716, #2332, #1335 ) ) ;
#3579 = CARTESIAN_POINT ( 'NONE',  ( 12.53297636181345709, 2.438903101217915648, -0.7798346417535106934 ) ) ;
#3580 = EDGE_CURVE ( 'NONE', #4169, #3077, #3659, .T. ) ;
#3581 = AXIS2_PLACEMENT_3D ( 'NONE', #1452, #2182, #32 ) ;
#3582 = CARTESIAN_POINT ( 'NONE',  ( 12.15893386379309682, 2.522001759552652711, 0.1038704611633801539 ) ) ;
#3583 = B_SPLINE_CURVE_WITH_KNOTS ( 'NONE', 3,
 ( #3490, #2056, #4540, #1390, #2802, #2379, #1319, #663 ),
 .UNSPECIFIED., .F., .F.,
 ( 4, 2, 2, 4 ),
 ( 0.000000000000000000, 0.0001481689259385987796, 0.0002963378518771975592, 0.0005926757037543950099 ),
 .UNSPECIFIED. ) ;
#3584 = DIRECTION ( 'NONE',  ( -0.9881499919765303064, -0.1534913461950969393, -0.000000000000000000 ) ) ;
#3585 = EDGE_LOOP ( 'NONE', ( #1184, #21, #161, #3307 ) ) ;
#3586 = CARTESIAN_POINT ( 'NONE',  ( -15.77381990457075389, 1.259746078159581062, 2.500000000000000444 ) ) ;
#3587 = VERTEX_POINT ( 'NONE', #3449 ) ;
#3588 = DIRECTION ( 'NONE',  ( -0.9557790087219509845, 0.2940858488375207025, -2.550788129655075718E-16 ) ) ;
#3589 = CARTESIAN_POINT ( 'NONE',  ( -12.63768248246588044, -2.414578695066072811, -0.6605110387709755004 ) ) ;
#3590 = CARTESIAN_POINT ( 'NONE',  ( -19.83296401112548679, 0.2739499633921282928, 2.499999999999999556 ) ) ;
#3591 = DIRECTION ( 'NONE',  ( 0.1534913461950969393, 0.9881499919765303064, 0.000000000000000000 ) ) ;
#3592 = CARTESIAN_POINT ( 'NONE',  ( -8.019790094150197390, 2.942922079885914588, -2.250000000000000888 ) ) ;
#3593 = CARTESIAN_POINT ( 'NONE',  ( 1.627995996200668927, 4.617969002855504712, 5.049141645889447361 ) ) ;
#3594 = CARTESIAN_POINT ( 'NONE',  ( -15.83196111628430636, -1.497694811084300470, -2.299999999999999822 ) ) ;
#3595 = CARTESIAN_POINT ( 'NONE',  ( -2.029287474923444634, 4.483951113120269838, 4.744254529684212685 ) ) ;
#3596 = CARTESIAN_POINT ( 'NONE',  ( 14.94466851414152408, 1.486227562788465129, -2.500000000000000000 ) ) ;
#3597 = VERTEX_POINT ( 'NONE', #1663 ) ;
#3598 = ADVANCED_FACE ( 'NONE', ( #4457 ), #1281, .F. ) ;
#3599 = ORIENTED_EDGE ( 'NONE', *, *, #223, .F. ) ;
#3600 = CARTESIAN_POINT ( 'NONE',  ( 12.37240576153009108, 2.475753624161118882, 0.3632350155787570367 ) ) ;
#3601 = CARTESIAN_POINT ( 'NONE',  ( 12.51607587871924210, 2.443115853429855377, -0.7765003709821475253 ) ) ;
#3602 = CARTESIAN_POINT ( 'NONE',  ( -12.45432637161554723, 2.456990758681806497, 0.6928022735087879802 ) ) ;
#3603 = CARTESIAN_POINT ( 'NONE',  ( -6.062177826491072175, 3.500000000000000000, 2.250000000000000444 ) ) ;
#3604 = VERTEX_POINT ( 'NONE', #1638 ) ;
#3605 = CIRCLE ( 'NONE', #4503, 20.00000000000000000 ) ;
#3606 = CARTESIAN_POINT ( 'NONE',  ( 13.88253273981766611, 2.074605310825333504, 2.500000000000000000 ) ) ;
#3607 = EDGE_LOOP ( 'NONE', ( #2347, #2149, #1506 ) ) ;
#3608 = AXIS2_PLACEMENT_3D ( 'NONE', #17, #3322, #2872 ) ;
#3609 = CARTESIAN_POINT ( 'NONE',  ( 12.18214323516277631, -2.517097924562847311, -0.2129946580306350257 ) ) ;
#3610 = CARTESIAN_POINT ( 'NONE',  ( 0.6340999060320007263, 5.716071453780627643, 3.433333333333334014 ) ) ;
#3611 = CIRCLE ( 'NONE', #72, 0.2499999999999998335 ) ;
#3612 = CARTESIAN_POINT ( 'NONE',  ( 0.000000000000000000, 0.000000000000000000, 2.500000000000000000 ) ) ;
#3613 = CARTESIAN_POINT ( 'NONE',  ( -14.59298780803982609, -1.856003751372360844, -2.094109905508399816 ) ) ;
#3614 = FACE_OUTER_BOUND ( 'NONE', #3900, .T. ) ;
#3615 = CARTESIAN_POINT ( 'NONE',  ( 1.695447194798698431, 4.334092041075032320, 5.129798223595957829 ) ) ;
#3616 = CARTESIAN_POINT ( 'NONE',  ( 1.227726740212324197, 5.540758907730046090, 3.636666666666666714 ) ) ;
#3617 = CARTESIAN_POINT ( 'NONE',  ( 14.69347916059988002, 2.050964498150325888, 1.447442124922625029 ) ) ;
#3618 = CARTESIAN_POINT ( 'NONE',  ( 5.148278135976766201, 4.742913897028242509, -2.250000000000000888 ) ) ;
#3619 = ORIENTED_EDGE ( 'NONE', *, *, #3960, .F. ) ;
#3620 = VERTEX_POINT ( 'NONE', #3094 ) ;
#3621 = CARTESIAN_POINT ( 'NONE',  ( 12.87956743551522187, 2.355391387108374257, -0.8522124626267705283 ) ) ;
#3622 = EDGE_CURVE ( 'NONE', #4662, #2165, #4278, .T. ) ;
#3623 = CARTESIAN_POINT ( 'NONE',  ( 18.64503537226073604, 0.6709590886147149824, -2.458588103126742475 ) ) ;
#3624 = CARTESIAN_POINT ( 'NONE',  ( -13.25855617608058168, 2.350676630417900537, -0.8569010768962150859 ) ) ;
#3625 = CARTESIAN_POINT ( 'NONE',  ( 5.148278135976766201, -4.742913897028242509, 2.250000000000000444 ) ) ;
#3626 = ORIENTED_EDGE ( 'NONE', *, *, #4051, .F. ) ;
#3627 = ADVANCED_FACE ( 'NONE', ( #3866 ), #2430, .F. ) ;
#3628 = CARTESIAN_POINT ( 'NONE',  ( -16.85090542378425482, 1.560703405955327749, -1.958403104631924352 ) ) ;
#3629 = VERTEX_POINT ( 'NONE', #996 ) ;
#3630 = DIRECTION ( 'NONE',  ( -1.000000000000000000, 0.000000000000000000, 0.000000000000000000 ) ) ;
#3631 = DIRECTION ( 'NONE',  ( -0.9557790087219509845, -0.2940858488375207025, -0.000000000000000000 ) ) ;
#3632 = CARTESIAN_POINT ( 'NONE',  ( 11.07064268696914411, 2.722024975916939038, -2.250000000000000888 ) ) ;
#3633 = CARTESIAN_POINT ( 'NONE',  ( -4.964411059691882677, 4.573524114991520229, -2.250000000000000888 ) ) ;
#3634 = CARTESIAN_POINT ( 'NONE',  ( 17.44379202976950793, -1.044582608145925962, 2.403803285886416230 ) ) ;
#3635 = CARTESIAN_POINT ( 'NONE',  ( -1.063761766880875204, 2.242201754076143416, 6.973792878735221024 ) ) ;
#3636 = CARTESIAN_POINT ( 'NONE',  ( -1.065633428795142112, 2.243102302245131519, 6.973070700640128905 ) ) ;
#3637 = CIRCLE ( 'NONE', #3348, 5.250000000000000000 ) ;
#3638 = CARTESIAN_POINT ( 'NONE',  ( 12.50000000000000000, -2.500000000000000000, 2.500000000000000000 ) ) ;
#3639 = DIRECTION ( 'NONE',  ( 0.1534913461950991320, 0.9881499919765299733, 0.000000000000000000 ) ) ;
#3640 = ORIENTED_EDGE ( 'NONE', *, *, #2328, .T. ) ;
#3641 = AXIS2_PLACEMENT_3D ( 'NONE', #1559, #1148, #773 ) ;
#3642 = ORIENTED_EDGE ( 'NONE', *, *, #1015, .T. ) ;
#3643 = AXIS2_PLACEMENT_3D ( 'NONE', #3981, #3956, #3283 ) ;
#3644 = CARTESIAN_POINT ( 'NONE',  ( 14.01569931280371861, 2.033630980675778410, -1.477436771399606386 ) ) ;
#3645 = CARTESIAN_POINT ( 'NONE',  ( -20.25528969799813694, -0.1843535236284793433, -2.499999999999999556 ) ) ;
#3646 = AXIS2_PLACEMENT_3D ( 'NONE', #3657, #1134, #3630 ) ;
#3647 = CARTESIAN_POINT ( 'NONE',  ( -12.76457677030414395, 2.383586551795257247, -1.000049635058083197 ) ) ;
#3648 = CARTESIAN_POINT ( 'NONE',  ( 13.80901127760828651, 1.835660558644845786, -2.500000000000000000 ) ) ;
#3649 = ORIENTED_EDGE ( 'NONE', *, *, #620, .T. ) ;
#3650 = ADVANCED_FACE ( 'NONE', ( #2854 ), #3207, .F. ) ;
#3651 = CIRCLE ( 'NONE', #264, 19.75000000000000000 ) ;
#3652 = CARTESIAN_POINT ( 'NONE',  ( 13.88253273981766256, -2.074605310825330839, 1.751219825105335914 ) ) ;
#3653 = CARTESIAN_POINT ( 'NONE',  ( 12.36604421926779196, 2.500228369230307113, -0.09097179553615736269 ) ) ;
#3654 = CIRCLE ( 'NONE', #2673, 0.2499999999999998335 ) ;
#3655 = VERTEX_POINT ( 'NONE', #4243 ) ;
#3656 = ADVANCED_FACE ( 'NONE', ( #1420 ), #4493, .T. ) ;
#3657 = CARTESIAN_POINT ( 'NONE',  ( 8.000815763067205211, -17.04097486361366975, 2.250000000000000444 ) ) ;
#3658 = CARTESIAN_POINT ( 'NONE',  ( -14.17661858865518809, 2.164560228248060270, -1.250871303646664767 ) ) ;
#3659 = B_SPLINE_CURVE_WITH_KNOTS ( 'NONE', 3,
 ( #4480, #3026, #553, #1993 ),
 .UNSPECIFIED., .F., .F.,
 ( 4, 4 ),
 ( 0.000000000000000000, 0.0008466442958064554145 ),
 .UNSPECIFIED. ) ;
#3660 = EDGE_LOOP ( 'NONE', ( #4643, #794, #1173, #1456 ) ) ;
#3661 = DIRECTION ( 'NONE',  ( -0.9557790087219509845, 0.2940858488375207025, 5.101576259310142561E-16 ) ) ;
#3662 = PERSON_AND_ORGANIZATION ( #1181, #910 ) ;
#3663 = CARTESIAN_POINT ( 'NONE',  ( 16.06452596313852865, -1.749635530559412677, 1.785714285714285365 ) ) ;
#3664 = EDGE_CURVE ( 'NONE', #1556, #3230, #214, .T. ) ;
#3665 = CARTESIAN_POINT ( 'NONE',  ( 1.088087819494398145, 2.598772694566498842, 6.812393965457048672 ) ) ;
#3666 = DIRECTION ( 'NONE',  ( -1.000000000000000000, 0.000000000000000000, 0.000000000000000000 ) ) ;
#3667 = CARTESIAN_POINT ( 'NONE',  ( 15.54287237220271578, -1.540201892787030902, -2.500000000000000444 ) ) ;
#3668 = DIRECTION ( 'NONE',  ( 0.000000000000000000, 0.000000000000000000, -1.000000000000000000 ) ) ;
#3669 = ORIENTED_EDGE ( 'NONE', *, *, #2936, .T. ) ;
#3670 = ADVANCED_FACE ( 'NONE', ( #2090 ), #1741, .T. ) ;
#3671 = ORIENTED_EDGE ( 'NONE', *, *, #4323, .T. ) ;
#3672 = DIRECTION ( 'NONE',  ( -1.000000000000000000, 0.000000000000000000, 0.000000000000000000 ) ) ;
#3673 = CARTESIAN_POINT ( 'NONE',  ( -18.76481280397662843, -0.8856928294755926911, -2.343713585021567791 ) ) ;
#3674 = CARTESIAN_POINT ( 'NONE',  ( 18.76481280397662843, -0.8856928294755926911, -2.343713585021567791 ) ) ;
#3675 = CARTESIAN_POINT ( 'NONE',  ( -1.616376634881426355, 5.263255657514188002, 3.588646143247650855 ) ) ;
#3676 = ORIENTED_EDGE ( 'NONE', *, *, #2627, .F. ) ;
#3677 = CARTESIAN_POINT ( 'NONE',  ( 12.87956743551511352, -2.355391387108449752, 0.8522124626267361114 ) ) ;
#3678 = DIRECTION ( 'NONE',  ( 0.000000000000000000, 0.000000000000000000, 1.000000000000000000 ) ) ;
#3679 = VERTEX_POINT ( 'NONE', #357 ) ;
#3680 = CARTESIAN_POINT ( 'NONE',  ( 15.49539755805281160, 1.327776751808118050, 2.500000000000000000 ) ) ;
#3681 = CIRCLE ( 'NONE', #1656, 0.09999999999999979738 ) ;
#3682 = CARTESIAN_POINT ( 'NONE',  ( -17.93777185322665702, -1.028671560503080062, 2.288843369340867184 ) ) ;
#3683 = CARTESIAN_POINT ( 'NONE',  ( 19.01059147635638880, -0.4300227386776928062, 2.500000000000000000 ) ) ;
#3684 = ADVANCED_FACE ( 'NONE', ( #1785 ), #2389, .F. ) ;
#3685 = DIRECTION ( 'NONE',  ( -1.000000000000000000, 0.000000000000000000, 0.000000000000000000 ) ) ;
#3686 = VECTOR ( 'NONE', #755, 1000.000000000000000 ) ;
#3687 = CALENDAR_DATE ( 2026, 2, 9 ) ;
#3688 =( BOUNDED_CURVE ( )  B_SPLINE_CURVE ( 3, ( #88, #3372, #3741, #1941 ),
 .UNSPECIFIED., .F., .F. ) 
 B_SPLINE_CURVE_WITH_KNOTS ( ( 4, 4 ),
 ( 5.487582353695050763, 5.759184046890842623 ),
 .UNSPECIFIED. ) 
 CURVE ( )  GEOMETRIC_REPRESENTATION_ITEM ( )  RATIONAL_B_SPLINE_CURVE ( ( 1.000000000000000000, 0.9938621515090062530, 0.9938621515090062530, 1.000000000000000000 ) ) 
 REPRESENTATION_ITEM ( '' )  );
#3689 = CARTESIAN_POINT ( 'NONE',  ( 20.62499999999999289, -2.832769448823990005E-15, 2.500000000000000000 ) ) ;
#3690 = CARTESIAN_POINT ( 'NONE',  ( -0.8999980388137424070, 2.250081618876192735, 6.921144990445681877 ) ) ;
#3691 = CARTESIAN_POINT ( 'NONE',  ( 0.000000000000000000, 0.000000000000000000, 2.250000000000000444 ) ) ;
#3692 = SECURITY_CLASSIFICATION ( '', '', #1137 ) ;
#3693 = DIRECTION ( 'NONE',  ( -0.2940858488375230895, 0.9557790087219500963, 0.000000000000000000 ) ) ;
#3694 = CARTESIAN_POINT ( 'NONE',  ( 19.83342420471757706, 0.2737908481200138078, 2.499999999999997335 ) ) ;
#3695 = ORIENTED_EDGE ( 'NONE', *, *, #3713, .F. ) ;
#3696 = EDGE_LOOP ( 'NONE', ( #260, #4078, #701, #2356 ) ) ;
#3697 = DIRECTION ( 'NONE',  ( -1.000000000000000000, 0.000000000000000000, 0.000000000000000000 ) ) ;
#3698 = CARTESIAN_POINT ( 'NONE',  ( -1.710262321574402833, -5.558352545116810539, 2.500000000000000000 ) ) ;
#3699 = EDGE_CURVE ( 'NONE', #2606, #1939, #823, .T. ) ;
#3700 = FACE_OUTER_BOUND ( 'NONE', #1245, .T. ) ;
#3701 = EDGE_LOOP ( 'NONE', ( #3023, #1491, #2635, #3975 ) ) ;
#3702 = CARTESIAN_POINT ( 'NONE',  ( 12.56882170445255653, -2.430812297030262581, 0.5971931058049250174 ) ) ;
#3703 = CARTESIAN_POINT ( 'NONE',  ( 15.83196111628430636, 1.497694811084300470, 2.299999999999999822 ) ) ;
#3704 = ORIENTED_EDGE ( 'NONE', *, *, #1744, .T. ) ;
#3705 = ORIENTED_EDGE ( 'NONE', *, *, #2338, .T. ) ;
#3706 = CARTESIAN_POINT ( 'NONE',  ( 1.215441339962565204, 5.552671014310635478, 3.613901094574836659 ) ) ;
#3707 = CARTESIAN_POINT ( 'NONE',  ( -17.65350046962013764, -1.313458538391890196, 2.132283457325138798 ) ) ;
#3708 = CARTESIAN_POINT ( 'NONE',  ( 6.062177826491072175, 3.500000000000000000, 2.500000000000000000 ) ) ;
#3709 = CARTESIAN_POINT ( 'NONE',  ( 15.50996214962094655, -1.582030196300133973, 2.281376060196853572 ) ) ;
#3710 = CARTESIAN_POINT ( 'NONE',  ( 17.44531805577653216, -1.055017192353572941, 2.400057332312767855 ) ) ;
#3711 = CARTESIAN_POINT ( 'NONE',  ( -0.6802688013785803678, 2.176207903181602177, 6.985046495329877203 ) ) ;
#3712 = CARTESIAN_POINT ( 'NONE',  ( -15.77381990457084626, -1.259746078159557969, 2.500000000000000444 ) ) ;
#3713 = EDGE_CURVE ( 'NONE', #3069, #3604, #289, .T. ) ;
#3714 = FACE_OUTER_BOUND ( 'NONE', #3393, .T. ) ;
#3715 = DIRECTION ( 'NONE',  ( -0.2940858488375206470, 0.9557790087219508735, 0.000000000000000000 ) ) ;
#3716 = ORIENTED_EDGE ( 'NONE', *, *, #1681, .T. ) ;
#3717 = ORIENTED_EDGE ( 'NONE', *, *, #3803, .F. ) ;
#3718 = DIRECTION ( 'NONE',  ( 0.1534913461950967450, 0.9881499919765304174, 0.000000000000000000 ) ) ;
#3719 = PLANE ( 'NONE',  #3641 ) ;
#3720 = CARTESIAN_POINT ( 'NONE',  ( 14.94466851414152053, -1.486227562788466239, -2.500000000000000000 ) ) ;
#3721 = CARTESIAN_POINT ( 'NONE',  ( -5.148278135976766201, -4.742913897028242509, 2.500000000000000000 ) ) ;
#3722 = VECTOR ( 'NONE', #35, 1000.000000000000000 ) ;
#3723 = ORIENTED_EDGE ( 'NONE', *, *, #1602, .F. ) ;
#3724 = AXIS2_PLACEMENT_3D ( 'NONE', #3153, #2102, #3838 ) ;
#3725 = CARTESIAN_POINT ( 'NONE',  ( 12.75958439183766124, -2.437783573334808551, 0.5570247446211923359 ) ) ;
#3726 = CARTESIAN_POINT ( 'NONE',  ( -12.41401049884466090, -2.492911107228665379, -0.1934226507023089348 ) ) ;
#3727 = AXIS2_PLACEMENT_3D ( 'NONE', #4064, #437, #105 ) ;
#3728 = VERTEX_POINT ( 'NONE', #3703 ) ;
#3729 = CARTESIAN_POINT ( 'NONE',  ( -18.71584004921225386, -0.7654929993494258289, 2.386671735388597781 ) ) ;
#3730 = FACE_OUTER_BOUND ( 'NONE', #1183, .T. ) ;
#3731 = FACE_OUTER_BOUND ( 'NONE', #2660, .T. ) ;
#3732 = CARTESIAN_POINT ( 'NONE',  ( 15.92901681026058291, -1.524939231144450513, 2.005870797977601150 ) ) ;
#3733 = CARTESIAN_POINT ( 'NONE',  ( -1.003239434523615303, 2.295876448376741319, 6.882419225324531986 ) ) ;
#3734 = CARTESIAN_POINT ( 'NONE',  ( -20.62499999999998934, -5.601473333152397903E-15, 2.500000000000000444 ) ) ;
#3735 = CARTESIAN_POINT ( 'NONE',  ( 12.50000000000000000, -2.500000000000000000, 2.250000000000000444 ) ) ;
#3736 = DIRECTION ( 'NONE',  ( 0.2940858488375230895, -0.9557790087219500963, 0.000000000000000000 ) ) ;
#3737 = CC_DESIGN_PERSON_AND_ORGANIZATION_ASSIGNMENT ( #2983, #1473, ( #3692 ) ) ;
#3738 = ORIENTED_EDGE ( 'NONE', *, *, #774, .F. ) ;
#3739 = ORIENTED_EDGE ( 'NONE', *, *, #3377, .T. ) ;
#3740 = CARTESIAN_POINT ( 'NONE',  ( 13.52338110009260141, 2.182302104248110108, 1.544102074574660310 ) ) ;
#3741 = CARTESIAN_POINT ( 'NONE',  ( 14.69347916059988712, 2.050964498150324111, -1.447442124922628359 ) ) ;
#3742 = CARTESIAN_POINT ( 'NONE',  ( -14.01569931280400283, 2.033630980675692257, 1.477436771399728732 ) ) ;
#3743 = EDGE_CURVE ( 'NONE', #1701, #850, #150, .T. ) ;
#3744 = ORIENTED_EDGE ( 'NONE', *, *, #3833, .F. ) ;
#3745 = CARTESIAN_POINT ( 'NONE',  ( 13.65410046537895994, -2.144750100541383819, 1.308819247265643471 ) ) ;
#3746 = CARTESIAN_POINT ( 'NONE',  ( -12.36604421926778308, -2.500228369230308445, 0.09097179553611915714 ) ) ;
#3747 = ORIENTED_EDGE ( 'NONE', *, *, #3173, .F. ) ;
#3748 = DIRECTION ( 'NONE',  ( -0.8518212536923529532, -0.2620988472899540289, -0.4535468509506660473 ) ) ;
#3749 = FACE_OUTER_BOUND ( 'NONE', #1387, .T. ) ;
#3750 = ADVANCED_FACE ( 'NONE', ( #3300 ), #901, .T. ) ;
#3751 = CARTESIAN_POINT ( 'NONE',  ( -14.17661858865518987, 2.164560228248059826, 1.250871303646665211 ) ) ;
#3752 = CARTESIAN_POINT ( 'NONE',  ( 17.65350046962013764, 1.313458538391890196, 2.132283457325138798 ) ) ;
#3753 = LINE ( 'NONE', #3500, #1315 ) ;
#3754 = CARTESIAN_POINT ( 'NONE',  ( -16.56503628381793547, -1.237011411429006058, 2.500000000000000444 ) ) ;
#3755 = AXIS2_PLACEMENT_3D ( 'NONE', #4035, #2619, #3362 ) ;
#3756 = CARTESIAN_POINT ( 'NONE',  ( 8.000815763067205211, 17.04097486361366975, -2.250000000000000888 ) ) ;
#3757 = LINE ( 'NONE', #982, #1736 ) ;
#3758 = ORIENTED_EDGE ( 'NONE', *, *, #4026, .F. ) ;
#3759 = ORIENTED_EDGE ( 'NONE', *, *, #4217, .T. ) ;
#3760 = CIRCLE ( 'NONE', #3394, 5.250000000000000000 ) ;
#3761 = CARTESIAN_POINT ( 'NONE',  ( 13.79950936685017915, 2.245332822277745333, 1.102930052911014647 ) ) ;
#3762 = CARTESIAN_POINT ( 'NONE',  ( 17.44652272034822360, 1.054650754003423341, -2.400125888152309539 ) ) ;
#3763 = CARTESIAN_POINT ( 'NONE',  ( -8.825619661674457106, 8.130709537762699668, -2.500000000000000000 ) ) ;
#3764 = ORIENTED_EDGE ( 'NONE', *, *, #2530, .T. ) ;
#3765 = EDGE_CURVE ( 'NONE', #3292, #2732, #70, .T. ) ;
#3766 = EDGE_CURVE ( 'NONE', #4042, #3252, #731, .T. ) ;
#3767 = CARTESIAN_POINT ( 'NONE',  ( 6.000000000000000888, 0.000000000000000000, 2.499999999999999556 ) ) ;
#3768 = CARTESIAN_POINT ( 'NONE',  ( -12.97230039938242641, -2.401999919866589117, 0.6996259650533196428 ) ) ;
#3769 = ORIENTED_EDGE ( 'NONE', *, *, #379, .F. ) ;
#3770 = CARTESIAN_POINT ( 'NONE',  ( 11.07064268696914411, 2.722024975916939038, 2.250000000000000444 ) ) ;
#3771 = EDGE_CURVE ( 'NONE', #3189, #700, #1238, .T. ) ;
#3772 = CARTESIAN_POINT ( 'NONE',  ( -15.54282670571372016, 1.540215322314648860, -2.500000000000000888 ) ) ;
#3773 = DIRECTION ( 'NONE',  ( -0.9881499919765303064, -0.1534913461950969393, 0.000000000000000000 ) ) ;
#3774 = CARTESIAN_POINT ( 'NONE',  ( 18.64503363653430767, 0.6709567711838084758, 2.458589866111545064 ) ) ;
#3775 = CARTESIAN_POINT ( 'NONE',  ( -1.731222852866222128, 5.404645192418828792, 3.636666666666667602 ) ) ;
#3776 = DIRECTION ( 'NONE',  ( -1.000000000000000000, 0.000000000000000000, 0.000000000000000000 ) ) ;
#3777 = EDGE_CURVE ( 'NONE', #2990, #3515, #3231, .T. ) ;
#3778 = CARTESIAN_POINT ( 'NONE',  ( -15.88831121229684307, -1.457442703908663706, -2.072003618432619820 ) ) ;
#3779 = CARTESIAN_POINT ( 'NONE',  ( -15.83196111628430636, -1.497694811084300470, -2.299999999999999822 ) ) ;
#3780 = ORIENTED_EDGE ( 'NONE', *, *, #2654, .T. ) ;
#3781 = VERTEX_POINT ( 'NONE', #1539 ) ;
#3782 = DIRECTION ( 'NONE',  ( -0.9881499919765299733, 0.1534913461950988545, -2.130120332831376336E-15 ) ) ;
#3783 = DIRECTION ( 'NONE',  ( 0.9881499919765303064, -0.1534913461950969393, -0.000000000000000000 ) ) ;
#3784 = CARTESIAN_POINT ( 'NONE',  ( -16.74166385171237437, 1.358339540086379360, 2.116999314844913549 ) ) ;
#3785 = CARTESIAN_POINT ( 'NONE',  ( -13.88253273981766611, 2.074605310825333504, 1.751219825105331029 ) ) ;
#3786 = ORIENTED_EDGE ( 'NONE', *, *, #921, .F. ) ;
#3787 = CARTESIAN_POINT ( 'NONE',  ( 4.964411059691882677, 4.573524114991520229, -2.250000000000000888 ) ) ;
#3788 = CARTESIAN_POINT ( 'NONE',  ( 13.43132697264387510, -2.318302032987799688, -0.9399201392972710289 ) ) ;
#3789 = AXIS2_PLACEMENT_3D ( 'NONE', #2648, #2556, #4041 ) ;
#3790 = CARTESIAN_POINT ( 'NONE',  ( -1.807078899334327415, 2.995507696002739806, 6.284354368797643531 ) ) ;
#3791 = ORIENTED_EDGE ( 'NONE', *, *, #1162, .F. ) ;
#3792 = CIRCLE ( 'NONE', #2973, 0.2499999999999999445 ) ;
#3793 = CARTESIAN_POINT ( 'NONE',  ( -18.64503537226073604, 0.6709590886147105415, -2.458588103126776669 ) ) ;
#3794 = CARTESIAN_POINT ( 'NONE',  ( -19.83342420471309353, 0.2737908481223332857, 2.500000000000000444 ) ) ;
#3795 = CIRCLE ( 'NONE', #4401, 6.100000000000001421 ) ;
#3796 = CARTESIAN_POINT ( 'NONE',  ( 16.06452596313854997, 1.749635530559409347, 1.785714285714289584 ) ) ;
#3797 = EDGE_CURVE ( 'NONE', #864, #4453, #1588, .T. ) ;
#3798 = CARTESIAN_POINT ( 'NONE',  ( -13.88253273981766611, 2.074605310825333504, 2.500000000000000000 ) ) ;
#3799 = CARTESIAN_POINT ( 'NONE',  ( -12.79875464787529538, -2.375507141372920294, 0.7931293339649398977 ) ) ;
#3800 = CIRCLE ( 'NONE', #1784, 0.2499999999999999445 ) ;
#3801 = DIRECTION ( 'NONE',  ( -0.9881499919765303064, -0.1534913461950969393, 0.000000000000000000 ) ) ;
#3802 = CARTESIAN_POINT ( 'NONE',  ( 1.715349267166197844, 4.014086380133838006, 5.473280934458533586 ) ) ;
#3803 = EDGE_CURVE ( 'NONE', #251, #4014, #4588, .T. ) ;
#3804 = CARTESIAN_POINT ( 'NONE',  ( 13.88253273981766611, -2.074605310825333504, -1.751219825105330807 ) ) ;
#3805 = ORIENTED_EDGE ( 'NONE', *, *, #3851, .T. ) ;
#3806 = ORIENTED_EDGE ( 'NONE', *, *, #860, .F. ) ;
#3807 =( BOUNDED_SURFACE ( )  B_SPLINE_SURFACE ( 3, 2, ( 
 ( #472, #3346, #1561 ),
 ( #250, #3856, #987 ),
 ( #1698, #3784, #2008 ),
 ( #1675, #3461, #3128 ),
 ( #2053, #3064, #3439 ),
 ( #4138, #3105, #1340 ),
 ( #179, #1630, #2725 ),
 ( #4491, #2442, #2798 ),
 ( #4210, #4537, #1651 ),
 ( #4232, #3512, #1365 ) ),
 .UNSPECIFIED., .F., .F., .F. ) 
 B_SPLINE_SURFACE_WITH_KNOTS ( ( 4, 2, 2, 2, 4 ),
 ( 3, 3 ),
 ( 0.006071148258653430441, 0.007398017313136694313, 0.008724886367619958186, 0.01005175542210322293, 0.01137862447658648593 ),
 ( 0.2153082401160156256, 1.000000000000000000 ),
 .UNSPECIFIED. ) 
 GEOMETRIC_REPRESENTATION_ITEM ( )  RATIONAL_B_SPLINE_SURFACE ( (
 ( 0.9707661328661686406, 0.9321115923894061073, 1.000000000000000000),
 ( 0.9757138703251027056, 0.9436014858005175032, 1.000000000000000000),
 ( 0.9799556503689490494, 0.9534519681637583233, 1.000000000000000000),
 ( 0.9872228554880970730, 0.9703282500822583145, 1.000000000000000000),
 ( 0.9902535634096893968, 0.9773663177380971234, 1.000000000000000000),
 ( 0.9951016183532089832, 0.9886247232243605687, 1.000000000000000000),
 ( 0.9969284491702761208, 0.9928670848174019348, 1.000000000000000000),
 ( 0.9993836315157272887, 0.9985686370295430159, 1.000000000000000000),
 ( 0.9999999698170601858, 0.9999999299076063330, 1.000000000000000000),
 ( 1.000000000000000000, 1.000000000000000000, 1.000000000000000000) ) ) 
 REPRESENTATION_ITEM ( '' )  SURFACE ( )  );
#3808 = CARTESIAN_POINT ( 'NONE',  ( -15.28617478323479340, -1.642715451312372732, 2.267892428692168227 ) ) ;
#3809 = CARTESIAN_POINT ( 'NONE',  ( -14.17661858865518987, -2.164560228248059826, -1.250871303646665211 ) ) ;
#3810 = FACE_OUTER_BOUND ( 'NONE', #984, .T. ) ;
#3811 = EDGE_CURVE ( 'NONE', #4396, #709, #1507, .T. ) ;
#3812 = FACE_OUTER_BOUND ( 'NONE', #157, .T. ) ;
#3813 = ORIENTED_EDGE ( 'NONE', *, *, #207, .F. ) ;
#3814 = CARTESIAN_POINT ( 'NONE',  ( -8.000815763067205211, -17.04097486361366975, 2.250000000000000444 ) ) ;
#3815 = CARTESIAN_POINT ( 'NONE',  ( 1.065523239214226425, 5.625356366864516566, 3.505525279463141075 ) ) ;
#3816 = CARTESIAN_POINT ( 'NONE',  ( -12.37908795793796735, -2.498250832608062577, -0.1037346987361278672 ) ) ;
#3817 = EDGE_LOOP ( 'NONE', ( #2777, #4409, #2115, #2048, #3888 ) ) ;
#3818 = CARTESIAN_POINT ( 'NONE',  ( 20.62499999999998934, -5.088331883113800490E-15, 2.500000000000000444 ) ) ;
#3819 = CARTESIAN_POINT ( 'NONE',  ( 0.000000000000000000, 0.000000000000000000, 2.500000000000000000 ) ) ;
#3820 = DIRECTION ( 'NONE',  ( -0.000000000000000000, 0.000000000000000000, 1.000000000000000000 ) ) ;
#3821 = CARTESIAN_POINT ( 'NONE',  ( -2.059184271659591392, 3.656635667328782091, 5.662900763715684960 ) ) ;
#3822 = B_SPLINE_CURVE_WITH_KNOTS ( 'NONE', 3,
 ( #4303, #776, #446, #3248, #1535, #2896, #752, #1105, #1867, #2216 ),
 .UNSPECIFIED., .F., .F.,
 ( 4, 2, 2, 2, 4 ),
 ( 0.000000000000000000, 0.001239372065399672309, 0.002478744130799344619, 0.003718116196199016711, 0.004957488261598689237 ),
 .UNSPECIFIED. ) ;
#3823 = CARTESIAN_POINT ( 'NONE',  ( -13.80155651641845971, -2.244900066647123715, 1.103733223007852704 ) ) ;
#3824 = EDGE_CURVE ( 'NONE', #1939, #3189, #2757, .T. ) ;
#3825 = CARTESIAN_POINT ( 'NONE',  ( -15.77381990457081962, 1.259746078159565297, -2.500000000000000000 ) ) ;
#3826 = VERTEX_POINT ( 'NONE', #1297 ) ;
#3827 = CARTESIAN_POINT ( 'NONE',  ( 1.710262321574403277, 5.558352545116810539, 2.500000000000000000 ) ) ;
#3828 = CARTESIAN_POINT ( 'NONE',  ( -1.261686435359753000, 5.583121847569082696, 3.513531928913228075 ) ) ;
#3829 = EDGE_LOOP ( 'NONE', ( #3177, #3738, #219, #2855 ) ) ;
#3830 = CARTESIAN_POINT ( 'NONE',  ( -6.000000000000000888, 7.347880794884120722E-16, 2.499999999999999556 ) ) ;
#3831 = CARTESIAN_POINT ( 'NONE',  ( -13.17073545383452071, 2.280126861473294575, -1.314503760664034848 ) ) ;
#3832 = CIRCLE ( 'NONE', #372, 0.2499999999999998335 ) ;
#3833 = EDGE_CURVE ( 'NONE', #1405, #1076, #519, .T. ) ;
#3834 = PLANE ( 'NONE',  #4256 ) ;
#3835 = CARTESIAN_POINT ( 'NONE',  ( -15.77381990457075389, -1.259746078159581062, -2.500000000000000444 ) ) ;
#3836 = LINE ( 'NONE', #2010, #1093 ) ;
#3837 = ORIENTED_EDGE ( 'NONE', *, *, #689, .F. ) ;
#3838 = DIRECTION ( 'NONE',  ( -1.000000000000000000, 0.000000000000000000, 0.000000000000000000 ) ) ;
#3839 = CARTESIAN_POINT ( 'NONE',  ( 0.000000000000000000, 0.000000000000000000, 2.500000000000000000 ) ) ;
#3840 = DIRECTION ( 'NONE',  ( 0.000000000000000000, -0.000000000000000000, -1.000000000000000000 ) ) ;
#3841 = ORIENTED_EDGE ( 'NONE', *, *, #230, .T. ) ;
#3842 = CARTESIAN_POINT ( 'NONE',  ( -15.77381990457075389, 1.259746078159581062, 2.500000000000000000 ) ) ;
#3843 = CARTESIAN_POINT ( 'NONE',  ( -12.15887357748948183, 2.522014575734797592, 0.1063637323379143518 ) ) ;
#3844 = CARTESIAN_POINT ( 'NONE',  ( -12.40498044579143944, 2.494345417923962582, -0.1861742190735719005 ) ) ;
#3845 = CARTESIAN_POINT ( 'NONE',  ( -2.218736268870387995, 3.879183709403699609, 5.559730755477443331 ) ) ;
#3846 = CARTESIAN_POINT ( 'NONE',  ( -13.00818758510605555, -2.322760517146647441, 1.199661508643516505 ) ) ;
#3847 = CARTESIAN_POINT ( 'NONE',  ( -15.83196111628440406, 1.497694811084275157, -2.300000000000006040 ) ) ;
#3848 = CARTESIAN_POINT ( 'NONE',  ( 16.64316505035522198, 1.289219802921099278, 2.348839687304351109 ) ) ;
#3849 = CARTESIAN_POINT ( 'NONE',  ( -16.46011973711240373, -1.662691843971748185, 1.870901353112781607 ) ) ;
#3850 = VERTEX_POINT ( 'NONE', #4099 ) ;
#3851 = EDGE_CURVE ( 'NONE', #2747, #305, #2330, .T. ) ;
#3852 = EDGE_CURVE ( 'NONE', #843, #3069, #4282, .T. ) ;
#3853 = CARTESIAN_POINT ( 'NONE',  ( 19.01058200479111449, -0.4301053102299977060, -2.500000000000000444 ) ) ;
#3854 = CARTESIAN_POINT ( 'NONE',  ( -15.49540779720802597, -1.327774247186520595, 2.500000000000000444 ) ) ;
#3855 = CARTESIAN_POINT ( 'NONE',  ( 15.32666803614527318, -1.911802107920568927, -1.626824138566923761 ) ) ;
#3856 = CARTESIAN_POINT ( 'NONE',  ( -16.33555379251600570, 1.448862634626299606, 2.058579929980021372 ) ) ;
#3857 = CARTESIAN_POINT ( 'NONE',  ( 15.92901681024656213, 1.524939231121199334, -2.005870798000382482 ) ) ;
#3858 = ORIENTED_EDGE ( 'NONE', *, *, #3824, .T. ) ;
#3859 = CARTESIAN_POINT ( 'NONE',  ( -1.376378377110071494, 5.581197597635921603, 3.444126989978748110 ) ) ;
#3860 = CARTESIAN_POINT ( 'NONE',  ( 13.00165074471132876, -2.324451193982717268, -1.194859289396007940 ) ) ;
#3861 = CARTESIAN_POINT ( 'NONE',  ( 8.000815763067205211, 17.04097486361366975, -2.500000000000000000 ) ) ;
#3862 = EDGE_CURVE ( 'NONE', #1922, #888, #3419, .T. ) ;
#3863 = ORIENTED_EDGE ( 'NONE', *, *, #1357, .T. ) ;
#3864 = CARTESIAN_POINT ( 'NONE',  ( 13.88253273981766611, -2.074605310825333504, 2.500000000000000000 ) ) ;
#3865 = CARTESIAN_POINT ( 'NONE',  ( -12.37240576153009108, 2.475753624161070032, 0.3632350155787570367 ) ) ;
#3866 = FACE_OUTER_BOUND ( 'NONE', #2824, .T. ) ;
#3867 = ADVANCED_FACE ( 'NONE', ( #852 ), #2659, .T. ) ;
#3868 = AXIS2_PLACEMENT_3D ( 'NONE', #4154, #1332, #3801 ) ;
#3869 = AXIS2_PLACEMENT_3D ( 'NONE', #134, #1504, #84 ) ;
#3870 = CARTESIAN_POINT ( 'NONE',  ( 12.26299853286558417, -2.499636914254128151, -0.4161558951547233431 ) ) ;
#3871 = CARTESIAN_POINT ( 'NONE',  ( -12.27088406181676916, -2.497919058051197183, 0.4308616036095948565 ) ) ;
#3872 = ORIENTED_EDGE ( 'NONE', *, *, #1217, .T. ) ;
#3873 = CARTESIAN_POINT ( 'NONE',  ( -8.019790094150197390, 2.942922079885916808, 2.500000000000000000 ) ) ;
#3874 = DIRECTION ( 'NONE',  ( 0.1102564779110591642, 0.9939031688643759077, 0.000000000000000000 ) ) ;
#3875 = TOROIDAL_SURFACE ( 'NONE', #3053, 6.750000000000001776, 0.2500000000000000000 ) ;
#3876 = FACE_OUTER_BOUND ( 'NONE', #3086, .T. ) ;
#3877 = CARTESIAN_POINT ( 'NONE',  ( -16.06452596313853221, 1.749635530559412677, -1.785714285714285809 ) ) ;
#3878 = CC_DESIGN_PERSON_AND_ORGANIZATION_ASSIGNMENT ( #3662, #1189, ( #4601 ) ) ;
#3879 = AXIS2_PLACEMENT_3D ( 'NONE', #514, #3452, #2345 ) ;
#3880 = CARTESIAN_POINT ( 'NONE',  ( 6.062177826491072175, -3.500000000000000000, 2.250000000000000444 ) ) ;
#3881 = B_SPLINE_CURVE_WITH_KNOTS ( 'NONE', 3,
 ( #3891, #2111, #3546, #4223, #1803, #2457, #4246, #3562, #690, #2091, #3870, #3609, #1064, #671, #2496, #3523, #2131, #3954, #3212, #2522, #1021, #3232, #4599, #359 ),
 .UNSPECIFIED., .F., .F.,
 ( 4, 2, 2, 2, 2, 2, 2, 2, 2, 2, 2, 4 ),
 ( 2.168404344971008868E-19, 0.0006501087612733303343, 0.001300217522546660452, 0.001625271903183325402, 0.001950326283819990352, 0.002275380664456655086, 0.002600435045093320470, 0.002925489425729985854, 0.003250543806366650371, 0.003900652567639977669, 0.004550761328913304968, 0.005200870090186631399 ),
 .UNSPECIFIED. ) ;
#3882 = ORIENTED_EDGE ( 'NONE', *, *, #1703, .F. ) ;
#3883 = ORIENTED_EDGE ( 'NONE', *, *, #3811, .F. ) ;
#3884 = DIRECTION ( 'NONE',  ( -1.000000000000000000, 0.000000000000000000, 0.000000000000000000 ) ) ;
#3885 = ADVANCED_FACE ( 'NONE', ( #525 ), #1430, .T. ) ;
#3886 = CARTESIAN_POINT ( 'NONE',  ( 17.93777185321670942, 1.028671560488484849, -2.288843369348473988 ) ) ;
#3887 = DIRECTION ( 'NONE',  ( 1.000000000000000000, 0.000000000000000000, 0.000000000000000000 ) ) ;
#3888 = ORIENTED_EDGE ( 'NONE', *, *, #1413, .F. ) ;
#3889 = CARTESIAN_POINT ( 'NONE',  ( 13.80901127760828651, -1.835660558644846230, -2.500000000000000000 ) ) ;
#3890 = DIRECTION ( 'NONE',  ( 0.9881499919765300843, 0.1534913461950988822, -2.662650416039215983E-16 ) ) ;
#3891 = CARTESIAN_POINT ( 'NONE',  ( 13.88253273981766611, -2.074605310825333504, -1.751219825105330807 ) ) ;
#3892 = CARTESIAN_POINT ( 'NONE',  ( -13.83364621736316380, -2.091016879237069137, -1.395461691487991374 ) ) ;
#3893 = CARTESIAN_POINT ( 'NONE',  ( -8.825619661674457106, 8.130709537762699668, 2.250000000000000444 ) ) ;
#3894 = DIRECTION ( 'NONE',  ( -0.2373605028755523538, -0.9714216343455939207, 0.000000000000000000 ) ) ;
#3895 = CARTESIAN_POINT ( 'NONE',  ( 0.000000000000000000, 0.000000000000000000, 2.500000000000000000 ) ) ;
#3896 = CARTESIAN_POINT ( 'NONE',  ( -2.218725143130183319, 3.879202161391522186, 5.559706238413481216 ) ) ;
#3897 = DIRECTION ( 'NONE',  ( 0.000000000000000000, 0.000000000000000000, 1.000000000000000000 ) ) ;
#3898 = CARTESIAN_POINT ( 'NONE',  ( -12.50000000000000000, 2.500000000000000000, 2.500000000000000000 ) ) ;
#3899 = ORIENTED_EDGE ( 'NONE', *, *, #4143, .T. ) ;
#3900 = EDGE_LOOP ( 'NONE', ( #2068, #325, #1871, #3626, #2026 ) ) ;
#3901 = AXIS2_PLACEMENT_3D ( 'NONE', #244, #4486, #1260 ) ;
#3902 = CARTESIAN_POINT ( 'NONE',  ( 12.36677646821610566, 2.500117177489518561, 0.07597409452626750770 ) ) ;
#3903 = CARTESIAN_POINT ( 'NONE',  ( 12.67400535355677604, 2.406118869294704865, -0.9250580683978780749 ) ) ;
#3904 = CIRCLE ( 'NONE', #2931, 0.2499999999999998335 ) ;
#3905 = CARTESIAN_POINT ( 'NONE',  ( 8.825619661674457106, -8.130709537762699668, -2.500000000000000000 ) ) ;
#3906 = EDGE_LOOP ( 'NONE', ( #466, #2303, #4074, #110 ) ) ;
#3907 = EDGE_CURVE ( 'NONE', #730, #3107, #2922, .T. ) ;
#3908 =( GEOMETRIC_REPRESENTATION_CONTEXT ( 3 ) GLOBAL_UNCERTAINTY_ASSIGNED_CONTEXT ( ( #4368 ) ) GLOBAL_UNIT_ASSIGNED_CONTEXT ( ( #4339, #4415, #2252 ) ) REPRESENTATION_CONTEXT ( 'NONE', 'WORKASPACE' ) );
#3909 = CARTESIAN_POINT ( 'NONE',  ( -16.58532988375762685, -1.061458937848278383, -2.500000000000000444 ) ) ;
#3910 = LINE ( 'NONE', #652, #3936 ) ;
#3911 = DIRECTION ( 'NONE',  ( 0.000000000000000000, 0.000000000000000000, -1.000000000000000000 ) ) ;
#3912 = CARTESIAN_POINT ( 'NONE',  ( 18.00780870263278999, 1.187216035834511851, -2.206345972839916847 ) ) ;
#3913 = CYLINDRICAL_SURFACE ( 'NONE', #4592, 2.500000000000000000 ) ;
#3914 = ADVANCED_FACE ( 'NONE', ( #3226 ), #1128, .T. ) ;
#3915 = CARTESIAN_POINT ( 'NONE',  ( 1.227726740212324641, 5.540758907730045202, 3.636666666666667158 ) ) ;
#3916 = CARTESIAN_POINT ( 'NONE',  ( -16.64229904359726930, -1.289442362248261364, -2.348787546751574862 ) ) ;
#3917 = CARTESIAN_POINT ( 'NONE',  ( 15.01818997635090014, 1.725172314968953291, -2.249999999999999112 ) ) ;
#3918 = ORIENTED_EDGE ( 'NONE', *, *, #2669, .F. ) ;
#3919 = ORIENTED_EDGE ( 'NONE', *, *, #2593, .F. ) ;
#3920 = CARTESIAN_POINT ( 'NONE',  ( 12.39248711081538978, 2.496237148862063382, 0.1558465374634400713 ) ) ;
#3921 = CARTESIAN_POINT ( 'NONE',  ( 19.86543090924818600, 0.3181060143907709636, -2.484748938533775764 ) ) ;
#3922 = CARTESIAN_POINT ( 'NONE',  ( 0.3541627692384911041, 2.186232332716883775, 7.013328271066506581 ) ) ;
#3923 = EDGE_LOOP ( 'NONE', ( #4016, #2460, #591, #2141 ) ) ;
#3924 = CARTESIAN_POINT ( 'NONE',  ( -15.83196111628430280, -1.497694811084300692, -2.299999999999999822 ) ) ;
#3925 = ORIENTED_EDGE ( 'NONE', *, *, #1884, .F. ) ;
#3926 = CARTESIAN_POINT ( 'NONE',  ( -12.16031458184321679, -2.521708236481194021, 0.1137825343127550348 ) ) ;
#3927 = CARTESIAN_POINT ( 'NONE',  ( -12.48064628180860858, -2.482629011280665932, -0.3033829905349521572 ) ) ;
#3928 = CARTESIAN_POINT ( 'NONE',  ( -17.44531749961075562, 1.055017355401146606, 2.400057296706061383 ) ) ;
#3929 = EDGE_CURVE ( 'NONE', #1795, #888, #3904, .T. ) ;
#3930 = EDGE_LOOP ( 'NONE', ( #746, #381, #2472, #3036, #4145, #1122, #2650, #3111 ) ) ;
#3931 = CARTESIAN_POINT ( 'NONE',  ( 17.62444134291803266, 1.323166430470096522, -2.126115810314560761 ) ) ;
#3932 = CIRCLE ( 'NONE', #258, 0.2499999999999998335 ) ;
#3933 = CARTESIAN_POINT ( 'NONE',  ( 8.000815763067205211, -17.04097486361366975, -2.250000000000000888 ) ) ;
#3934 = CARTESIAN_POINT ( 'NONE',  ( 14.94466851414151876, 1.486227562788466239, 2.500000000000000444 ) ) ;
#3935 = CYLINDRICAL_SURFACE ( 'NONE', #1320, 0.2500000000000001110 ) ;
#3936 = VECTOR ( 'NONE', #1786, 1000.000000000000000 ) ;
#3937 = CIRCLE ( 'NONE', #1780, 6.000000000000000888 ) ;
#3938 = CARTESIAN_POINT ( 'NONE',  ( -1.626932579483896690, 5.250946547988246671, 3.600000000000000089 ) ) ;
#3939 = EDGE_CURVE ( 'NONE', #3597, #2590, #1355, .T. ) ;
#3940 = DIRECTION ( 'NONE',  ( -0.9881499919765303064, -0.1534913461950969393, -0.000000000000000000 ) ) ;
#3941 = CIRCLE ( 'NONE', #2375, 7.000000000000001776 ) ;
#3942 = EDGE_LOOP ( 'NONE', ( #284, #2188, #306, #507 ) ) ;
#3943 = VERTEX_POINT ( 'NONE', #4594 ) ;
#3944 = CARTESIAN_POINT ( 'NONE',  ( 13.98788730104607936, 2.206039631057162609, -1.179093603294657511 ) ) ;
#3945 = CIRCLE ( 'NONE', #1937, 0.2499999999999999445 ) ;
#3946 = DIRECTION ( 'NONE',  ( 0.2940858488375206470, 0.9557790087219508735, 0.000000000000000000 ) ) ;
#3947 = EDGE_CURVE ( 'NONE', #853, #92, #283, .T. ) ;
#3948 = CARTESIAN_POINT ( 'NONE',  ( -13.00818758510569140, 2.322760517146738923, -1.199661508643448560 ) ) ;
#3949 = DIRECTION ( 'NONE',  ( 1.000000000000000000, 0.000000000000000000, 0.000000000000000000 ) ) ;
#3950 = ORIENTED_EDGE ( 'NONE', *, *, #3713, .T. ) ;
#3951 =( BOUNDED_SURFACE ( )  B_SPLINE_SURFACE ( 3, 2, ( 
 ( #1356, #2791, #3847 ),
 ( #3503, #1714, #4225 ),
 ( #4626, #999, #3525 ),
 ( #2433, #3166, #1378 ),
 ( #2811, #4249, #1403 ),
 ( #340, #2838, #1788 ) ),
 .UNSPECIFIED., .F., .F., .F. ) 
 B_SPLINE_SURFACE_WITH_KNOTS ( ( 4, 2, 4 ),
 ( 3, 3 ),
 ( -3.209238430557093125E-17, 0.002506044195168827954, 0.005012088390337688000 ),
 ( 0.000000000000000000, 1.000000000000000000 ),
 .UNSPECIFIED. ) 
 GEOMETRIC_REPRESENTATION_ITEM ( )  RATIONAL_B_SPLINE_SURFACE ( (
 ( 1.000000000000000000, 0.7745966692414909538, 1.000000000000000000),
 ( 1.000000000000000000, 0.8377277240435242467, 1.000000000000000000),
 ( 1.000000000000000000, 0.8954940612320576587, 1.000000000000000000),
 ( 1.000000000000000000, 0.9769271448283214365, 1.000000000000000000),
 ( 1.000000000000000000, 1.000316931115486696, 1.000000000000000000),
 ( 1.000000000000000000, 1.000000000000000000, 1.000000000000000000) ) ) 
 REPRESENTATION_ITEM ( '' )  SURFACE ( )  );
#3952 = DIRECTION ( 'NONE',  ( -0.000000000000000000, -0.000000000000000000, 1.000000000000000000 ) ) ;
#3953 = ORIENTED_EDGE ( 'NONE', *, *, #2129, .T. ) ;
#3954 = CARTESIAN_POINT ( 'NONE',  ( 12.51607587871922433, -2.443115853429859374, 0.7765003709821335365 ) ) ;
#3955 = CARTESIAN_POINT ( 'NONE',  ( -12.16037894695296728, -2.521694553196504707, 0.1168991766981378050 ) ) ;
#3956 = DIRECTION ( 'NONE',  ( 0.6775591281468905658, -0.7354683051395386473, 0.000000000000000000 ) ) ;
#3957 = PLANE ( 'NONE',  #1426 ) ;
#3958 = CARTESIAN_POINT ( 'NONE',  ( -0.6353032616888941719, 4.089969425003308068, 2.500000000000000000 ) ) ;
#3959 = CARTESIAN_POINT ( 'NONE',  ( 15.27185534967098590, 1.629046572555465255, 2.499999999999761524 ) ) ;
#3960 = EDGE_CURVE ( 'NONE', #1038, #2174, #4193, .T. ) ;
#3961 = CARTESIAN_POINT ( 'NONE',  ( -0.7205519766194059539, 2.114800738333518115, 7.077572553284386281 ) ) ;
#3962 = ADVANCED_FACE ( 'NONE', ( #4263 ), #2148, .T. ) ;
#3963 = CARTESIAN_POINT ( 'NONE',  ( -1.710262321574403277, 5.558352545116810539, 2.500000000000000000 ) ) ;
#3964 = DIRECTION ( 'NONE',  ( -1.000000000000000000, 0.000000000000000000, 0.000000000000000000 ) ) ;
#3965 = ORIENTED_EDGE ( 'NONE', *, *, #2790, .F. ) ;
#3966 = ORIENTED_EDGE ( 'NONE', *, *, #22, .F. ) ;
#3967 = CARTESIAN_POINT ( 'NONE',  ( 12.26167922807684008, 2.500163527472390790, 0.09099965342808045976 ) ) ;
#3968 = EDGE_CURVE ( 'NONE', #2999, #1556, #3976, .T. ) ;
#3969 = CARTESIAN_POINT ( 'NONE',  ( 17.84717124469166549, 0.9227136938205809935, -2.423713209598632456 ) ) ;
#3970 = CARTESIAN_POINT ( 'NONE',  ( -12.32459871730788414, 2.486168325119457734, 0.5184154469670155807 ) ) ;
#3971 = CARTESIAN_POINT ( 'NONE',  ( -1.666526299939333322, 5.456010776237115500, 3.559963280834349764 ) ) ;
#3972 = ORIENTED_EDGE ( 'NONE', *, *, #524, .F. ) ;
#3973 = EDGE_CURVE ( 'NONE', #124, #1922, #1964, .T. ) ;
#3974 = CARTESIAN_POINT ( 'NONE',  ( 14.17661858865518809, 2.164560228248057605, -1.250871303646669430 ) ) ;
#3975 = ORIENTED_EDGE ( 'NONE', *, *, #2559, .T. ) ;
#3976 = CIRCLE ( 'NONE', #3538, 5.000000000000000000 ) ;
#3977 =( BOUNDED_SURFACE ( )  B_SPLINE_SURFACE ( 3, 2, ( 
 ( #2573, #2225, #3304 ),
 ( #4032, #808, #2315 ),
 ( #3494, #879, #3136 ),
 ( #2407, #211, #3047 ),
 ( #2711, #1661, #4523 ),
 ( #3818, #576, #262 ) ),
 .UNSPECIFIED., .F., .F., .T. ) 
 B_SPLINE_SURFACE_WITH_KNOTS ( ( 4, 2, 4 ),
 ( 3, 3 ),
 ( -3.556183125752454544E-17, 0.002506048180549228649, 0.005012096361098492860 ),
 ( 0.000000000000000000, 1.000000000000000000 ),
 .UNSPECIFIED. ) 
 GEOMETRIC_REPRESENTATION_ITEM ( )  RATIONAL_B_SPLINE_SURFACE ( (
 ( 1.000000000000000000, 0.7745966692414835153, 1.000000000000000000),
 ( 1.000000000000000000, 0.8377268153092662928, 1.000000000000000000),
 ( 1.000000000000000000, 0.8954944063763458084, 1.000000000000000000),
 ( 1.000000000000000000, 0.9769270073278103483, 1.000000000000000000),
 ( 1.000000000000000000, 1.000317017013100829, 1.000000000000000000),
 ( 1.000000000000000000, 1.000000000000000000, 1.000000000000000000) ) ) 
 REPRESENTATION_ITEM ( '' )  SURFACE ( )  );
#3978 = CARTESIAN_POINT ( 'NONE',  ( 0.9992385854523500033, 5.472479395092864074, 3.535535510573745377 ) ) ;
#3979 = CARTESIAN_POINT ( 'NONE',  ( -16.87074907635977539, -1.555346748633275267, 1.962830243799220442 ) ) ;
#3980 = CIRCLE ( 'NONE', #610, 0.2499999999999998335 ) ;
#3981 = CARTESIAN_POINT ( 'NONE',  ( 4.964411059691881789, 4.573524114991519340, 2.250000000000000444 ) ) ;
#3982 = CARTESIAN_POINT ( 'NONE',  ( 15.23895266138961091, -1.658762111603655942, 2.264485989713152403 ) ) ;
#3983 = CALENDAR_DATE ( 2026, 2, 9 ) ;
#3984 = B_SPLINE_CURVE_WITH_KNOTS ( 'NONE', 3,
 ( #686, #1418, #618, #3492 ),
 .UNSPECIFIED., .F., .F.,
 ( 4, 4 ),
 ( 6.111054354846120875E-17, 0.0008466150462554097650 ),
 .UNSPECIFIED. ) ;
#3985 = CARTESIAN_POINT ( 'NONE',  ( -0.6960691880554121802, 2.180318659209787846, 7.056148510758449177 ) ) ;
#3986 = DIRECTION ( 'NONE',  ( -0.4699767530242041635, 0.000000000000000000, -0.8826787930027696349 ) ) ;
#3987 = FACE_OUTER_BOUND ( 'NONE', #2467, .T. ) ;
#3988 = CARTESIAN_POINT ( 'NONE',  ( -6.023804989942298072, 3.252962502005867229, -2.250000000000000888 ) ) ;
#3989 = EDGE_CURVE ( 'NONE', #2590, #3597, #304, .T. ) ;
#3990 = ORIENTED_EDGE ( 'NONE', *, *, #4307, .T. ) ;
#3991 = VERTEX_POINT ( 'NONE', #645 ) ;
#3992 = CARTESIAN_POINT ( 'NONE',  ( 12.29002087765479523, 2.494015144057311506, -0.1956345036994927011 ) ) ;
#3993 = CARTESIAN_POINT ( 'NONE',  ( -15.92901501664386288, -1.524936257035093501, -2.005873711997746778 ) ) ;
#3994 = FACE_OUTER_BOUND ( 'NONE', #156, .T. ) ;
#3995 = EDGE_CURVE ( 'NONE', #2606, #705, #3984, .T. ) ;
#3996 = CARTESIAN_POINT ( 'NONE',  ( -1.553508982232768343, 5.316871540097906745, 3.554939904078008972 ) ) ;
#3997 = ORIENTED_EDGE ( 'NONE', *, *, #1770, .F. ) ;
#3998 = EDGE_CURVE ( 'NONE', #377, #2876, #826, .T. ) ;
#3999 = ORIENTED_EDGE ( 'NONE', *, *, #3262, .F. ) ;
#4000 = CARTESIAN_POINT ( 'NONE',  ( 0.8563051348746039126, 5.684364075939489780, 3.443861637481868243 ) ) ;
#4001 = CARTESIAN_POINT ( 'NONE',  ( -20.22984999193888456, -0.1365435918676675409, 2.499999999999252598 ) ) ;
#4002 = DIRECTION ( 'NONE',  ( -0.1534913461950969393, -0.9881499919765303064, 0.000000000000000000 ) ) ;
#4003 = EDGE_CURVE ( 'NONE', #888, #2962, #3760, .T. ) ;
#4004 = ORIENTED_EDGE ( 'NONE', *, *, #207, .T. ) ;
#4005 = CARTESIAN_POINT ( 'NONE',  ( -13.80901127760828651, -1.835660558644846008, 2.250000000000000444 ) ) ;
#4006 = APPROVAL_DATE_TIME ( #3310, #4508 ) ;
#4007 =( BOUNDED_SURFACE ( )  B_SPLINE_SURFACE ( 3, 2, ( 
 ( #1743, #1425, #4292 ),
 ( #363, #4627, #2116 ),
 ( #1807, #385, #3566 ),
 ( #2526, #3550, #318 ) ),
 .UNSPECIFIED., .F., .F., .F. ) 
 B_SPLINE_SURFACE_WITH_KNOTS ( ( 4, 4 ),
 ( 3, 3 ),
 ( 0.5240012602887411663, 0.7956029534845417972 ),
 ( 0.000000000000000000, 1.000000000000000000 ),
 .UNSPECIFIED. ) 
 GEOMETRIC_REPRESENTATION_ITEM ( )  RATIONAL_B_SPLINE_SURFACE ( (
 ( 1.000000000000000000, 0.9559122584498944697, 1.000000000000000000),
 ( 1.000000000000000000, 0.9445902474892667877, 1.000000000000000000),
 ( 1.000000000000000000, 0.9304003179300892601, 1.000000000000000000),
 ( 1.000000000000000000, 0.9134839804860036550, 1.000000000000000000) ) ) 
 REPRESENTATION_ITEM ( '' )  SURFACE ( )  );
#4008 = CARTESIAN_POINT ( 'NONE',  ( 20.24551319808860583, -0.1589816114979073214, 2.499999999998263167 ) ) ;
#4009 = CARTESIAN_POINT ( 'NONE',  ( 1.242676666530083240, 2.754438843922500713, 6.701108863772192059 ) ) ;
#4010 = CARTESIAN_POINT ( 'NONE',  ( 0.000000000000000000, 0.000000000000000000, -2.250000000000000888 ) ) ;
#4011 = TOROIDAL_SURFACE ( 'NONE', #1995, 1.800000000000000044, 0.1000000000000000056 ) ;
#4012 = CYLINDRICAL_SURFACE ( 'NONE', #3511, 0.2500000000000001665 ) ;
#4013 = CARTESIAN_POINT ( 'NONE',  ( 15.55793212042680551, -1.567901847302116236, 2.284534051067497629 ) ) ;
#4014 = VERTEX_POINT ( 'NONE', #2804 ) ;
#4015 = AXIS2_PLACEMENT_3D ( 'NONE', #590, #2776, #2377 ) ;
#4016 = ORIENTED_EDGE ( 'NONE', *, *, #1919, .T. ) ;
#4017 = CIRCLE ( 'NONE', #2591, 0.09999999999999982514 ) ;
#4018 = CARTESIAN_POINT ( 'NONE',  ( 13.43132697264464781, 2.318302032987967554, 0.9399201392968953295 ) ) ;
#4019 = CC_DESIGN_PERSON_AND_ORGANIZATION_ASSIGNMENT ( #2882, #102, ( #906 ) ) ;
#4020 = DIRECTION ( 'NONE',  ( 0.2940858488375206470, 0.9557790087219508735, 0.000000000000000000 ) ) ;
#4021 = CIRCLE ( 'NONE', #2078, 20.00000000000000000 ) ;
#4022 = CARTESIAN_POINT ( 'NONE',  ( 1.710262321574402833, 5.558352545116810539, 2.250000000000000444 ) ) ;
#4023 = FACE_OUTER_BOUND ( 'NONE', #2581, .T. ) ;
#4024 = ORIENTED_EDGE ( 'NONE', *, *, #3078, .F. ) ;
#4025 = VECTOR ( 'NONE', #2249, 1000.000000000000114 ) ;
#4026 = EDGE_CURVE ( 'NONE', #4299, #1957, #1050, .T. ) ;
#4027 = EDGE_CURVE ( 'NONE', #4299, #1795, #473, .T. ) ;
#4028 = CARTESIAN_POINT ( 'NONE',  ( 19.04144040587406295, 0.5405723256549790356, 2.473616974439254879 ) ) ;
#4029 = CARTESIAN_POINT ( 'NONE',  ( 12.97230039938245483, 2.401999919866585120, -0.6996259650533321883 ) ) ;
#4030 = ORIENTED_EDGE ( 'NONE', *, *, #2669, .T. ) ;
#4031 = CARTESIAN_POINT ( 'NONE',  ( 0.9555576949754497340, 5.495094411379640498, 3.526142035204535397 ) ) ;
#4032 = CARTESIAN_POINT ( 'NONE',  ( 16.64316037432852013, -1.289221004633406720, 2.348839405783438306 ) ) ;
#4033 = B_SPLINE_CURVE_WITH_KNOTS ( 'NONE', 3,
 ( #1765, #1448, #2793, #1832, #655, #4581 ),
 .UNSPECIFIED., .F., .F.,
 ( 4, 2, 4 ),
 ( 0.000000000000000000, 0.002514224739041510948, 0.005028449478083021895 ),
 .UNSPECIFIED. ) ;
#4034 = CARTESIAN_POINT ( 'NONE',  ( 15.77381990457084626, -1.259746078159557969, 2.500000000000000000 ) ) ;
#4035 = CARTESIAN_POINT ( 'NONE',  ( -8.000815763067205211, 17.04097486361366975, 2.500000000000000000 ) ) ;
#4036 = CARTESIAN_POINT ( 'NONE',  ( 14.94466851414152053, -1.486227562788466017, -2.250000000000000888 ) ) ;
#4037 = CARTESIAN_POINT ( 'NONE',  ( 1.767297544888636329, 3.513433587368032462, 6.064603380263514865 ) ) ;
#4038 = CARTESIAN_POINT ( 'NONE',  ( 13.82310207765998911, -2.242256164730520585, 1.116422992684434234 ) ) ;
#4039 = EDGE_CURVE ( 'NONE', #2651, #4562, #3822, .T. ) ;
#4040 = CARTESIAN_POINT ( 'NONE',  ( 15.27185984638818006, -1.629044868459714523, -2.500000000000300648 ) ) ;
#4041 = DIRECTION ( 'NONE',  ( 0.000000000000000000, 0.000000000000000000, -1.000000000000000000 ) ) ;
#4042 = VERTEX_POINT ( 'NONE', #3648 ) ;
#4043 = ORIENTED_EDGE ( 'NONE', *, *, #1761, .F. ) ;
#4044 = DIRECTION ( 'NONE',  ( 0.000000000000000000, 0.000000000000000000, -1.000000000000000000 ) ) ;
#4045 = CARTESIAN_POINT ( 'NONE',  ( -18.00782857989845098, -1.187208797895851431, -2.206350023681152184 ) ) ;
#4046 = B_SPLINE_CURVE_WITH_KNOTS ( 'NONE', 3,
 ( #337, #4645, #3164, #997, #315, #733, #1759, #2857, #3185, #1376, #4310, #292, #2836, #3926, #4623, #1353, #2431, #1400, #2175, #1737, #1712, #4266, #1040, #1422 ),
 .UNSPECIFIED., .F., .F.,
 ( 4, 2, 2, 2, 2, 2, 2, 2, 2, 2, 2, 4 ),
 ( 2.168404344971008868E-19, 0.0006501087612733303343, 0.001300217522546660452, 0.001625271903183325402, 0.001950326283819990352, 0.002275380664456655086, 0.002600435045093320470, 0.002925489425729985854, 0.003250543806366650371, 0.003900652567639977669, 0.004550761328913304968, 0.005200870090186631399 ),
 .UNSPECIFIED. ) ;
#4047 = CARTESIAN_POINT ( 'NONE',  ( -1.703817766803719547, 5.430683562848725998, 3.594421548173082126 ) ) ;
#4048 = EDGE_LOOP ( 'NONE', ( #401, #3953, #165, #960 ) ) ;
#4049 = CARTESIAN_POINT ( 'NONE',  ( 12.36835710614174388, -2.499877159467077448, 0.08349941192642634791 ) ) ;
#4050 = CARTESIAN_POINT ( 'NONE',  ( 15.17233545036472897, 1.677742938349353619, -1.907072287094909724 ) ) ;
#4051 = EDGE_CURVE ( 'NONE', #4184, #2478, #531, .T. ) ;
#4052 = EDGE_CURVE ( 'NONE', #1946, #1518, #2266, .T. ) ;
#4053 = ORIENTED_EDGE ( 'NONE', *, *, #2560, .F. ) ;
#4054 = CARTESIAN_POINT ( 'NONE',  ( 0.7257669160516057039, 5.592759743678151096, 3.500000000000115019 ) ) ;
#4055 = CIRCLE ( 'NONE', #2780, 0.2499999999999998335 ) ;
#4056 = CARTESIAN_POINT ( 'NONE',  ( -19.83303426576910766, -0.2739273282887472738, 2.499999999999999112 ) ) ;
#4057 = DIRECTION ( 'NONE',  ( -0.000000000000000000, -0.000000000000000000, -1.000000000000000000 ) ) ;
#4058 = FACE_OUTER_BOUND ( 'NONE', #568, .T. ) ;
#4059 = CIRCLE ( 'NONE', #68, 0.1000000000000000611 ) ;
#4060 = DIRECTION ( 'NONE',  ( 0.000000000000000000, 0.000000000000000000, 1.000000000000000000 ) ) ;
#4061 = ADVANCED_FACE ( 'NONE', ( #822 ), #423, .T. ) ;
#4062 = CARTESIAN_POINT ( 'NONE',  ( -19.88453640840451797, 0.3691041613723933801, 2.479129482719582445 ) ) ;
#4063 = CARTESIAN_POINT ( 'NONE',  ( 1.060852554014089622, 2.575318702368970314, 6.738443592746344635 ) ) ;
#4064 = CARTESIAN_POINT ( 'NONE',  ( 1.615349267166197977, 4.014086380134340715, 3.600000000000000089 ) ) ;
#4065 = CARTESIAN_POINT ( 'NONE',  ( 6.023804989942298072, 3.252962502005867229, -2.250000000000000888 ) ) ;
#4066 = DIRECTION ( 'NONE',  ( -0.2940858488375239777, -0.9557790087219497632, 0.000000000000000000 ) ) ;
#4067 = EDGE_CURVE ( 'NONE', #1556, #824, #2194, .T. ) ;
#4068 = VERTEX_POINT ( 'NONE', #3625 ) ;
#4069 = ORIENTED_EDGE ( 'NONE', *, *, #964, .F. ) ;
#4070 = CARTESIAN_POINT ( 'NONE',  ( -0.6353032616888941719, -4.089969425003308068, 2.250000000000000444 ) ) ;
#4071 = DIRECTION ( 'NONE',  ( 0.9557790087219500963, -0.2940858488375230895, 0.000000000000000000 ) ) ;
#4072 = DIRECTION ( 'NONE',  ( -1.000000000000000000, -0.000000000000000000, -0.000000000000000000 ) ) ;
#4073 = CARTESIAN_POINT ( 'NONE',  ( -1.235523712650461681, 5.502758625177144758, 3.500000000000200284 ) ) ;
#4074 = ORIENTED_EDGE ( 'NONE', *, *, #3411, .T. ) ;
#4075 = CARTESIAN_POINT ( 'NONE',  ( 12.15887357748950137, -2.522014575734798036, -0.1063637323379350436 ) ) ;
#4076 = DIRECTION ( 'NONE',  ( -1.000000000000000000, -1.776356839400250465E-15, 0.000000000000000000 ) ) ;
#4077 = B_SPLINE_CURVE_WITH_KNOTS ( 'NONE', 3,
 ( #2617, #4056, #49, #2639, #2598, #74 ),
 .UNSPECIFIED., .F., .F.,
 ( 4, 2, 4 ),
 ( -1.969101440000123302E-05, 0.002494312341969298196, 0.005008315698338597181 ),
 .UNSPECIFIED. ) ;
#4078 = ORIENTED_EDGE ( 'NONE', *, *, #2849, .T. ) ;
#4079 = CARTESIAN_POINT ( 'NONE',  ( -15.17233545036466147, 1.677742938349032320, -1.907072287094895735 ) ) ;
#4080 = CARTESIAN_POINT ( 'NONE',  ( -20.62499999999999645, -8.263889991991311394E-16, 2.500000000000000444 ) ) ;
#4081 = CARTESIAN_POINT ( 'NONE',  ( -0.1846507328338020670, 4.014086380134340715, 3.500000000000000000 ) ) ;
#4082 = DIRECTION ( 'NONE',  ( -0.000000000000000000, -0.000000000000000000, -1.000000000000000000 ) ) ;
#4083 = CARTESIAN_POINT ( 'NONE',  ( 0.8601322562017450490, 2.334434513702449809, 6.971060468522002118 ) ) ;
#4084 = DIRECTION ( 'NONE',  ( 0.000000000000000000, -0.000000000000000000, -1.000000000000000000 ) ) ;
#4085 = CARTESIAN_POINT ( 'NONE',  ( 15.01818997635090014, 1.725172314968953291, -2.249999999999999112 ) ) ;
#4086 = CARTESIAN_POINT ( 'NONE',  ( 15.49540779720802597, -1.327774247186520595, 2.500000000000000444 ) ) ;
#4087 = VERTEX_POINT ( 'NONE', #398 ) ;
#4088 = EDGE_LOOP ( 'NONE', ( #2521, #1223, #3059 ) ) ;
#4089 = DIRECTION ( 'NONE',  ( -0.9881499919765300843, 0.1534913461950988822, -2.130120332831372786E-15 ) ) ;
#4090 = DIRECTION ( 'NONE',  ( -1.000000000000000000, 0.000000000000000000, 0.000000000000000000 ) ) ;
#4091 = B_SPLINE_CURVE_WITH_KNOTS ( 'NONE', 3,
 ( #2322, #3143, #272, #629 ),
 .UNSPECIFIED., .F., .F.,
 ( 4, 4 ),
 ( 0.000000000000000000, 0.0008595362456403582516 ),
 .UNSPECIFIED. ) ;
#4092 = CARTESIAN_POINT ( 'NONE',  ( -13.12147208170611812, 2.293539683640045901, 1.016761036289100417 ) ) ;
#4093 = AXIS2_PLACEMENT_3D ( 'NONE', #4424, #1126, #4020 ) ;
#4094 = CARTESIAN_POINT ( 'NONE',  ( -17.62444134291803266, -1.323166430470096522, 2.126115810314560761 ) ) ;
#4095 = AXIS2_PLACEMENT_3D ( 'NONE', #2139, #391, #1837 ) ;
#4096 = ORIENTED_EDGE ( 'NONE', *, *, #3947, .T. ) ;
#4097 = EDGE_CURVE ( 'NONE', #4281, #1226, #3363, .T. ) ;
#4098 = CARTESIAN_POINT ( 'NONE',  ( 20.62499999999999645, 2.168404344971008868E-15, 2.500000000000000000 ) ) ;
#4099 = CARTESIAN_POINT ( 'NONE',  ( -15.77381990457084626, -1.259746078159557969, 2.500000000000000000 ) ) ;
#4100 = ORIENTED_EDGE ( 'NONE', *, *, #636, .T. ) ;
#4101 = CARTESIAN_POINT ( 'NONE',  ( -19.10037600435033767, 0.6215655282534312542, -2.428052223468274207 ) ) ;
#4102 = AXIS2_PLACEMENT_3D ( 'NONE', #3638, #3693, #3315 ) ;
#4103 = CARTESIAN_POINT ( 'NONE',  ( -0.1846507328338020670, 4.014086380134340715, 3.500000000000000000 ) ) ;
#4104 = CARTESIAN_POINT ( 'NONE',  ( -12.51477162236406038, 2.477304951736777561, -0.3455142252735306507 ) ) ;
#4105 = CARTESIAN_POINT ( 'NONE',  ( -16.06452596313853221, -1.749635530559412455, -1.785714285714286031 ) ) ;
#4106 = DIRECTION ( 'NONE',  ( -0.9557790087219509845, -0.2940858488375207025, -5.101576259310142561E-16 ) ) ;
#4107 = CARTESIAN_POINT ( 'NONE',  ( 13.47345587384019083, -2.311661680238950467, 0.9708453533794072499 ) ) ;
#4108 = PLANE ( 'NONE',  #3868 ) ;
#4109 = DIRECTION ( 'NONE',  ( -1.000000000000000000, 0.000000000000000000, 0.000000000000000000 ) ) ;
#4110 = EDGE_LOOP ( 'NONE', ( #317, #1911, #3858 ) ) ;
#4111 = ADVANCED_FACE ( 'NONE', ( #1440 ), #2540, .T. ) ;
#4112 = VERTEX_POINT ( 'NONE', #3273 ) ;
#4113 = DIRECTION ( 'NONE',  ( 0.8518212536923535083, -0.2620988472899545840, -0.4535468509506641599 ) ) ;
#4114 = CARTESIAN_POINT ( 'NONE',  ( -18.03864087796205595, -1.175739230187762274, -2.212472816268486575 ) ) ;
#4115 = DIRECTION ( 'NONE',  ( 1.000000000000000000, 0.000000000000000000, 0.000000000000000000 ) ) ;
#4116 = FACE_OUTER_BOUND ( 'NONE', #4121, .T. ) ;
#4117 = ADVANCED_FACE ( 'NONE', ( #4023 ), #2539, .T. ) ;
#4118 = ORIENTED_EDGE ( 'NONE', *, *, #4602, .F. ) ;
#4119 = CARTESIAN_POINT ( 'NONE',  ( 13.17813461945265097, -2.278130427454162721, 1.319546343284194734 ) ) ;
#4120 = CARTESIAN_POINT ( 'NONE',  ( -12.52253946055686384, -2.476085019099792284, -0.3539283770754439451 ) ) ;
#4121 = EDGE_LOOP ( 'NONE', ( #3883, #2487 ) ) ;
#4122 = VERTEX_POINT ( 'NONE', #4426 ) ;
#4123 = DIRECTION ( 'NONE',  ( -1.000000000000000000, 0.000000000000000000, 0.000000000000000000 ) ) ;
#4124 = CARTESIAN_POINT ( 'NONE',  ( -15.49539881648034445, 1.327776441549369357, -2.500000000000000444 ) ) ;
#4125 = CARTESIAN_POINT ( 'NONE',  ( -13.82481130021692550, 2.241880511421302735, 1.117073038944484287 ) ) ;
#4126 = CARTESIAN_POINT ( 'NONE',  ( 18.79254616729903304, 0.8737779896258084378, 2.348171783531815215 ) ) ;
#4127 = CIRCLE ( 'NONE', #2549, 0.2499999999999998335 ) ;
#4128 = CARTESIAN_POINT ( 'NONE',  ( -2.078561162959198683, 4.277349979304563732, 5.232034118126910549 ) ) ;
#4129 = CARTESIAN_POINT ( 'NONE',  ( 16.63610892856999257, -1.276907382568828409, -2.364945432956349514 ) ) ;
#4130 = AXIS2_PLACEMENT_3D ( 'NONE', #3347, #4449, #2391 ) ;
#4131 = CARTESIAN_POINT ( 'NONE',  ( -11.03226985042036823, 2.474987477922806267, -2.250000000000000888 ) ) ;
#4132 = EDGE_LOOP ( 'NONE', ( #1887, #1276, #1646 ) ) ;
#4133 = ORIENTED_EDGE ( 'NONE', *, *, #4515, .F. ) ;
#4134 = VECTOR ( 'NONE', #2551, 1000.000000000000114 ) ;
#4135 =( BOUNDED_SURFACE ( )  B_SPLINE_SURFACE ( 3, 2, ( 
 ( #1224, #2681, #3652 ),
 ( #2658, #1516, #3042 ),
 ( #4473, #3745, #523 ),
 ( #4428, #2244, #4119 ),
 ( #2948, #1565, #3399 ),
 ( #425, #3677, #896 ),
 ( #2288, #851, #1869 ),
 ( #3725, #4380, #1944 ),
 ( #4406, #3702, #1153 ),
 ( #1180, #450, #1205 ),
 ( #1897, #3325, #2636 ),
 ( #1538, #2974, #2612 ),
 ( #4049, #827, #2269 ),
 ( #476, #3353, #4075 ),
 ( #504, #3376, #143 ),
 ( #1590, #3132, #2380 ),
 ( #1986, #1369, #4142 ),
 ( #2402, #2013, #3067 ),
 ( #208, #923, #4216 ),
 ( #1321, #186, #282 ),
 ( #1295, #2755, #617 ),
 ( #2034, #3089, #3860 ),
 ( #3788, #3109, #3467 ),
 ( #1633, #572, #4496 ),
 ( #3443, #1727, #1272 ),
 ( #4570, #2730, #3417 ) ),
 .UNSPECIFIED., .F., .F., .F. ) 
 B_SPLINE_SURFACE_WITH_KNOTS ( ( 4, 2, 2, 2, 2, 2, 2, 2, 2, 2, 2, 2, 4 ),
 ( 3, 3 ),
 ( -2.602085213965210642E-18, 0.0006600301734030053144, 0.001320060346806013231, 0.001650075433507517189, 0.001980090520209021147, 0.002310105606910525106, 0.002640120693612029064, 0.002970135780313533022, 0.003300150867015036980, 0.003630165953716540939, 0.003960181040418044897, 0.004620211213821052813, 0.005280241387224060730 ),
 ( 0.000000000000000000, 1.000000000000000000 ),
 .UNSPECIFIED. ) 
 GEOMETRIC_REPRESENTATION_ITEM ( )  RATIONAL_B_SPLINE_SURFACE ( (
 ( 1.000000000000000000, 0.9559122584498942476, 1.000000000000000000),
 ( 1.000000000000000000, 0.9606857467796587891, 1.000000000000000000),
 ( 1.000000000000000000, 0.9651581687277380750, 1.000000000000000000),
 ( 1.000000000000000000, 0.9734798300929240478, 1.000000000000000000),
 ( 1.000000000000000000, 0.9773324532566487477, 1.000000000000000000),
 ( 1.000000000000000000, 0.9825833295383433752, 1.000000000000000000),
 ( 1.000000000000000000, 0.9842451473058366762, 1.000000000000000000),
 ( 1.000000000000000000, 0.9873587237460001997, 1.000000000000000000),
 ( 1.000000000000000000, 0.9888124952854638883, 1.000000000000000000),
 ( 1.000000000000000000, 0.9913515808468461588, 1.000000000000000000),
 ( 1.000000000000000000, 0.9924536467042690546, 1.000000000000000000),
 ( 1.000000000000000000, 0.9940274091549627933, 1.000000000000000000),
 ( 1.000000000000000000, 0.9945062617384136106, 1.000000000000000000),
 ( 1.000000000000000000, 0.9945338904719153161, 1.000000000000000000),
 ( 1.000000000000000000, 0.9940872525635953139, 1.000000000000000000),
 ( 1.000000000000000000, 0.9925208107429661641, 1.000000000000000000),
 ( 1.000000000000000000, 0.9914391759742815502, 1.000000000000000000),
 ( 1.000000000000000000, 0.9889202376553321017, 1.000000000000000000),
 ( 1.000000000000000000, 0.9874728392083362838, 1.000000000000000000),
 ( 1.000000000000000000, 0.9843831489281475999, 1.000000000000000000),
 ( 1.000000000000000000, 0.9827272827566098101, 1.000000000000000000),
 ( 1.000000000000000000, 0.9774783996013537424, 1.000000000000000000),
 ( 1.000000000000000000, 0.9736062005106973505, 1.000000000000000000),
 ( 1.000000000000000000, 0.9652079732506102516, 1.000000000000000000),
 ( 1.000000000000000000, 0.9607054044307211660, 1.000000000000000000),
 ( 1.000000000000000000, 0.9559122584498943587, 1.000000000000000000) ) ) 
 REPRESENTATION_ITEM ( '' )  SURFACE ( )  );
#4136 = DIRECTION ( 'NONE',  ( 0.000000000000000000, 0.000000000000000000, -1.000000000000000000 ) ) ;
#4137 = CARTESIAN_POINT ( 'NONE',  ( 15.83196111628438629, 1.497694811084281374, -2.300000000000000266 ) ) ;
#4138 = CARTESIAN_POINT ( 'NONE',  ( -18.64503363653431478, 0.6709567711838223536, 2.458589866111574818 ) ) ;
#4139 = DIRECTION ( 'NONE',  ( -0.6775591281468905658, 0.7354683051395386473, -0.000000000000000000 ) ) ;
#4140 = ORIENTED_EDGE ( 'NONE', *, *, #4097, .T. ) ;
#4141 = CARTESIAN_POINT ( 'NONE',  ( 1.137987532081301989, 5.378134773770858246, 3.599999999999999645 ) ) ;
#4142 = CARTESIAN_POINT ( 'NONE',  ( 12.32459871730798184, -2.486168325119437306, -0.5184154469669558507 ) ) ;
#4143 = EDGE_CURVE ( 'NONE', #705, #3655, #2416, .T. ) ;
#4144 = CARTESIAN_POINT ( 'NONE',  ( -12.51477162236403728, -2.477304951736782002, 0.3455142252734975661 ) ) ;
#4145 = ORIENTED_EDGE ( 'NONE', *, *, #4097, .F. ) ;
#4146 = DIRECTION ( 'NONE',  ( -0.4699767530242060509, 0.000000000000000000, 0.8826787930027686357 ) ) ;
#4147 = EDGE_CURVE ( 'NONE', #3679, #3534, #3496, .T. ) ;
#4148 = CARTESIAN_POINT ( 'NONE',  ( -15.77381990457081606, 1.259746078159565075, -2.500000000000000444 ) ) ;
#4149 = CARTESIAN_POINT ( 'NONE',  ( -12.80673805472211413, 2.430190586721601154, -0.6000831836306815825 ) ) ;
#4150 = LINE ( 'NONE', #3429, #2859 ) ;
#4151 = CARTESIAN_POINT ( 'NONE',  ( -2.006590213827625924, 3.148899057958935988, 6.230324814043318504 ) ) ;
#4152 = CARTESIAN_POINT ( 'NONE',  ( 16.47222280646365888, -1.660031827966278684, -1.873507625881196681 ) ) ;
#4153 = EDGE_CURVE ( 'NONE', #943, #540, #4059, .T. ) ;
#4154 = CARTESIAN_POINT ( 'NONE',  ( 6.062177826491072175, -3.500000000000000000, 2.500000000000000000 ) ) ;
#4155 = CARTESIAN_POINT ( 'NONE',  ( 0.6353032616888941719, -4.089969425003308068, 2.500000000000000000 ) ) ;
#4156 = ADVANCED_BREP_SHAPE_REPRESENTATION ( 'DIFFERENTIAL_STEP', ( #236, #1815 ), #3908 ) ;
#4157 = ORIENTED_EDGE ( 'NONE', *, *, #550, .F. ) ;
#4158 = ORIENTED_EDGE ( 'NONE', *, *, #1296, .F. ) ;
#4159 = CARTESIAN_POINT ( 'NONE',  ( -24.75000000000000000, -3.061616997868383141E-16, -2.500000000000000000 ) ) ;
#4160 = CARTESIAN_POINT ( 'NONE',  ( -19.16224559184434639, -0.7093541216002207106, -2.403817586563579578 ) ) ;
#4161 = DIRECTION ( 'NONE',  ( 1.000000000000000000, -0.000000000000000000, -0.000000000000000000 ) ) ;
#4162 = FACE_OUTER_BOUND ( 'NONE', #3701, .T. ) ;
#4163 =( BOUNDED_CURVE ( )  B_SPLINE_CURVE ( 3, ( #4574, #312, #1757, #3183 ),
 .UNSPECIFIED., .F., .F. ) 
 B_SPLINE_CURVE_WITH_KNOTS ( ( 4, 4 ),
 ( 5.487582353695050763, 5.759184046890842623 ),
 .UNSPECIFIED. ) 
 CURVE ( )  GEOMETRIC_REPRESENTATION_ITEM ( )  RATIONAL_B_SPLINE_CURVE ( ( 1.000000000000000000, 0.9938621515090062530, 0.9938621515090062530, 1.000000000000000000 ) ) 
 REPRESENTATION_ITEM ( '' )  );
#4164 = ORIENTED_EDGE ( 'NONE', *, *, #2713, .T. ) ;
#4165 = DIRECTION ( 'NONE',  ( 0.9881499919765300843, 0.1534913461950988822, -2.662650416039215983E-16 ) ) ;
#4166 = CARTESIAN_POINT ( 'NONE',  ( 1.202903970764161334, 5.564828101217956124, 3.590666955607487498 ) ) ;
#4167 = CIRCLE ( 'NONE', #3869, 19.75000000000000000 ) ;
#4168 = CARTESIAN_POINT ( 'NONE',  ( -12.81326757888685464, -2.429093534259377574, -0.6042548253451290874 ) ) ;
#4169 = VERTEX_POINT ( 'NONE', #1717 ) ;
#4170 = EDGE_CURVE ( 'NONE', #545, #3991, #849, .T. ) ;
#4171 = CIRCLE ( 'NONE', #4548, 20.00000000000000000 ) ;
#4172 = AXIS2_PLACEMENT_3D ( 'NONE', #2618, #4057, #4413 ) ;
#4173 = CARTESIAN_POINT ( 'NONE',  ( -20.62499999999998934, 2.013986052646611904E-15, -2.500000000000000000 ) ) ;
#4174 = CARTESIAN_POINT ( 'NONE',  ( -19.81778083773643573, 0.2150132872554885444, 2.500000000000000444 ) ) ;
#4175 = AXIS2_PLACEMENT_3D ( 'NONE', #405, #1851, #4384 ) ;
#4176 = CARTESIAN_POINT ( 'NONE',  ( 14.39773847516704386, 1.916080469179371804, 2.025537867590704977 ) ) ;
#4177 = EDGE_CURVE ( 'NONE', #2607, #1946, #2333, .T. ) ;
#4178 = CARTESIAN_POINT ( 'NONE',  ( -1.884468540008327198, 4.955340657798589454, 4.474114331475800732 ) ) ;
#4179 = CARTESIAN_POINT ( 'NONE',  ( 16.22971788812905913, -1.387968074441405797, -2.345938784398986510 ) ) ;
#4180 = CIRCLE ( 'NONE', #120, 0.2499999999999998335 ) ;
#4181 = CARTESIAN_POINT ( 'NONE',  ( -14.17661858865519875, -2.164560228248058049, -1.250871303646670096 ) ) ;
#4182 = DIRECTION ( 'NONE',  ( 0.1534913461950991320, -0.9881499919765299733, 0.000000000000000000 ) ) ;
#4183 = LINE ( 'NONE', #3721, #1204 ) ;
#4184 = VERTEX_POINT ( 'NONE', #2285 ) ;
#4185 = CARTESIAN_POINT ( 'NONE',  ( -13.88253273981765545, 2.074605310825337501, 1.751219825105324146 ) ) ;
#4186 = DIRECTION ( 'NONE',  ( 1.000000000000000000, 0.000000000000000000, 0.000000000000000000 ) ) ;
#4187 = CARTESIAN_POINT ( 'NONE',  ( 20.62499999999998934, 5.601473333152397903E-15, -2.500000000000000444 ) ) ;
#4188 = CYLINDRICAL_SURFACE ( 'NONE', #3115, 5.000000000000000000 ) ;
#4189 = PLANE ( 'NONE',  #948 ) ;
#4190 = ORIENTED_EDGE ( 'NONE', *, *, #3622, .T. ) ;
#4191 = CARTESIAN_POINT ( 'NONE',  ( 1.710262321574402833, -5.558352545116810539, 2.250000000000000444 ) ) ;
#4192 = DIRECTION ( 'NONE',  ( -1.000000000000000000, 0.000000000000000000, 0.000000000000000000 ) ) ;
#4193 = LINE ( 'NONE', #2830, #3084 ) ;
#4194 = ORIENTED_EDGE ( 'NONE', *, *, #3220, .T. ) ;
#4195 = DIRECTION ( 'NONE',  ( -0.000000000000000000, -0.000000000000000000, -1.000000000000000000 ) ) ;
#4196 = CARTESIAN_POINT ( 'NONE',  ( -12.29002087765479523, 2.494015144057311506, -0.1956345036994927011 ) ) ;
#4197 = ADVANCED_FACE ( 'NONE', ( #3144 ), #3505, .F. ) ;
#4198 = EDGE_CURVE ( 'NONE', #1707, #3202, #4183, .T. ) ;
#4199 = CARTESIAN_POINT ( 'NONE',  ( -12.52253946055684963, 2.476085019099798057, 0.3539283770754095837 ) ) ;
#4200 = CARTESIAN_POINT ( 'NONE',  ( -2.045332288389477782, 4.447701114577080617, 5.050529895866484154 ) ) ;
#4201 = FACE_OUTER_BOUND ( 'NONE', #2826, .T. ) ;
#4202 = DIRECTION ( 'NONE',  ( 0.000000000000000000, -0.000000000000000000, -1.000000000000000000 ) ) ;
#4203 = EDGE_CURVE ( 'NONE', #2478, #4471, #3027, .T. ) ;
#4204 = DIRECTION ( 'NONE',  ( 0.9881499919765303064, 0.1534913461950969393, 0.000000000000000000 ) ) ;
#4205 = CARTESIAN_POINT ( 'NONE',  ( -20.62500000000000000, 0.000000000000000000, 2.500000000000000000 ) ) ;
#4206 = ORIENTED_EDGE ( 'NONE', *, *, #1704, .F. ) ;
#4207 = ORIENTED_EDGE ( 'NONE', *, *, #1515, .T. ) ;
#4208 = CARTESIAN_POINT ( 'NONE',  ( -13.52105817015299394, 2.182967636486403240, -1.542674731480493389 ) ) ;
#4209 = ADVANCED_FACE ( 'NONE', ( #3018 ), #2794, .F. ) ;
#4210 = CARTESIAN_POINT ( 'NONE',  ( -20.22984960544767574, 0.1365430382071818050, 2.499999999999252598 ) ) ;
#4211 = AXIS2_PLACEMENT_3D ( 'NONE', #1634, #4497, #4076 ) ;
#4212 = CARTESIAN_POINT ( 'NONE',  ( 15.82196492933767296, 1.494400926260933460, -2.329795718515668579 ) ) ;
#4213 = ORIENTED_EDGE ( 'NONE', *, *, #3062, .F. ) ;
#4214 = DIRECTION ( 'NONE',  ( -0.1534913461950991320, 0.9881499919765299733, 0.000000000000000000 ) ) ;
#4215 = AXIS2_PLACEMENT_3D ( 'NONE', #7, #298, #1766 ) ;
#4216 = CARTESIAN_POINT ( 'NONE',  ( 12.52728253342796094, -2.440224954443516836, -0.7737311775429883687 ) ) ;
#4217 = EDGE_CURVE ( 'NONE', #1773, #2509, #3514, .T. ) ;
#4218 = CARTESIAN_POINT ( 'NONE',  ( 0.06820566759819436664, 2.125321161946446491, 7.049162265796887539 ) ) ;
#4219 = ORIENTED_EDGE ( 'NONE', *, *, #1179, .T. ) ;
#4220 = CARTESIAN_POINT ( 'NONE',  ( 16.46011973711240373, -1.662691843971748185, 1.870901353112781607 ) ) ;
#4221 = CARTESIAN_POINT ( 'NONE',  ( -13.17813461945284459, 2.278130427454108986, -1.319546343284266676 ) ) ;
#4222 = CARTESIAN_POINT ( 'NONE',  ( -8.019790094150197390, 2.942922079885916364, 2.250000000000000444 ) ) ;
#4223 = CARTESIAN_POINT ( 'NONE',  ( 13.16523814817275451, -2.281614088821653397, -1.310772239002488959 ) ) ;
#4224 = CARTESIAN_POINT ( 'NONE',  ( 19.83474177606228395, -0.2730300659229059068, -2.494368533878539740 ) ) ;
#4225 = CARTESIAN_POINT ( 'NONE',  ( -16.64317442014782955, 1.289217394935319394, -2.348840251425741599 ) ) ;
#4226 = DIRECTION ( 'NONE',  ( -0.000000000000000000, -0.000000000000000000, -1.000000000000000000 ) ) ;
#4227 = DIRECTION ( 'NONE',  ( 0.000000000000000000, 0.000000000000000000, 1.000000000000000000 ) ) ;
#4228 = ORIENTED_EDGE ( 'NONE', *, *, #3470, .T. ) ;
#4229 = EDGE_CURVE ( 'NONE', #2697, #1250, #767, .T. ) ;
#4230 = CARTESIAN_POINT ( 'NONE',  ( -13.70048671262723339, 2.130619473037775879, -1.649444103846299026 ) ) ;
#4231 = LINE ( 'NONE', #1006, #4395 ) ;
#4232 = CARTESIAN_POINT ( 'NONE',  ( -20.62499999999999289, 2.311447626276088373E-15, 2.500000000000000000 ) ) ;
#4233 = ORIENTED_EDGE ( 'NONE', *, *, #3118, .F. ) ;
#4234 = VECTOR ( 'NONE', #1599, 1000.000000000000000 ) ;
#4235 = EDGE_LOOP ( 'NONE', ( #1529, #2400, #442, #4250, #67 ) ) ;
#4236 = DIRECTION ( 'NONE',  ( -0.000000000000000000, 0.000000000000000000, 1.000000000000000000 ) ) ;
#4237 = CARTESIAN_POINT ( 'NONE',  ( -15.01818997635090192, -1.725172314968952403, 2.250000000000000000 ) ) ;
#4238 = DIRECTION ( 'NONE',  ( -0.9881499919765300843, -0.1534913461950988822, -5.325300832078431966E-16 ) ) ;
#4239 = ORIENTED_EDGE ( 'NONE', *, *, #4052, .F. ) ;
#4240 = CARTESIAN_POINT ( 'NONE',  ( 18.00780870263278999, -1.187216035834511851, 2.206345972839916847 ) ) ;
#4241 = AXIS2_PLACEMENT_3D ( 'NONE', #2185, #2122, #2822 ) ;
#4242 = DIRECTION ( 'NONE',  ( 1.000000000000000000, 0.000000000000000000, 0.000000000000000000 ) ) ;
#4243 = CARTESIAN_POINT ( 'NONE',  ( -13.88253273981766611, 2.074605310825333504, -2.250000000000000888 ) ) ;
#4244 = CIRCLE ( 'NONE', #874, 0.1000000000000000056 ) ;
#4245 = CIRCLE ( 'NONE', #1929, 0.2500000000000003331 ) ;
#4246 = CARTESIAN_POINT ( 'NONE',  ( 12.66952785658205194, -2.406624598092077072, -0.9156318624681325513 ) ) ;
#4247 = CARTESIAN_POINT ( 'NONE',  ( -12.36677646821612520, -2.500117177489518117, -0.07597409452628367532 ) ) ;
#4248 = AXIS2_PLACEMENT_3D ( 'NONE', #2667, #4106, #533 ) ;
#4249 = CARTESIAN_POINT ( 'NONE',  ( -19.82585323700935476, 0.2443269974426265090, -2.500000000001449063 ) ) ;
#4250 = ORIENTED_EDGE ( 'NONE', *, *, #1659, .F. ) ;
#4251 = CARTESIAN_POINT ( 'NONE',  ( -13.80901127760828651, -1.835660558644846230, 2.500000000000000000 ) ) ;
#4252 = CIRCLE ( 'NONE', #2150, 19.75000000000000000 ) ;
#4253 = CARTESIAN_POINT ( 'NONE',  ( 15.55793212042672735, 1.567901847302110685, 2.284534051067611760 ) ) ;
#4254 = CARTESIAN_POINT ( 'NONE',  ( -2.193824720362331337, 3.698627447686213987, 5.733778711661821959 ) ) ;
#4255 = CARTESIAN_POINT ( 'NONE',  ( -0.1846507328338020670, 4.014086380134340715, 3.600000000000000089 ) ) ;
#4256 = AXIS2_PLACEMENT_3D ( 'NONE', #3038, #1313, #4467 ) ;
#4257 = PLANE ( 'NONE',  #4241 ) ;
#4258 = EDGE_CURVE ( 'NONE', #3077, #4522, #4436, .T. ) ;
#4259 = ORIENTED_EDGE ( 'NONE', *, *, #547, .F. ) ;
#4260 = EDGE_LOOP ( 'NONE', ( #424, #3640, #4190 ) ) ;
#4261 = DIRECTION ( 'NONE',  ( -0.6775591281468905658, 0.7354683051395386473, 0.000000000000000000 ) ) ;
#4262 = CARTESIAN_POINT ( 'NONE',  ( 1.306879796904196978, 5.214369783360660371, 3.929451147376999298 ) ) ;
#4263 = FACE_OUTER_BOUND ( 'NONE', #1298, .T. ) ;
#4264 = ORIENTED_EDGE ( 'NONE', *, *, #2942, .F. ) ;
#4265 = CARTESIAN_POINT ( 'NONE',  ( -16.64317409284714344, -1.289217479049695303, -2.348840231720737304 ) ) ;
#4266 = CARTESIAN_POINT ( 'NONE',  ( -13.52105817015298861, -2.182967636486405905, 1.542674731480488060 ) ) ;
#4267 = CARTESIAN_POINT ( 'NONE',  ( -12.29002087765431206, -2.494015144057383448, 0.1956345036996620934 ) ) ;
#4268 = DIRECTION ( 'NONE',  ( -0.000000000000000000, -0.000000000000000000, -1.000000000000000000 ) ) ;
#4269 = ORIENTED_EDGE ( 'NONE', *, *, #841, .F. ) ;
#4270 = FACE_OUTER_BOUND ( 'NONE', #615, .T. ) ;
#4271 = DIRECTION ( 'NONE',  ( 0.000000000000000000, 0.000000000000000000, 1.000000000000000000 ) ) ;
#4272 = CARTESIAN_POINT ( 'NONE',  ( -11.03226985042036823, 2.474987477922806267, -2.500000000000000000 ) ) ;
#4273 = CARTESIAN_POINT ( 'NONE',  ( 1.766127677371011950, 3.509420857521983628, 6.068063523222289035 ) ) ;
#4274 = CARTESIAN_POINT ( 'NONE',  ( 15.32666803614527318, 1.911802107920568927, 1.626824138566923761 ) ) ;
#4275 = PLANE ( 'NONE',  #1543 ) ;
#4276 = ORIENTED_EDGE ( 'NONE', *, *, #2160, .F. ) ;
#4277 = ORIENTED_EDGE ( 'NONE', *, *, #2110, .T. ) ;
#4278 = CIRCLE ( 'NONE', #4356, 6.100000000000001421 ) ;
#4279 = CARTESIAN_POINT ( 'NONE',  ( 13.83439133148829114, 2.090782007890406025, -1.395797202203859610 ) ) ;
#4280 = CARTESIAN_POINT ( 'NONE',  ( 12.44644559143875995, 2.458785366965605679, 0.6833662969318762270 ) ) ;
#4281 = VERTEX_POINT ( 'NONE', #676 ) ;
#4282 = CIRCLE ( 'NONE', #2183, 0.9999999999999997780 ) ;
#4283 = DIRECTION ( 'NONE',  ( 1.000000000000000000, 0.000000000000000000, 0.000000000000000000 ) ) ;
#4284 = ORIENTED_EDGE ( 'NONE', *, *, #1103, .F. ) ;
#4285 = LOCAL_TIME ( 19, 30, 25.00000000000000000, #4315 ) ;
#4286 =( BOUNDED_CURVE ( )  B_SPLINE_CURVE ( 3, ( #2250, #1112, #2547, #1521 ),
 .UNSPECIFIED., .F., .F. ) 
 B_SPLINE_CURVE_WITH_KNOTS ( ( 4, 4 ),
 ( 5.487582353695050763, 5.759184046890842623 ),
 .UNSPECIFIED. ) 
 CURVE ( )  GEOMETRIC_REPRESENTATION_ITEM ( )  RATIONAL_B_SPLINE_CURVE ( ( 1.000000000000000000, 0.9938621515090062530, 0.9938621515090062530, 1.000000000000000000 ) ) 
 REPRESENTATION_ITEM ( '' )  );
#4287 = DIRECTION ( 'NONE',  ( 0.000000000000000000, -1.000000000000000000, 0.000000000000000000 ) ) ;
#4288 = EDGE_LOOP ( 'NONE', ( #4573, #2921 ) ) ;
#4289 = DIRECTION ( 'NONE',  ( -0.2940858488375240887, -0.9557790087219497632, 0.000000000000000000 ) ) ;
#4290 = CARTESIAN_POINT ( 'NONE',  ( -16.47222280646357717, -1.660031827966151008, 1.873507625881321470 ) ) ;
#4291 = CARTESIAN_POINT ( 'NONE',  ( 8.000815763067205211, -17.04097486361366975, 2.500000000000000000 ) ) ;
#4292 = CARTESIAN_POINT ( 'NONE',  ( -13.88253273981766078, -2.074605310825334836, 1.751219825105329697 ) ) ;
#4293 = CARTESIAN_POINT ( 'NONE',  ( 24.75000000000000000, 0.000000000000000000, 0.000000000000000000 ) ) ;
#4294 = CARTESIAN_POINT ( 'NONE',  ( 1.605718488441808089, 5.051985116717221835, 4.428620731189363724 ) ) ;
#4295 = CARTESIAN_POINT ( 'NONE',  ( -0.9553188773847333115, 2.194033292154824455, 7.012485293263842401 ) ) ;
#4296 = ADVANCED_FACE ( 'NONE', ( #3192 ), #738, .T. ) ;
#4297 = CARTESIAN_POINT ( 'NONE',  ( 14.17661858865518987, 2.164560228248059826, 1.250871303646665211 ) ) ;
#4298 = DIRECTION ( 'NONE',  ( 1.000000000000000000, 0.000000000000000000, 0.000000000000000000 ) ) ;
#4299 = VERTEX_POINT ( 'NONE', #2527 ) ;
#4300 = ORIENTED_EDGE ( 'NONE', *, *, #3517, .T. ) ;
#4301 = CARTESIAN_POINT ( 'NONE',  ( 13.25855617608058168, 2.350676630417900537, -0.8569010768962150859 ) ) ;
#4302 = CARTESIAN_POINT ( 'NONE',  ( 20.26117717742551960, 0.1814194387004283704, -2.500000000000000000 ) ) ;
#4303 = CARTESIAN_POINT ( 'NONE',  ( 16.06452596313853221, 1.749635530559412455, 1.785714285714286031 ) ) ;
#4304 = ORIENTED_EDGE ( 'NONE', *, *, #3580, .F. ) ;
#4305 = CARTESIAN_POINT ( 'NONE',  ( 15.03468451701379038, -1.720097071688063917, -2.278187595229619777 ) ) ;
#4306 = EDGE_CURVE ( 'NONE', #251, #3560, #2365, .T. ) ;
#4307 = EDGE_CURVE ( 'NONE', #1876, #872, #2633, .T. ) ;
#4308 = ORIENTED_EDGE ( 'NONE', *, *, #841, .T. ) ;
#4309 =( BOUNDED_CURVE ( )  B_SPLINE_CURVE ( 3, ( #3016, #1532, #3318, #3061 ),
 .UNSPECIFIED., .F., .F. ) 
 B_SPLINE_CURVE_WITH_KNOTS ( ( 4, 4 ),
 ( 0.5240012602887417215, 0.6982224733625596036 ),
 .UNSPECIFIED. ) 
 CURVE ( )  GEOMETRIC_REPRESENTATION_ITEM ( )  RATIONAL_B_SPLINE_CURVE ( ( 1.000000000000000000, 0.9974721798288449515, 0.9974721798288449515, 1.000000000000000000 ) ) 
 REPRESENTATION_ITEM ( '' )  );
#4310 = CARTESIAN_POINT ( 'NONE',  ( -12.26299853286558417, -2.499636914254128151, -0.4161558951547233431 ) ) ;
#4311 = CARTESIAN_POINT ( 'NONE',  ( -12.43558860389503629, -2.461571357272478444, 0.4491860457788482974 ) ) ;
#4312 = DIRECTION ( 'NONE',  ( -1.000000000000000000, 0.000000000000000000, 0.000000000000000000 ) ) ;
#4313 = CARTESIAN_POINT ( 'NONE',  ( -15.83196111628431346, -1.497694811084301580, 2.299999999999986056 ) ) ;
#4314 = TOROIDAL_SURFACE ( 'NONE', #4618, 19.75000000000000000, 0.2500000000000000000 ) ;
#4315 = COORDINATED_UNIVERSAL_TIME_OFFSET ( 5, 30, .AHEAD. ) ;
#4316 = ADVANCED_FACE ( 'NONE', ( #3169 ), #4317, .F. ) ;
#4317 = PLANE ( 'NONE',  #4215 ) ;
#4318 = CARTESIAN_POINT ( 'NONE',  ( 15.49540779720809702, 1.327774247187155643, 2.500000000000000444 ) ) ;
#4319 = CARTESIAN_POINT ( 'NONE',  ( 1.701374057328331579, 3.322348083762692195, 6.226322441796988905 ) ) ;
#4320 = VECTOR ( 'NONE', #4044, 1000.000000000000000 ) ;
#4321 = CARTESIAN_POINT ( 'NONE',  ( -1.878072715553456229, 4.903848324626658872, 4.184673626025446680 ) ) ;
#4322 = CARTESIAN_POINT ( 'NONE',  ( 15.49541502293650730, 1.327772484378371809, -2.500000000000000000 ) ) ;
#4323 = EDGE_CURVE ( 'NONE', #3125, #3453, #3314, .T. ) ;
#4324 = AXIS2_PLACEMENT_3D ( 'NONE', #2986, #4084, #859 ) ;
#4325 = ORIENTED_EDGE ( 'NONE', *, *, #2530, .F. ) ;
#4326 = ORIENTED_EDGE ( 'NONE', *, *, #3411, .F. ) ;
#4327 = CARTESIAN_POINT ( 'NONE',  ( 13.80155651641826786, 2.244900066647150361, -1.103733223007793640 ) ) ;
#4328 = CARTESIAN_POINT ( 'NONE',  ( 12.66952785658204661, 2.406624598092079736, 0.9156318624681260010 ) ) ;
#4329 = CARTESIAN_POINT ( 'NONE',  ( -12.48438747654353698, 2.482045534029047040, -0.3077582879195147614 ) ) ;
#4330 = CARTESIAN_POINT ( 'NONE',  ( -1.521970782913870224, 5.422280246437138018, 3.756182947202997724 ) ) ;
#4331 = ORIENTED_EDGE ( 'NONE', *, *, #4602, .T. ) ;
#4332 = DIRECTION ( 'NONE',  ( 0.9184126158110060834, 0.2825884971726172479, 0.2768790501011355598 ) ) ;
#4333 = ORIENTED_EDGE ( 'NONE', *, *, #1154, .T. ) ;
#4334 = CARTESIAN_POINT ( 'NONE',  ( -12.75777363031744471, -2.385254082727750191, -0.9941807502188390044 ) ) ;
#4335 = EDGE_CURVE ( 'NONE', #3477, #853, #3980, .T. ) ;
#4336 = LINE ( 'NONE', #1089, #3572 ) ;
#4337 = ORIENTED_EDGE ( 'NONE', *, *, #3766, .T. ) ;
#4338 = CARTESIAN_POINT ( 'NONE',  ( -8.000815763067205211, -17.04097486361366975, 2.250000000000000444 ) ) ;
#4339 =( LENGTH_UNIT ( ) NAMED_UNIT ( * ) SI_UNIT ( .MILLI., .METRE. ) );
#4340 = CARTESIAN_POINT ( 'NONE',  ( -1.137243890087030085, 5.541360512948036998, 3.500000000000000000 ) ) ;
#4341 = CARTESIAN_POINT ( 'NONE',  ( 1.454750616287737497, 3.048815953746278673, 6.365155552985145349 ) ) ;
#4342 = CARTESIAN_POINT ( 'NONE',  ( -2.088106723083218874, 3.333201645382600109, 6.069467520642723990 ) ) ;
#4343 = EDGE_CURVE ( 'NONE', #2195, #2259, #1969, .T. ) ;
#4344 = CARTESIAN_POINT ( 'NONE',  ( -4.964411059691882677, 4.573524114991520229, -2.500000000000000000 ) ) ;
#4345 = CARTESIAN_POINT ( 'NONE',  ( 15.77381990457081962, 1.259746078159565297, -2.500000000000000000 ) ) ;
#4346 = EDGE_LOOP ( 'NONE', ( #1178, #1800, #732, #4259 ) ) ;
#4347 = ORIENTED_EDGE ( 'NONE', *, *, #1304, .F. ) ;
#4348 = CARTESIAN_POINT ( 'NONE',  ( 12.26732101922426565, 2.498697026394615772, 0.4247361871240741271 ) ) ;
#4349 = EDGE_CURVE ( 'NONE', #47, #3230, #30, .T. ) ;
#4350 = CARTESIAN_POINT ( 'NONE',  ( -19.88453640840451797, -0.3691041613723933801, -2.479129482719582445 ) ) ;
#4351 = CARTESIAN_POINT ( 'NONE',  ( -14.17661858865489677, 2.164560228248121110, -1.250871303646558630 ) ) ;
#4352 = CARTESIAN_POINT ( 'NONE',  ( -1.645346994869094637, 5.468309903374929171, 3.545044486871470113 ) ) ;
#4353 = CIRCLE ( 'NONE', #3155, 20.00000000000000000 ) ;
#4354 = ORIENTED_EDGE ( 'NONE', *, *, #4541, .F. ) ;
#4355 = ADVANCED_FACE ( 'NONE', ( #3614 ), #2215, .F. ) ;
#4356 = AXIS2_PLACEMENT_3D ( 'NONE', #4526, #4287, #1711 ) ;
#4357 = DIRECTION ( 'NONE',  ( -1.000000000000000000, 0.000000000000000000, 0.000000000000000000 ) ) ;
#4358 = ORIENTED_EDGE ( 'NONE', *, *, #1474, .T. ) ;
#4359 = VECTOR ( 'NONE', #3479, 1000.000000000000000 ) ;
#4360 = CARTESIAN_POINT ( 'NONE',  ( 1.111110282025674856, 5.401368530894142594, 3.579060705670122911 ) ) ;
#4361 = FACE_OUTER_BOUND ( 'NONE', #3493, .T. ) ;
#4362 = DIRECTION ( 'NONE',  ( 0.9557790087219509845, 0.2940858488375207025, 2.295709316689628149E-15 ) ) ;
#4363 = ORIENTED_EDGE ( 'NONE', *, *, #1659, .T. ) ;
#4364 = APPROVAL_STATUS ( 'not_yet_approved' ) ;
#4365 = CARTESIAN_POINT ( 'NONE',  ( 19.89782527458106642, -0.3625192527929482766, 2.479939928840619423 ) ) ;
#4366 = CARTESIAN_POINT ( 'NONE',  ( 1.402700515145018922, 2.965032762379107734, 6.433840191500867611 ) ) ;
#4367 = CARTESIAN_POINT ( 'NONE',  ( 14.17661858865518809, -2.164560228248057161, 1.250871303646670096 ) ) ;
#4368 = UNCERTAINTY_MEASURE_WITH_UNIT (LENGTH_MEASURE( 1.000000000000000082E-05 ), #4339, 'distance_accuracy_value', 'NONE');
#4369 = CARTESIAN_POINT ( 'NONE',  ( -4.964411059691882677, -4.573524114991520229, -2.500000000000000000 ) ) ;
#4370 = CARTESIAN_POINT ( 'NONE',  ( 15.01818997635090547, -1.725172314968952181, 2.250000000000000000 ) ) ;
#4371 = ORIENTED_EDGE ( 'NONE', *, *, #3995, .F. ) ;
#4372 = ADVANCED_FACE ( 'NONE', ( #1381 ), #3913, .T. ) ;
#4373 = ORIENTED_EDGE ( 'NONE', *, *, #356, .F. ) ;
#4374 = CARTESIAN_POINT ( 'NONE',  ( 12.79197739554744118, 2.377177665912382221, 0.7879528995985097817 ) ) ;
#4375 = CARTESIAN_POINT ( 'NONE',  ( -16.63610892856999612, -1.276907382568828853, -2.364945432956255367 ) ) ;
#4376 = CARTESIAN_POINT ( 'NONE',  ( 16.85091355726473594, -1.560701279336792480, -1.958404929325157529 ) ) ;
#4377 = CARTESIAN_POINT ( 'NONE',  ( -1.457270767822001600, 5.383380669169621768, 3.526400605857118009 ) ) ;
#4378 = ADVANCED_FACE ( 'NONE', ( #2814 ), #2187, .T. ) ;
#4379 = ORIENTED_EDGE ( 'NONE', *, *, #1963, .T. ) ;
#4380 = CARTESIAN_POINT ( 'NONE',  ( 12.64348997591913104, -2.413196442523943386, 0.6656949861710771410 ) ) ;
#4381 = CARTESIAN_POINT ( 'NONE',  ( 8.825619661674457106, 8.130709537762699668, -2.500000000000000000 ) ) ;
#4382 = ORIENTED_EDGE ( 'NONE', *, *, #4587, .F. ) ;
#4383 = CARTESIAN_POINT ( 'NONE',  ( 1.135600788194309763, 5.596616840674162319, 3.544549860526619245 ) ) ;
#4384 = DIRECTION ( 'NONE',  ( 0.1534913461950991320, 0.9881499919765299733, 0.000000000000000000 ) ) ;
#4385 = CARTESIAN_POINT ( 'NONE',  ( 15.54282670571372016, 1.540215322314648860, -2.500000000000000888 ) ) ;
#4386 = CARTESIAN_POINT ( 'NONE',  ( -13.82310207765999266, 2.242256164730517920, -1.116422992684436011 ) ) ;
#4387 = APPROVAL_STATUS ( 'not_yet_approved' ) ;
#4388 = CARTESIAN_POINT ( 'NONE',  ( 20.62500000000000000, 0.000000000000000000, 2.500000000000000000 ) ) ;
#4389 = CARTESIAN_POINT ( 'NONE',  ( -0.3398081067783775278, 2.116601265177080027, 7.112643187694669855 ) ) ;
#4390 = CARTESIAN_POINT ( 'NONE',  ( 12.59132437075920841, -2.465208340588986857, -0.4203006787097665065 ) ) ;
#4391 = AXIS2_PLACEMENT_3D ( 'NONE', #2844, #1098, #3964 ) ;
#4392 = CARTESIAN_POINT ( 'NONE',  ( 15.77381990457075389, -1.259746078159581062, -2.500000000000000444 ) ) ;
#4393 = CARTESIAN_POINT ( 'NONE',  ( 15.54283603423703042, -1.540212579018691574, 2.500000000000000888 ) ) ;
#4394 = ORIENTED_EDGE ( 'NONE', *, *, #285, .F. ) ;
#4395 = VECTOR ( 'NONE', #2441, 1000.000000000000000 ) ;
#4396 = VERTEX_POINT ( 'NONE', #1833 ) ;
#4397 = CIRCLE ( 'NONE', #3352, 6.750000000000001776 ) ;
#4398 = CARTESIAN_POINT ( 'NONE',  ( 8.825619661674457106, 8.130709537762699668, 2.500000000000000000 ) ) ;
#4399 = CARTESIAN_POINT ( 'NONE',  ( -16.87074907635977539, -1.555346748633352538, -1.962830243799166707 ) ) ;
#4400 = EDGE_CURVE ( 'NONE', #545, #1922, #3611, .T. ) ;
#4401 = AXIS2_PLACEMENT_3D ( 'NONE', #1791, #4606, #677 ) ;
#4402 = CARTESIAN_POINT ( 'NONE',  ( 0.000000000000000000, 4.000000000000001776, -2.500000000000000000 ) ) ;
#4403 = CARTESIAN_POINT ( 'NONE',  ( -1.534685187715423282, 5.433816619987558383, 3.717498916589290658 ) ) ;
#4404 = ORIENTED_EDGE ( 'NONE', *, *, #3564, .F. ) ;
#4405 = AXIS2_PLACEMENT_3D ( 'NONE', #2652, #2608, #3697 ) ;
#4406 = CARTESIAN_POINT ( 'NONE',  ( 12.68274252029245908, -2.450413295900208066, 0.4994485159982984257 ) ) ;
#4407 = CARTESIAN_POINT ( 'NONE',  ( 16.06452596313858905, 1.749635530559400909, -1.785714285714298244 ) ) ;
#4408 = ORIENTED_EDGE ( 'NONE', *, *, #1413, .T. ) ;
#4409 = ORIENTED_EDGE ( 'NONE', *, *, #1734, .T. ) ;
#4410 = CARTESIAN_POINT ( 'NONE',  ( 0.8487173073126674794, 5.649228754544351361, 3.543280304310386430 ) ) ;
#4411 = DIRECTION ( 'NONE',  ( 0.000000000000000000, 0.000000000000000000, -1.000000000000000000 ) ) ;
#4412 = EDGE_CURVE ( 'NONE', #4562, #850, #1348, .T. ) ;
#4413 = DIRECTION ( 'NONE',  ( -1.000000000000000000, 0.000000000000000000, 0.000000000000000000 ) ) ;
#4414 = CARTESIAN_POINT ( 'NONE',  ( 8.825619661674457106, 8.130709537762699668, -2.250000000000000888 ) ) ;
#4415 =( NAMED_UNIT ( * ) PLANE_ANGLE_UNIT ( ) SI_UNIT ( $, .RADIAN. ) );
#4416 = CARTESIAN_POINT ( 'NONE',  ( -18.76481280397662843, 0.8856928294755926911, 2.343713585021567791 ) ) ;
#4417 = CARTESIAN_POINT ( 'NONE',  ( 1.606623937525856416, 3.370311835179561122, 6.226546845259834484 ) ) ;
#4418 = CARTESIAN_POINT ( 'NONE',  ( -17.38978842560179672, -0.9870795721737309902, 2.500000000000001332 ) ) ;
#4419 = CARTESIAN_POINT ( 'NONE',  ( 15.01818997635090014, -1.725172314968953291, -2.249999999999999112 ) ) ;
#4420 = CARTESIAN_POINT ( 'NONE',  ( 1.715349267166197844, 4.014086380134340715, 7.500000000000000000 ) ) ;
#4421 = ORIENTED_EDGE ( 'NONE', *, *, #329, .T. ) ;
#4422 = ORIENTED_EDGE ( 'NONE', *, *, #2258, .F. ) ;
#4423 = FACE_OUTER_BOUND ( 'NONE', #3410, .T. ) ;
#4424 = CARTESIAN_POINT ( 'NONE',  ( 12.42647853779062039, 2.261055247819512282, -2.250000000000000888 ) ) ;
#4425 = CARTESIAN_POINT ( 'NONE',  ( 19.13889244685700675, -0.7200303368510558855, -2.400807611626978755 ) ) ;
#4426 = CARTESIAN_POINT ( 'NONE',  ( -13.80901127760828651, 1.835660558644846230, 2.500000000000000000 ) ) ;
#4427 = VERTEX_POINT ( 'NONE', #2297 ) ;
#4428 = CARTESIAN_POINT ( 'NONE',  ( 13.43700056235513252, -2.317204066774232629, 0.9425331027229341130 ) ) ;
#4429 = CARTESIAN_POINT ( 'NONE',  ( 12.58482360899755292, 2.466247703118738865, -0.4142508848852337611 ) ) ;
#4430 = ORIENTED_EDGE ( 'NONE', *, *, #2849, .F. ) ;
#4431 = DIRECTION ( 'NONE',  ( 0.000000000000000000, 0.000000000000000000, 1.000000000000000000 ) ) ;
#4432 = AXIS2_PLACEMENT_3D ( 'NONE', #2046, #2720, #886 ) ;
#4433 = LINE ( 'NONE', #99, #4025 ) ;
#4434 = CARTESIAN_POINT ( 'NONE',  ( -15.77381990457075034, 1.259746078159581506, 2.500000000000000444 ) ) ;
#4435 = DIRECTION ( 'NONE',  ( 0.9881499919765304174, -0.1534913461950969393, 0.000000000000000000 ) ) ;
#4436 = CIRCLE ( 'NONE', #2113, 1.000000000000000444 ) ;
#4437 = CARTESIAN_POINT ( 'NONE',  ( -16.46012385473530060, 1.662690938999683787, 1.870902239800696254 ) ) ;
#4438 = CARTESIAN_POINT ( 'NONE',  ( 1.714836546264364436, 3.831739535305839883, 5.661387706898313610 ) ) ;
#4439 = CARTESIAN_POINT ( 'NONE',  ( -16.64316037432905659, -1.289221004634281575, 2.348839405778316181 ) ) ;
#4440 = APPROVAL_PERSON_ORGANIZATION ( #2932, #2694, #433 ) ;
#4441 = CARTESIAN_POINT ( 'NONE',  ( -0.6353032616888941719, 4.089969425003308068, 2.250000000000000444 ) ) ;
#4442 = CARTESIAN_POINT ( 'NONE',  ( -13.80901127760828473, 1.835660558644842455, 2.250000000000000444 ) ) ;
#4443 = EDGE_LOOP ( 'NONE', ( #4534, #4487, #3649, #3370, #441 ) ) ;
#4444 = ADVANCED_FACE ( 'NONE', ( #2933 ), #2688, .F. ) ;
#4445 = ORIENTED_EDGE ( 'NONE', *, *, #469, .F. ) ;
#4446 = DIRECTION ( 'NONE',  ( 0.9557790087219500963, -0.2940858488375230895, -0.000000000000000000 ) ) ;
#4447 = CARTESIAN_POINT ( 'NONE',  ( -16.85091355726473594, -1.560701279336792480, -1.958404929325157529 ) ) ;
#4448 = CARTESIAN_POINT ( 'NONE',  ( -15.32666803614528028, 1.911802107920567373, -1.626824138566925315 ) ) ;
#4449 = DIRECTION ( 'NONE',  ( 0.000000000000000000, -0.000000000000000000, -1.000000000000000000 ) ) ;
#4450 = EDGE_LOOP ( 'NONE', ( #2889, #3705, #2753, #2260 ) ) ;
#4451 = CARTESIAN_POINT ( 'NONE',  ( 19.86543050901132901, 0.3181054656586282392, 2.484748997949004057 ) ) ;
#4452 = CARTESIAN_POINT ( 'NONE',  ( -12.59132437075920841, -2.465208340588986857, -0.4203006787097665065 ) ) ;
#4453 = VERTEX_POINT ( 'NONE', #2230 ) ;
#4454 = CARTESIAN_POINT ( 'NONE',  ( -15.32877851923512225, 1.911338265482700693, -1.627278609484456462 ) ) ;
#4455 = DIRECTION ( 'NONE',  ( 0.000000000000000000, 0.000000000000000000, -1.000000000000000000 ) ) ;
#4456 = EDGE_CURVE ( 'NONE', #2055, #2747, #3364, .T. ) ;
#4457 = FACE_OUTER_BOUND ( 'NONE', #2281, .T. ) ;
#4458 = CARTESIAN_POINT ( 'NONE',  ( 16.63611146268097585, -1.276909337567357250, 2.364939480410316097 ) ) ;
#4459 = DIRECTION ( 'NONE',  ( -1.000000000000000000, 0.000000000000000000, 0.000000000000000000 ) ) ;
#4460 = DIRECTION ( 'NONE',  ( -1.000000000000000000, 0.000000000000000000, 0.000000000000000000 ) ) ;
#4461 = CARTESIAN_POINT ( 'NONE',  ( -16.06452596313852865, -1.749635530559414009, -1.785714285714284699 ) ) ;
#4462 = CARTESIAN_POINT ( 'NONE',  ( 4.964411059691882677, -4.573524114991520229, -2.500000000000000000 ) ) ;
#4463 = ORIENTED_EDGE ( 'NONE', *, *, #2831, .F. ) ;
#4464 = EDGE_LOOP ( 'NONE', ( #2873, #1108, #1653, #2976 ) ) ;
#4465 =( BOUNDED_SURFACE ( )  B_SPLINE_SURFACE ( 3, 2, ( 
 ( #2980, #2274, #2177 ),
 ( #2574, #2904, #1187 ),
 ( #482, #4385, #25 ),
 ( #1545, #1161, #3306 ) ),
 .UNSPECIFIED., .F., .F., .F. ) 
 B_SPLINE_SURFACE_WITH_KNOTS ( ( 4, 4 ),
 ( 3, 3 ),
 ( -2.168404344971008868E-19, 0.0008595308109149237029 ),
 ( 0.000000000000000000, 1.000000000000000000 ),
 .UNSPECIFIED. ) 
 GEOMETRIC_REPRESENTATION_ITEM ( )  RATIONAL_B_SPLINE_SURFACE ( (
 ( 1.000000000000000000, 0.7071067811865469066, 1.000000000000000000),
 ( 1.000000000000000000, 0.7324007958232446880, 1.000000000000000000),
 ( 1.000000000000000000, 0.7546225168076633461, 1.000000000000000000),
 ( 1.000000000000000000, 0.7745966692414875121, 1.000000000000000000) ) ) 
 REPRESENTATION_ITEM ( '' )  SURFACE ( )  );
#4466 = CARTESIAN_POINT ( 'NONE',  ( 15.77381990457084626, -1.259746078159557969, 2.500000000000000000 ) ) ;
#4467 = DIRECTION ( 'NONE',  ( 0.9557790087219500963, -0.2940858488375230895, 0.000000000000000000 ) ) ;
#4468 = CARTESIAN_POINT ( 'NONE',  ( 18.00782857989845098, -1.187208797895851431, -2.206350023681152184 ) ) ;
#4469 = AXIS2_PLACEMENT_3D ( 'NONE', #4255, #322, #2184 ) ;
#4470 = VECTOR ( 'NONE', #4566, 1000.000000000000000 ) ;
#4471 = VERTEX_POINT ( 'NONE', #2643 ) ;
#4472 = VECTOR ( 'NONE', #1753, 1000.000000000000000 ) ;
#4473 = CARTESIAN_POINT ( 'NONE',  ( 13.80155651641845971, -2.244900066647123715, 1.103733223007852704 ) ) ;
#4474 = DIRECTION ( 'NONE',  ( -0.8518212536923529532, 0.2620988472899540289, 0.4535468509506660473 ) ) ;
#4475 = CIRCLE ( 'NONE', #416, 1.000000000000000000 ) ;
#4476 = ORIENTED_EDGE ( 'NONE', *, *, #3180, .F. ) ;
#4477 = CARTESIAN_POINT ( 'NONE',  ( -16.74166552202445146, 1.358342089282290166, -2.116997319957785617 ) ) ;
#4478 = AXIS2_PLACEMENT_3D ( 'NONE', #1644, #911, #1977 ) ;
#4479 = CARTESIAN_POINT ( 'NONE',  ( -15.21860193564737074, 1.401940361756038200, -2.500000000000000444 ) ) ;
#4480 = CARTESIAN_POINT ( 'NONE',  ( -15.01818997635090014, -1.725172314968953291, -2.249999999999999112 ) ) ;
#4481 = CARTESIAN_POINT ( 'NONE',  ( 17.84716903822544865, 0.9227111133517773567, 2.423716494198757232 ) ) ;
#4482 = CARTESIAN_POINT ( 'NONE',  ( 13.80901127760828651, -1.835660558644846230, -2.500000000000000000 ) ) ;
#4483 = CARTESIAN_POINT ( 'NONE',  ( 20.62499999999999289, -2.113690215959991457E-15, -2.500000000000000000 ) ) ;
#4484 = EDGE_CURVE ( 'NONE', #1773, #2544, #308, .T. ) ;
#4485 = DIRECTION ( 'NONE',  ( 1.000000000000000000, 0.000000000000000000, 0.000000000000000000 ) ) ;
#4486 = DIRECTION ( 'NONE',  ( 0.9557790087219500963, 0.2940858488375230895, 0.000000000000000000 ) ) ;
#4487 = ORIENTED_EDGE ( 'NONE', *, *, #2258, .T. ) ;
#4488 = CARTESIAN_POINT ( 'NONE',  ( -19.01056161206855677, 0.4300265914016314639, 2.499999999999999556 ) ) ;
#4489 = CARTESIAN_POINT ( 'NONE',  ( -13.69974774111354066, 2.130846848888137579, 1.649030970091303505 ) ) ;
#4490 = CARTESIAN_POINT ( 'NONE',  ( 19.01058218006744482, 0.4301052630741909466, -2.500000000000000444 ) ) ;
#4491 = CARTESIAN_POINT ( 'NONE',  ( -19.83474177606228395, 0.2730300659227837268, 2.494368533878153382 ) ) ;
#4492 = DIRECTION ( 'NONE',  ( 0.000000000000000000, -0.000000000000000000, -1.000000000000000000 ) ) ;
#4493 =( BOUNDED_SURFACE ( )  B_SPLINE_SURFACE ( 3, 2, ( 
 ( #2834, #624, #1733 ),
 ( #2063, #1020, #2493 ),
 ( #1039, #2456, #2473 ),
 ( #651, #3497, #3138 ),
 ( #3909, #4576, #4265 ),
 ( #1351, #3561, #3924 ) ),
 .UNSPECIFIED., .F., .F., .F. ) 
 B_SPLINE_SURFACE_WITH_KNOTS ( ( 4, 2, 4 ),
 ( 3, 3 ),
 ( -1.942333608765485489E-05, 0.002486667748426552201, 0.004992758832940759686 ),
 ( 0.000000000000000000, 1.000000000000000000 ),
 .UNSPECIFIED. ) 
 GEOMETRIC_REPRESENTATION_ITEM ( )  RATIONAL_B_SPLINE_SURFACE ( (
 ( 1.000000000000000000, 1.000000000000000000, 1.000000000000000000),
 ( 1.000000000000000000, 1.000316924562393739, 1.000000000000000000),
 ( 1.000000000000000000, 0.9769271368656519128, 1.000000000000000000),
 ( 1.000000000000000000, 0.8954940635354277090, 1.000000000000000000),
 ( 1.000000000000000000, 0.8377277026720044706, 1.000000000000000000),
 ( 1.000000000000000000, 0.7745966692414830712, 1.000000000000000000) ) ) 
 REPRESENTATION_ITEM ( '' )  SURFACE ( )  );
#4494 = ORIENTED_EDGE ( 'NONE', *, *, #1144, .T. ) ;
#4495 = EDGE_CURVE ( 'NONE', #1395, #2003, #3311, .T. ) ;
#4496 = CARTESIAN_POINT ( 'NONE',  ( 13.52338110009308458, -2.182302104247977326, -1.544102074574156491 ) ) ;
#4497 = DIRECTION ( 'NONE',  ( 0.000000000000000000, 0.000000000000000000, 1.000000000000000000 ) ) ;
#4498 = EDGE_LOOP ( 'NONE', ( #428, #4476, #3919 ) ) ;
#4499 = EDGE_CURVE ( 'NONE', #1226, #3679, #569, .T. ) ;
#4500 = CARTESIAN_POINT ( 'NONE',  ( -15.92901681024655680, 1.524939231121196892, -2.005870798000386035 ) ) ;
#4501 = CARTESIAN_POINT ( 'NONE',  ( -11.07064268696914411, -2.722024975916939038, -2.250000000000000888 ) ) ;
#4502 = DIRECTION ( 'NONE',  ( 0.2373605028755660651, 0.9714216343455907010, 0.000000000000000000 ) ) ;
#4503 = AXIS2_PLACEMENT_3D ( 'NONE', #694, #52, #810 ) ;
#4504 = DIRECTION ( 'NONE',  ( -0.000000000000000000, -0.000000000000000000, -1.000000000000000000 ) ) ;
#4505 = AXIS2_PLACEMENT_3D ( 'NONE', #1225, #505, #924 ) ;
#4506 = CARTESIAN_POINT ( 'NONE',  ( 15.33710543790749448, 1.630187717238710254, 2.270764507646248820 ) ) ;
#4507 = DIRECTION ( 'NONE',  ( 0.000000000000000000, 0.000000000000000000, -1.000000000000000000 ) ) ;
#4508 = APPROVAL ( #2550, 'UNSPECIFIED' ) ;
#4509 = ORIENTED_EDGE ( 'NONE', *, *, #620, .F. ) ;
#4510 = CARTESIAN_POINT ( 'NONE',  ( -15.32877851923529811, 1.911338265483275567, 1.627278609483891136 ) ) ;
#4511 = CIRCLE ( 'NONE', #2476, 6.000000000000000888 ) ;
#4512 = CARTESIAN_POINT ( 'NONE',  ( -12.67400535355677604, 2.406118869294704865, -0.9250580683978780749 ) ) ;
#4513 = CARTESIAN_POINT ( 'NONE',  ( -19.83474177606228750, -0.2730300659225755044, -2.494368533877876271 ) ) ;
#4514 = DIRECTION ( 'NONE',  ( 0.000000000000000000, -0.000000000000000000, -1.000000000000000000 ) ) ;
#4515 = EDGE_CURVE ( 'NONE', #730, #608, #2276, .T. ) ;
#4516 = DIRECTION ( 'NONE',  ( 0.000000000000000000, 0.000000000000000000, -1.000000000000000000 ) ) ;
#4517 = ORIENTED_EDGE ( 'NONE', *, *, #860, .T. ) ;
#4518 = FACE_OUTER_BOUND ( 'NONE', #2466, .T. ) ;
#4519 = CARTESIAN_POINT ( 'NONE',  ( 1.158738541060402749, 5.587135113405498288, 3.557419047843893622 ) ) ;
#4520 = EDGE_CURVE ( 'NONE', #709, #3189, #1974, .T. ) ;
#4521 = CARTESIAN_POINT ( 'NONE',  ( -12.58482360899753871, -2.466247703118745971, 0.4142508848851966241 ) ) ;
#4522 = VERTEX_POINT ( 'NONE', #4105 ) ;
#4523 = CARTESIAN_POINT ( 'NONE',  ( 19.81778340950909012, -0.2150146532698048174, 2.500000000000000444 ) ) ;
#4524 = DIRECTION ( 'NONE',  ( -0.000000000000000000, 0.000000000000000000, 1.000000000000000000 ) ) ;
#4525 = B_SPLINE_CURVE_WITH_KNOTS ( 'NONE', 3,
 ( #4367, #4038, #4107, #1500, #1859, #1232, #3031, #839, #2320, #1932, #3288, #1168, #513, #2958, #4390, #2233, #1140, #1577, #2645, #2579 ),
 .UNSPECIFIED., .F., .F.,
 ( 4, 2, 2, 2, 2, 2, 2, 2, 2, 4 ),
 ( 0.000000000000000000, 0.001152926857977073800, 0.001729390286965608314, 0.002017622001459875788, 0.002305853715954142829, 0.002449969573201276566, 0.002594085430448410303, 0.002882317144942674308, 0.003458780573931203185, 0.004611707431908256168 ),
 .UNSPECIFIED. ) ;
#4526 = CARTESIAN_POINT ( 'NONE',  ( 0.000000000000000000, 0.000000000000000000, 1.399999999999998579 ) ) ;
#4527 = CARTESIAN_POINT ( 'NONE',  ( -2.082477904634980614, 3.825515326455292797, 5.491538448344374324 ) ) ;
#4528 = CARTESIAN_POINT ( 'NONE',  ( 18.03864087796205595, -1.175739230187801354, -2.212472816268468812 ) ) ;
#4529 = CARTESIAN_POINT ( 'NONE',  ( -14.94466851414152586, -1.486227562788464462, 2.500000000000000000 ) ) ;
#4530 = ORIENTED_EDGE ( 'NONE', *, *, #2680, .T. ) ;
#4531 = CYLINDRICAL_SURFACE ( 'NONE', #3901, 0.2500000000000001110 ) ;
#4532 = CARTESIAN_POINT ( 'NONE',  ( -13.88253273981766611, 2.074605310825333504, -2.250000000000000888 ) ) ;
#4533 = ORIENTED_EDGE ( 'NONE', *, *, #329, .F. ) ;
#4534 = ORIENTED_EDGE ( 'NONE', *, *, #834, .F. ) ;
#4535 = CARTESIAN_POINT ( 'NONE',  ( 8.000815763067205211, 17.04097486361366975, 2.500000000000000000 ) ) ;
#4536 = CARTESIAN_POINT ( 'NONE',  ( -16.06452596313853221, -1.749635530559412455, -1.785714285714286031 ) ) ;
#4537 = CARTESIAN_POINT ( 'NONE',  ( -20.24551300483331318, 0.1589813346696430096, 2.499999999998262723 ) ) ;
#4538 = FACE_OUTER_BOUND ( 'NONE', #1624, .T. ) ;
#4539 = ORIENTED_EDGE ( 'NONE', *, *, #1061, .T. ) ;
#4540 = CARTESIAN_POINT ( 'NONE',  ( 1.067717645650785308, 5.432354719713941904, 3.556965446808388442 ) ) ;
#4541 = EDGE_CURVE ( 'NONE', #936, #2371, #4150, .T. ) ;
#4542 = B_SPLINE_CURVE_WITH_KNOTS ( 'NONE', 3,
 ( #2774, #589, #2030, #228 ),
 .UNSPECIFIED., .F., .F.,
 ( 4, 4 ),
 ( -1.942333608483724045E-05, 0.004992758832940770962 ),
 .UNSPECIFIED. ) ;
#4543 = ADVANCED_FACE ( 'NONE', ( #907 ), #3176, .F. ) ;
#4544 = CARTESIAN_POINT ( 'NONE',  ( 8.825619661674457106, -8.130709537762699668, 2.250000000000000444 ) ) ;
#4545 = VECTOR ( 'NONE', #2767, 1000.000000000000000 ) ;
#4546 = CARTESIAN_POINT ( 'NONE',  ( -20.62500000000000000, 0.000000000000000000, -2.500000000000000000 ) ) ;
#4547 = VERTEX_POINT ( 'NONE', #875 ) ;
#4548 = AXIS2_PLACEMENT_3D ( 'NONE', #3178, #307, #990 ) ;
#4549 = AXIS2_PLACEMENT_3D ( 'NONE', #4103, #880, #2316 ) ;
#4550 = DIRECTION ( 'NONE',  ( 0.2940858488375240887, -0.9557790087219497632, 0.000000000000000000 ) ) ;
#4551 = ADVANCED_FACE ( 'NONE', ( #1920 ), #94, .T. ) ;
#4552 = CARTESIAN_POINT ( 'NONE',  ( -12.32918547731713943, 2.485153695065176915, -0.5254361024075304698 ) ) ;
#4553 = AXIS2_PLACEMENT_3D ( 'NONE', #2020, #2343, #3776 ) ;
#4554 = CARTESIAN_POINT ( 'NONE',  ( 11.03226985042036823, 2.474987477922806267, 2.250000000000000444 ) ) ;
#4555 = DIRECTION ( 'NONE',  ( 0.9714216343455922553, 0.2373605028755598478, -8.235096732157889210E-16 ) ) ;
#4556 = CARTESIAN_POINT ( 'NONE',  ( 19.10037523555342531, -0.6215644373842482695, -2.428052524609240592 ) ) ;
#4557 = ADVANCED_FACE ( 'NONE', ( #2592 ), #4135, .F. ) ;
#4558 = CIRCLE ( 'NONE', #3360, 5.000000000000000000 ) ;
#4559 = DIRECTION ( 'NONE',  ( -1.000000000000000000, 0.000000000000000000, 0.000000000000000000 ) ) ;
#4560 = CARTESIAN_POINT ( 'NONE',  ( 15.77381990457075034, 1.259746078159581506, 2.500000000000000444 ) ) ;
#4561 = CARTESIAN_POINT ( 'NONE',  ( -1.156197954921813986, 5.633716521497170504, 3.433333333333333570 ) ) ;
#4562 = VERTEX_POINT ( 'NONE', #642 ) ;
#4563 = CARTESIAN_POINT ( 'NONE',  ( -15.77044011430102799, 1.493710734061223011, 2.500000000000005329 ) ) ;
#4564 = CARTESIAN_POINT ( 'NONE',  ( -12.99963962741989398, 2.324972455801468829, -1.193394268085386400 ) ) ;
#4565 = CARTESIAN_POINT ( 'NONE',  ( -19.04144040587406295, -0.5405723256549656019, -2.473616974439255323 ) ) ;
#4566 = DIRECTION ( 'NONE',  ( -1.000000000000000000, -0.000000000000000000, -0.000000000000000000 ) ) ;
#4567 = CARTESIAN_POINT ( 'NONE',  ( -15.83196111628431346, 1.497694811084301802, -2.299999999999986056 ) ) ;
#4568 = ORIENTED_EDGE ( 'NONE', *, *, #2145, .T. ) ;
#4569 = FACE_OUTER_BOUND ( 'NONE', #3660, .T. ) ;
#4570 = CARTESIAN_POINT ( 'NONE',  ( 14.17661858865518987, -2.164560228248059381, -1.250871303646666544 ) ) ;
#4571 = DIRECTION ( 'NONE',  ( -0.000000000000000000, -0.000000000000000000, -1.000000000000000000 ) ) ;
#4572 = CC_DESIGN_PERSON_AND_ORGANIZATION_ASSIGNMENT ( #3335, #3237, ( #906 ) ) ;
#4573 = ORIENTED_EDGE ( 'NONE', *, *, #4658, .F. ) ;
#4574 = CARTESIAN_POINT ( 'NONE',  ( 16.06452596313853221, -1.749635530559412455, 1.785714285714286031 ) ) ;
#4575 = CARTESIAN_POINT ( 'NONE',  ( -12.26321597525719831, 2.499828564644784645, -0.1000160557558434915 ) ) ;
#4576 = CARTESIAN_POINT ( 'NONE',  ( -16.56504805970294569, -1.237007907271202134, -2.500000000000000888 ) ) ;
#4577 = CARTESIAN_POINT ( 'NONE',  ( 17.44531805577652506, 1.055017192353571387, -2.400057332312766967 ) ) ;
#4578 = CARTESIAN_POINT ( 'NONE',  ( -13.83439133148802647, -2.090782007890729322, 1.395797202203705956 ) ) ;
#4579 = CARTESIAN_POINT ( 'NONE',  ( -15.21864665415463591, -1.401926596630585387, 2.500000000000000000 ) ) ;
#4580 = ORIENTED_EDGE ( 'NONE', *, *, #3664, .T. ) ;
#4581 = CARTESIAN_POINT ( 'NONE',  ( 20.62500000000000000, 0.000000000000000000, -2.500000000000000000 ) ) ;
#4582 = CARTESIAN_POINT ( 'NONE',  ( 13.88253273981766611, -2.074605310825333504, 1.751219825105331029 ) ) ;
#4583 = CARTESIAN_POINT ( 'NONE',  ( -14.69179196195420367, 2.051335311039135245, 1.446800454729299634 ) ) ;
#4584 = DIRECTION ( 'NONE',  ( 0.000000000000000000, 0.000000000000000000, 1.000000000000000000 ) ) ;
#4585 = CIRCLE ( 'NONE', #527, 20.00000000000000000 ) ;
#4586 = CARTESIAN_POINT ( 'NONE',  ( 24.75000000000000000, 0.000000000000000000, -1.250000000000000000 ) ) ;
#4587 = EDGE_CURVE ( 'NONE', #18, #2478, #2708, .T. ) ;
#4588 = CIRCLE ( 'NONE', #2038, 0.1000000000000001027 ) ;
#4589 = CARTESIAN_POINT ( 'NONE',  ( 16.22972041364915441, 1.387969527564872019, -2.345931927298093633 ) ) ;
#4590 = ORIENTED_EDGE ( 'NONE', *, *, #4335, .T. ) ;
#4591 = CARTESIAN_POINT ( 'NONE',  ( -24.75000000000000000, 1.530808498934191571E-16, 1.250000000000000000 ) ) ;
#4592 = AXIS2_PLACEMENT_3D ( 'NONE', #4293, #2501, #1809 ) ;
#4593 = CARTESIAN_POINT ( 'NONE',  ( 13.88253273981766611, -2.074605310825333504, 2.500000000000000000 ) ) ;
#4594 = CARTESIAN_POINT ( 'NONE',  ( 1.227726740212324197, 5.540758907730046090, 3.636666666666666714 ) ) ;
#4595 = ORIENTED_EDGE ( 'NONE', *, *, #4515, .T. ) ;
#4596 = LINE ( 'NONE', #3864, #2670 ) ;
#4597 = CARTESIAN_POINT ( 'NONE',  ( -12.56324435689514196, 2.432117567786172163, 0.5917277491073680284 ) ) ;
#4598 = DIRECTION ( 'NONE',  ( -0.000000000000000000, -0.000000000000000000, -1.000000000000000000 ) ) ;
#4599 = CARTESIAN_POINT ( 'NONE',  ( 13.70048671262722806, -2.130619473037773659, 1.649444103846300358 ) ) ;
#4600 = CARTESIAN_POINT ( 'NONE',  ( -13.12147208170611812, -2.293539683640091198, -1.016761036288977627 ) ) ;
#4601 = PRODUCT ( 'DIFFERENTIAL_STEP', 'DIFFERENTIAL_STEP', '', ( #1548 ) ) ;
#4602 = EDGE_CURVE ( 'NONE', #3943, #943, #3547, .T. ) ;
#4603 = CARTESIAN_POINT ( 'NONE',  ( -19.04086555967100480, 0.5472060642728323598, 2.476336563498846122 ) ) ;
#4604 = CARTESIAN_POINT ( 'NONE',  ( -4.964411059691881789, -4.573524114991519340, -2.250000000000000888 ) ) ;
#4605 = CARTESIAN_POINT ( 'NONE',  ( 15.77044011430106174, -1.493710734061211687, 2.500000000000016431 ) ) ;
#4606 = DIRECTION ( 'NONE',  ( 1.224646799147353207E-16, 1.000000000000000000, -0.000000000000000000 ) ) ;
#4607 = CARTESIAN_POINT ( 'NONE',  ( -0.5985361909703186267, 2.085620582945464374, 7.102458233336420790 ) ) ;
#4608 = CARTESIAN_POINT ( 'NONE',  ( 16.06452596313853221, 1.749635530559412677, -1.785714285714285809 ) ) ;
#4609 = DIRECTION ( 'NONE',  ( -1.000000000000000000, 0.000000000000000000, 0.000000000000000000 ) ) ;
#4610 = ORIENTED_EDGE ( 'NONE', *, *, #4147, .F. ) ;
#4611 = ORIENTED_EDGE ( 'NONE', *, *, #2196, .T. ) ;
#4612 = DIRECTION ( 'NONE',  ( -1.000000000000000000, 0.000000000000000000, 0.000000000000000000 ) ) ;
#4613 = ADVANCED_FACE ( 'NONE', ( #991 ), #225, .T. ) ;
#4614 = CARTESIAN_POINT ( 'NONE',  ( 18.79254616729903304, 0.8737779896257685808, -2.348171783531832979 ) ) ;
#4615 = CARTESIAN_POINT ( 'NONE',  ( 1.715349267166152769, 3.810323764214414766, 5.684650887885969617 ) ) ;
#4616 = ORIENTED_EDGE ( 'NONE', *, *, #2815, .F. ) ;
#4617 = DIRECTION ( 'NONE',  ( 0.000000000000000000, 0.000000000000000000, -1.000000000000000000 ) ) ;
#4618 = AXIS2_PLACEMENT_3D ( 'NONE', #3174, #369, #4609 ) ;
#4619 = B_SPLINE_CURVE_WITH_KNOTS ( 'NONE', 3,
 ( #894, #2054, #2726, #544, #3488, #4567 ),
 .UNSPECIFIED., .F., .F.,
 ( 4, 2, 4 ),
 ( -1.969101440000940519E-05, 0.002494312341969288655, 0.005008315698338586773 ),
 .UNSPECIFIED. ) ;
#4620 = CARTESIAN_POINT ( 'NONE',  ( 14.17661858865519875, -2.164560228248058049, -1.250871303646670096 ) ) ;
#4621 = TOROIDAL_SURFACE ( 'NONE', #2207, 19.75000000000000000, 0.2500000000000000000 ) ;
#4622 = CIRCLE ( 'NONE', #786, 6.750000000000001776 ) ;
#4623 = CARTESIAN_POINT ( 'NONE',  ( -12.18512076645479425, -2.516461656922417411, 0.2228526950171476062 ) ) ;
#4624 = CARTESIAN_POINT ( 'NONE',  ( -12.26321597525721607, -2.499828564644736684, 0.1000160557558346514 ) ) ;
#4625 = VECTOR ( 'NONE', #2788, 1000.000000000000000 ) ;
#4626 = CARTESIAN_POINT ( 'NONE',  ( -17.39430156524678139, 0.8531784273516492823, -2.500000000000000444 ) ) ;
#4627 = CARTESIAN_POINT ( 'NONE',  ( -14.53320012073866074, -1.874399962849622847, 1.705069307578907400 ) ) ;
#4628 = DIRECTION ( 'NONE',  ( 0.1534913461950991320, -0.9881499919765299733, 0.000000000000000000 ) ) ;
#4629 = CIRCLE ( 'NONE', #2082, 1.000000000000000000 ) ;
#4630 = CARTESIAN_POINT ( 'NONE',  ( 15.82227091433204791, 1.458036688930181013, 2.500000000000000444 ) ) ;
#4631 = CARTESIAN_POINT ( 'NONE',  ( 0.7495413744625829544, 2.272372354861514676, 7.012546334254704306 ) ) ;
#4632 = LINE ( 'NONE', #347, #2900 ) ;
#4633 = CARTESIAN_POINT ( 'NONE',  ( -15.01818997635090014, 1.725172314968953291, 2.249999999999999112 ) ) ;
#4634 = ORIENTED_EDGE ( 'NONE', *, *, #1643, .T. ) ;
#4635 = EDGE_LOOP ( 'NONE', ( #770, #4358, #4118, #1054 ) ) ;
#4636 = CARTESIAN_POINT ( 'NONE',  ( 13.43700056235532792, 2.317204066774205984, -0.9425331027229921776 ) ) ;
#4637 = CARTESIAN_POINT ( 'NONE',  ( 19.16224559184434639, 0.7093541216002207106, -2.403817586563579578 ) ) ;
#4638 = DIRECTION ( 'NONE',  ( 0.000000000000000000, 0.000000000000000000, -1.000000000000000000 ) ) ;
#4639 = EDGE_LOOP ( 'NONE', ( #3671, #2890 ) ) ;
#4640 = CARTESIAN_POINT ( 'NONE',  ( -15.01818997635089836, 1.725172314968954623, 2.500000000000000888 ) ) ;
#4641 = B_SPLINE_CURVE_WITH_KNOTS ( 'NONE', 3,
 ( #202, #4489, #3484, #1695, #1265, #3509, #586, #3529, #915, #2073, #3148, #1648, #3080, #2796, #2723, #3437, #2438, #2772, #4512, #4564, #3831, #4208, #4230, #226 ),
 .UNSPECIFIED., .F., .F.,
 ( 4, 2, 2, 2, 2, 2, 2, 2, 2, 2, 2, 4 ),
 ( 0.000000000000000000, 0.0006501087612733331533, 0.001300217522546666307, 0.001625271903183334726, 0.001950326283820003363, 0.002275380664456672000, 0.002600435045093340419, 0.002925489425730009273, 0.003250543806366678126, 0.003900652567640016267, 0.004550761328913352673, 0.005200870090186690380 ),
 .UNSPECIFIED. ) ;
#4642 = EDGE_CURVE ( 'NONE', #3243, #2378, #1917, .T. ) ;
#4643 = ORIENTED_EDGE ( 'NONE', *, *, #1761, .T. ) ;
#4644 =( BOUNDED_SURFACE ( )  B_SPLINE_SURFACE ( 3, 2, ( 
 ( #1950, #929, #3796 ),
 ( #213, #2386, #2410 ),
 ( #4176, #599, #1973 ),
 ( #239, #168, #3404 ) ),
 .UNSPECIFIED., .F., .F., .F. ) 
 B_SPLINE_SURFACE_WITH_KNOTS ( ( 4, 4 ),
 ( 3, 3 ),
 ( 5.487582353695048987, 5.759184046890845288 ),
 ( 0.000000000000000000, 1.000000000000000000 ),
 .UNSPECIFIED. ) 
 GEOMETRIC_REPRESENTATION_ITEM ( )  RATIONAL_B_SPLINE_SURFACE ( (
 ( 1.000000000000000000, 0.9134839804860044321, 1.000000000000000000),
 ( 1.000000000000000000, 0.9304003179300892601, 1.000000000000000000),
 ( 1.000000000000000000, 0.9445902474892678979, 1.000000000000000000),
 ( 1.000000000000000000, 0.9559122584498946917, 1.000000000000000000) ) ) 
 REPRESENTATION_ITEM ( '' )  SURFACE ( )  );
#4645 = CARTESIAN_POINT ( 'NONE',  ( -13.69974774111354421, -2.130846848888137135, -1.649030970091304393 ) ) ;
#4646 = CARTESIAN_POINT ( 'NONE',  ( -16.06452596313852865, -1.749635530559413121, 1.785714285714285365 ) ) ;
#4647 = CARTESIAN_POINT ( 'NONE',  ( -15.83196111628430636, 1.497694811084300470, 2.299999999999999822 ) ) ;
#4648 = CARTESIAN_POINT ( 'NONE',  ( -6.062177826491072175, -3.500000000000000000, 2.500000000000000000 ) ) ;
#4649 = CARTESIAN_POINT ( 'NONE',  ( -1.228576903459746683, 5.505487159910646078, 3.500000000000207390 ) ) ;
#4650 = CARTESIAN_POINT ( 'NONE',  ( 15.83196111628430636, 1.497694811084300692, 2.299999999999999822 ) ) ;
#4651 = CARTESIAN_POINT ( 'NONE',  ( -2.223088078866922945, 4.232566838261314857, 5.197020412487815655 ) ) ;
#4652 = CARTESIAN_POINT ( 'NONE',  ( -13.88253273981766611, -2.074605310825333504, 2.250000000000000444 ) ) ;
#4653 = CARTESIAN_POINT ( 'NONE',  ( -8.000815763067205211, 17.04097486361366975, 2.250000000000000444 ) ) ;
#4654 = ORIENTED_EDGE ( 'NONE', *, *, #4484, .F. ) ;
#4655 = ORIENTED_EDGE ( 'NONE', *, *, #3305, .F. ) ;
#4656 = CIRCLE ( 'NONE', #297, 0.2499999999999998335 ) ;
#4657 = CARTESIAN_POINT ( 'NONE',  ( 12.76457677030414395, 2.383586551795257247, -1.000049635058083197 ) ) ;
#4658 = EDGE_CURVE ( 'NONE', #4662, #37, #4511, .T. ) ;
#4659 = CARTESIAN_POINT ( 'NONE',  ( 12.42647853779062039, -2.261055247819512282, -2.250000000000000888 ) ) ;
#4660 = VECTOR ( 'NONE', #630, 1000.000000000000000 ) ;
#4661 = CARTESIAN_POINT ( 'NONE',  ( 0.6353032616888941719, 4.089969425003308068, 2.500000000000000000 ) ) ;
#4662 = VERTEX_POINT ( 'NONE', #3767 ) ;
#4663 = EDGE_CURVE ( 'NONE', #2745, #3123, #1131, .T. ) ;
#4664 = DIRECTION ( 'NONE',  ( -1.000000000000000000, 0.000000000000000000, 0.000000000000000000 ) ) ;
#4665 = EDGE_LOOP ( 'NONE', ( #349, #3899, #3249, #2140 ) ) ;
ENDSEC;
END-ISO-10303-21;
